TAP version 13
# Subtest: main service revalidates account binding, expiry, started-work permission and logout without browser/token exposure
ok 1 - main service revalidates account binding, expiry, started-work permission and logout without browser/token exposure
  ---
  duration_ms: 20.5054
  type: 'test'
  ...
# Subtest: failed protected persistence does not secretly activate memory credentials after reporting login failure
ok 2 - failed protected persistence does not secretly activate memory credentials after reporting login failure
  ---
  duration_ms: 5.1476
  type: 'test'
  ...
# Subtest: unconfigured production login returns a precise unavailable result and does not open a system browser
ok 3 - unconfigured production login returns a precise unavailable result and does not open a system browser
  ---
  duration_ms: 1.3803
  type: 'test'
  ...
# Subtest: validated login waits for old-account persistence before replacing credentials and permissions
ok 4 - validated login waits for old-account persistence before replacing credentials and permissions
  ---
  duration_ms: 3.1599
  type: 'test'
  ...
# Subtest: a delayed old-account timestamp write cannot undo login
ok 5 - a delayed old-account timestamp write cannot undo login
  ---
  duration_ms: 98.1328
  type: 'test'
  ...
# Subtest: a delayed old-account timestamp write cannot undo logout
ok 6 - a delayed old-account timestamp write cannot undo logout
  ---
  duration_ms: 102.7254
  type: 'test'
  ...
# Subtest: signed offline activation lasts exactly 30 days and stops at the expiry boundary
ok 7 - signed offline activation lasts exactly 30 days and stops at the expiry boundary
  ---
  duration_ms: 16.7401
  type: 'test'
  ...
# Subtest: wrong signature, installation, key or product never grants activation; overlong permits are refused
ok 8 - wrong signature, installation, key or product never grants activation; overlong permits are refused
  ---
  duration_ms: 6.5943
  type: 'test'
  ...
# Subtest: clock rollback beyond five minutes requires online revalidation while retaining owned-data recovery
ok 9 - clock rollback beyond five minutes requires online revalidation while retaining owned-data recovery
  ---
  duration_ms: 3.0798
  type: 'test'
  ...
# Subtest: unavailable OS-protected storage keeps credentials in memory and creates no plaintext file
ok 10 - unavailable OS-protected storage keeps credentials in memory and creates no plaintext file
  ---
  duration_ms: 7.4059
  type: 'test'
  ...
# Subtest: actual original same and changed native restore retains an open menu and the original palette lifecycle
ok 11 - actual original same and changed native restore retains an open menu and the original palette lifecycle
  ---
  duration_ms: 42.2327
  type: 'test'
  ...
# Subtest: appearance staging cleanup removes only this uncommitted file, with generic atomic defaults unchanged
ok 12 - appearance staging cleanup removes only this uncommitted file, with generic atomic defaults unchanged
  ---
  duration_ms: 114.4669
  type: 'test'
  ...
# Subtest: transient replace refusal reuses one flushed file and commits exact appearance on the second attempt
ok 13 - transient replace refusal reuses one flushed file and commits exact appearance on the second attempt
  ---
  duration_ms: 43.5598
  type: 'test'
  ...
# Subtest: persistent replace refusal has three attempts, bounded delays, finite diagnostics and intact old bytes
ok 14 - persistent replace refusal has three attempts, bounded delays, finite diagnostics and intact old bytes
  ---
  duration_ms: 45.0594
  type: 'test'
  ...
# Subtest: retirement or Lock during an inter-attempt delay prevents a subsequent rename
ok 15 - retirement or Lock during an inter-attempt delay prevents a subsequent rename
  ---
  duration_ms: 94.8858
  type: 'test'
  ...
# Subtest: phase-hook refusals and unexpected rename errors are not retried
ok 16 - phase-hook refusals and unexpected rename errors are not retried
  ---
  duration_ms: 93.194
  type: 'test'
  ...
# Subtest: failure after committed rename is not replayed or described as retaining previous bytes
ok 17 - failure after committed rename is not replayed or described as retaining previous bytes
  ---
  duration_ms: 70.4793
  type: 'test'
  ...
# Subtest: durable readback mismatch refuses after one committed rename without deleting the target
ok 18 - durable readback mismatch refuses after one committed rename without deleting the target
  ---
  duration_ms: 125.5217
  type: 'test'
  ...
# Subtest: target ownership changed during retry is refused before a second rename
ok 19 - target ownership changed during retry is refused before a second rename
  ---
  duration_ms: 73.7034
  type: 'test'
  ...
# Subtest: generic atomic replacement still attempts once, and unsafe cleanup never masks the original failure
ok 20 - generic atomic replacement still attempts once, and unsafe cleanup never masks the original failure
  ---
  duration_ms: 169.3289
  type: 'test'
  ...
# Subtest: root-serialized appearance writes keep a later choice behind a bounded EBUSY retry
ok 21 - root-serialized appearance writes keep a later choice behind a bounded EBUSY retry
  ---
  duration_ms: 151.586
  type: 'test'
  ...
# Subtest: real private-shell store transaction loses captured authority during retry and cannot commit
ok 22 - real private-shell store transaction loses captured authority during retry and cannot commit
  ---
  duration_ms: 87.429
  type: 'test'
  ...
# Subtest: actual Windows denied Delete-sharing handle is released after a genuine rename EPERM, then production commit succeeds
ok 23 - actual Windows denied Delete-sharing handle is released after a genuine rename EPERM, then production commit succeeds
  ---
  duration_ms: 1005.9614
  type: 'test'
  ...
# Subtest: a delayed appearance read cannot overwrite a newer user choice
ok 24 - a delayed appearance read cannot overwrite a newer user choice
  ---
  duration_ms: 4.0528
  type: 'test'
  ...
# Subtest: overlapping theme writes defer polling and obsolete errors until the latest choice settles
ok 25 - overlapping theme writes defer polling and obsolete errors until the latest choice settles
  ---
  duration_ms: 1.7085
  type: 'test'
  ...
# Subtest: a pending or refused theme choice cannot manufacture native appearance admission
ok 26 - a pending or refused theme choice cannot manufacture native appearance admission
  ---
  duration_ms: 2.1056
  type: 'test'
  ...
# Subtest: original named themes retain their exact chrome colours without importing resources
ok 27 - original named themes retain their exact chrome colours without importing resources
  ---
  duration_ms: 1305.9481
  type: 'test'
  ...
# Subtest: native appearance carries original angular, rounded and glow metrics through the packed shell
ok 28 - native appearance carries original angular, rounded and glow metrics through the packed shell
  ---
  duration_ms: 2772.3404
  type: 'test'
  ...
# Subtest: appearance persists atomically, refuses stale writers and preserves corrupt records
ok 29 - appearance persists atomically, refuses stale writers and preserves corrupt records
  ---
  duration_ms: 109.9721
  type: 'test'
  ...
# Subtest: private shell refuses Audience, forged fields and callers retired during an await
ok 30 - private shell refuses Audience, forged fields and callers retired during an await
  ---
  duration_ms: 0.7857
  type: 'test'
  ...
# Subtest: shared asset insertion preserves closing-body literals inside renderer libraries
ok 31 - shared asset insertion preserves closing-body literals inside renderer libraries
  ---
  duration_ms: 1139.6623
  type: 'test'
  ...
# Subtest: shared stylesheet insertion preserves closing-head literals inside head libraries and CSP hashes
ok 32 - shared stylesheet insertion preserves closing-head literals inside head libraries and CSP hashes
  ---
  duration_ms: 1477.7603
  type: 'test'
  ...
# Subtest: corrupt appearance falls back without hiding navigation or overwriting the original record
ok 33 - corrupt appearance falls back without hiding navigation or overwriting the original record
  ---
  duration_ms: 0.4063
  type: 'test'
  ...
# Subtest: classic appearance bridge synchronizes every original theme route without autosaving a visual preference
ok 34 - classic appearance bridge synchronizes every original theme route without autosaving a visual preference
  ---
  duration_ms: 1.4533
  type: 'test'
  ...
# Subtest: accepted native appearance survives a later legacy startup theme and user selection can replace the owner
ok 35 - accepted native appearance survives a later legacy startup theme and user selection can replace the owner
  ---
  duration_ms: 1.0327
  type: 'test'
  ...
# Subtest: failed preference writes preserve finite native diagnostics without exposing paths or changing refusal
ok 36 - failed preference writes preserve finite native diagnostics without exposing paths or changing refusal
  ---
  duration_ms: 81.2166
  type: 'test'
  ...
# Subtest: confirmed desktop close selects matching real draft/clean flag, not merely a separate recovery checkpoint
ok 37 - confirmed desktop close selects matching real draft/clean flag, not merely a separate recovery checkpoint
  ---
  duration_ms: 484.1223
  type: 'test'
  ...
# Subtest: refused workspace close cannot mark clean exit or replace a recoverable draft
ok 38 - refused workspace close cannot mark clean exit or replace a recoverable draft
  ---
  duration_ms: 47.2785
  type: 'test'
  ...
# Subtest: close retains a larger recovery-only workspace instead of deleting its extra diagram
ok 39 - close retains a larger recovery-only workspace instead of deleting its extra diagram
  ---
  duration_ms: 325.9612
  type: 'test'
  ...
# Subtest: an acknowledged selected workspace retains the complete draft even when separate recovery-only requests refuse
ok 40 - an acknowledged selected workspace retains the complete draft even when separate recovery-only requests refuse
  ---
  duration_ms: 259.9635
  type: 'test'
  ...
# Subtest: a final selected-workspace refusal cannot be hidden by acknowledged recovery-only checkpoints
ok 41 - a final selected-workspace refusal cannot be hidden by acknowledged recovery-only checkpoints
  ---
  duration_ms: 355.2463
  type: 'test'
  ...
# Subtest: cancelled native transition selects a running marker without retaining a false clean-exit flag
ok 42 - cancelled native transition selects a running marker without retaining a false clean-exit flag
  ---
  duration_ms: 699.1549
  type: 'test'
  ...
# Subtest: repeated acknowledged close without edits preserves the complete selected snapshot and recovery timestamp
ok 43 - repeated acknowledged close without edits preserves the complete selected snapshot and recovery timestamp
  ---
  duration_ms: 782.3403
  type: 'test'
  ...
# Subtest: unchanged-close deduplication still commits changed view settings and private recovery data
ok 44 - unchanged-close deduplication still commits changed view settings and private recovery data
  ---
  duration_ms: 1064.8312
  type: 'test'
  ...
# Subtest: repeated close after an intentional draft shrink preserves the complete already-confirmed smaller snapshot
ok 45 - repeated close after an intentional draft shrink preserves the complete already-confirmed smaller snapshot
  ---
  duration_ms: 480.7536
  type: 'test'
  ...
# Subtest: close drains a newer queued save and acknowledges its exact bytes instead of rejecting supersession
ok 46 - close drains a newer queued save and acknowledges its exact bytes instead of rejecting supersession
  ---
  duration_ms: 4.7766
  type: 'test'
  ...
# Subtest: close waits for a newer workspace receipt queued during private recovery flush (confirmed)
ok 47 - close waits for a newer workspace receipt queued during private recovery flush (confirmed)
  ---
  duration_ms: 2.9306
  type: 'test'
  ...
# Subtest: close waits for a newer workspace receipt queued during private recovery flush (failed)
ok 48 - close waits for a newer workspace receipt queued during private recovery flush (failed)
  ---
  duration_ms: 2.5125
  type: 'test'
  ...
# Subtest: close refuses a newer failed receipt even if its own earlier save succeeded
ok 49 - close refuses a newer failed receipt even if its own earlier save succeeded
  ---
  duration_ms: 2.208
  type: 'test'
  ...
# Subtest: unchanged editor notifications cannot erase the completed Docs link result
ok 50 - unchanged editor notifications cannot erase the completed Docs link result
  ---
  duration_ms: 18.3436
  type: 'test'
  ...
# Subtest: actual new draft metrics and new stored version replace old action feedback
ok 51 - actual new draft metrics and new stored version replace old action feedback
  ---
  duration_ms: 0.9263
  type: 'test'
  ...
# Subtest: paused disposed and stale editor callbacks cannot publish or erase status
ok 52 - paused disposed and stale editor callbacks cannot publish or erase status
  ---
  duration_ms: 2.0806
  type: 'test'
  ...
# Subtest: finite shared commands preserve read-only, paused, saving and fenced mutation guards
ok 53 - finite shared commands preserve read-only, paused, saving and fenced mutation guards
  ---
  duration_ms: 1.9772
  type: 'test'
  ...
# Subtest: native target catalog returns only bounded matching row metadata and content CAS tokens
ok 54 - native target catalog returns only bounded matching row metadata and content CAS tokens
  ---
  duration_ms: 674.2226
  type: 'test'
  ...
# Subtest: unlinked Code lists selected-project documents as metadata only and creates through real native owner proof
ok 55 - unlinked Code lists selected-project documents as metadata only and creates through real native owner proof
  ---
  duration_ms: 1110.0172
  type: 'test'
  ...
# Subtest: explicit native link proves the real source commit, preserves historical bytes and refuses stale Docs CAS
ok 56 - explicit native link proves the real source commit, preserves historical bytes and refuses stale Docs CAS
  ---
  duration_ms: 1526.7802
  type: 'test'
  ...
# Subtest: finite Code-only boundary rejects Docs, subframes, pinned versions, Lock, paused owner and readonly admission
ok 57 - finite Code-only boundary rejects Docs, subframes, pinned versions, Lock, paused owner and readonly admission
  ---
  duration_ms: 831.2325
  type: 'test'
  ...
# Subtest: strict target request rejects inherited fields, getters, paths and over-budget offsets before mutation
ok 58 - strict target request rejects inherited fields, getters, paths and over-budget offsets before mutation
  ---
  duration_ms: 877.4513
  type: 'test'
  ...
# Subtest: pagination is bounded to 64 metadata targets and oversized catalog refuses rather than truncates silently
ok 59 - pagination is bounded to 64 metadata targets and oversized catalog refuses rather than truncates silently
  ---
  duration_ms: 1292.7585
  type: 'test'
  ...
# Subtest: new document catalog pages130 choices without private content and refuses forged new-row authority
ok 60 - new document catalog pages130 choices without private content and refuses forged new-row authority
  ---
  duration_ms: 1024.131
  type: 'test'
  ...
# Subtest: actual main mounts explicit Code/Docs channel, refuses readonly, refreshes selected native metadata only after a genuine manifest commit
ok 61 - actual main mounts explicit Code/Docs channel, refuses readonly, refreshes selected native metadata only after a genuine manifest commit
  ---
  duration_ms: 1817.4585
  type: 'test'
  ...
# Subtest: satellite preload exposes only finite explicit link methods and never a Docs snapshot or transition nonce
ok 62 - satellite preload exposes only finite explicit link methods and never a Docs snapshot or transition nonce
  ---
  duration_ms: 3.6103
  type: 'test'
  ...
# Subtest: source-backed Code editor build exists
ok 63 - source-backed Code editor build exists
  ---
  duration_ms: 0.9163
  type: 'test'
  ...
# Subtest: editor bundle is local, deterministic, retains notices and uses the frozen patched Python grammar
ok 64 - editor bundle is local, deterministic, retains notices and uses the frozen patched Python grammar
  ---
  duration_ms: 998.1381
  type: 'test'
  ...
# Subtest: trusted multiline beforeinput preserves blank LF at EOF as one ordinary undoable typed transaction
ok 65 - trusted multiline beforeinput preserves blank LF at EOF as one ordinary undoable typed transaction
  ---
  duration_ms: 5.2737
  type: 'test'
  ...
# Subtest: composition, untrusted/noncancelable events, single-line input, paste and disabled/read-only editing retain their existing handlers
ok 66 - composition, untrusted/noncancelable events, single-line input, paste and disabled/read-only editing retain their existing handlers
  ---
  duration_ms: 1.2324
  type: 'test'
  ...
# Subtest: normal selection replacement and multiple blank lines use exact state offsets and retain Unicode
ok 67 - normal selection replacement and multiple blank lines use exact state offsets and retain Unicode
  ---
  duration_ms: 0.6312
  type: 'test'
  ...
# Subtest: read-only toolbar focus retains selected range against delayed DOM selection after theme repaint
ok 68 - read-only toolbar focus retains selected range against delayed DOM selection after theme repaint
  ---
  duration_ms: 3.3439
  type: 'test'
  ...
# Subtest: pointer, keyboard, exact map navigation and writable selections remain available
ok 69 - pointer, keyboard, exact map navigation and writable selections remain available
  ---
  duration_ms: 0.7945
  type: 'test'
  ...
# Subtest: Code view lifecycle exists
ok 70 - Code view lifecycle exists
  ---
  duration_ms: 0.9094
  type: 'test'
  ...
# Subtest: flushView freezes first and drains all accepted editor edits before the downstream client
ok 71 - flushView freezes first and drains all accepted editor edits before the downstream client
  ---
  duration_ms: 1099.0973
  type: 'test'
  ...
# Subtest: failed flush retains optimistic text and cannot become a prepared or resumed view
ok 72 - failed flush retains optimistic text and cannot become a prepared or resumed view
  ---
  duration_ms: 251.7364
  type: 'test'
  ...
# Subtest: readonly view drains without a synthetic commit acknowledgement
ok 73 - readonly view drains without a synthetic commit acknowledgement
  ---
  duration_ms: 477.645
  type: 'test'
  ...
# Subtest: disposal while native work is pending never prepares a retired view
ok 74 - disposal while native work is pending never prepares a retired view
  ---
  duration_ms: 475.1093
  type: 'test'
  ...
# Subtest: a save observer admitting another edit cannot make incomplete local text look prepared
ok 75 - a save observer admitting another edit cannot make incomplete local text look prepared
  ---
  duration_ms: 682.7104
  type: 'test'
  ...
# Subtest: Presenter edits only its own diagram; native Diagram plays only its exact saved version without transporting private content
ok 76 - Presenter edits only its own diagram; native Diagram plays only its exact saved version without transporting private content
  ---
  duration_ms: 592.3652
  type: 'test'
  ...
# Subtest: forged peer/deck routes, stale save proofs, Audience writes and readonly/Lock/pending retirement cannot open editable content
ok 77 - forged peer/deck routes, stale save proofs, Audience writes and readonly/Lock/pending retirement cannot open editable content
  ---
  duration_ms: 1180.9181
  type: 'test'
  ...
# Subtest: desktop module entry cannot start a delayed legacy tour, while manual and standalone tours remain available
ok 78 - desktop module entry cannot start a delayed legacy tour, while manual and standalone tours remain available
  ---
  duration_ms: 1.5555
  type: 'test'
  ...
# Subtest: manual diagnostics are an allowlist with no project labels, source, account identity, path or credentials
ok 79 - manual diagnostics are an allowlist with no project labels, source, account identity, path or credentials
  ---
  duration_ms: 2.1411
  type: 'test'
  ...
# Subtest: diagnostic leakage admission rejects planted fields and token-like text even under an allowed runtime field
ok 80 - diagnostic leakage admission rejects planted fields and token-like text even under an allowed runtime field
  ---
  duration_ms: 1.0619
  type: 'test'
  ...
# Subtest: CI executes native Diagram Inspector and filters and copied original harness, retaining bounded original receipts on failure
ok 81 - CI executes native Diagram Inspector and filters and copied original harness, retaining bounded original receipts on failure
  ---
  duration_ms: 2.0722
  type: 'test'
  ...
# Subtest: CI rejects missing original execution, hidden copied failure or profile-wide evidence upload
ok 82 - CI rejects missing original execution, hidden copied failure or profile-wide evidence upload
  ---
  duration_ms: 2.4699
  type: 'test'
  ...
# Subtest: mounted Inspector pending fields refuse Save/history/source/Refresh/presentation and auto-refresh without dropping text
ok 83 - mounted Inspector pending fields refuse Save/history/source/Refresh/presentation and auto-refresh without dropping text
  ---
  duration_ms: 10.9211
  type: 'test'
  ...
# Subtest: common prepare refuses pending Inspector while hiding content; rollback restores fields; source/error invalidation retires selection
ok 84 - common prepare refuses pending Inspector while hiding content; rollback restores fields; source/error invalidation retires selection
  ---
  duration_ms: 3.7415
  type: 'test'
  ...
# Subtest: annotation module and metadata contract belong to native Diagram only; overlays preserve preview height
ok 85 - annotation module and metadata contract belong to native Diagram only; overlays preserve preview height
  ---
  duration_ms: 4.5387
  type: 'test'
  ...
# Subtest: new annotation controls occupy overlay chrome without adding another preview toolbar row
ok 86 - new annotation controls occupy overlay chrome without adding another preview toolbar row
  ---
  duration_ms: 1.0006
  type: 'test'
  ...
# Subtest: overlay controls and form content keep their pointer/wheel gestures instead of canvas capture or zoom
ok 87 - overlay controls and form content keep their pointer/wheel gestures instead of canvas capture or zoom
  ---
  duration_ms: 1.8326
  type: 'test'
  ...
# Subtest: pending metadata survives repaint/invalidation/Lock rollback and guard never autoapplies
ok 88 - pending metadata survives repaint/invalidation/Lock rollback and guard never autoapplies
  ---
  duration_ms: 4.0442
  type: 'test'
  ...
# Subtest: Apply rejection retains exact invalid field and Cancel restores saved values
ok 89 - Apply rejection retains exact invalid field and Cancel restores saved values
  ---
  duration_ms: 1.8206
  type: 'test'
  ...
# Subtest: readonly inspection does not delegate edits and unsupported imported values remain inert
ok 90 - readonly inspection does not delegate edits and unsupported imported values remain inert
  ---
  duration_ms: 1.4851
  type: 'test'
  ...
# Subtest: facets use exact Unicode values, AND across fields, OR within fields; reset preserves SVG and project
ok 91 - facets use exact Unicode values, AND across fields, OR within fields; reset preserves SVG and project
  ---
  duration_ms: 11.6737
  type: 'test'
  ...
# Subtest: projection uses numeric child paths, preserves source opacity, deduplicates nested unmatched groups
ok 92 - projection uses numeric child paths, preserves source opacity, deduplicates nested unmatched groups
  ---
  duration_ms: 1.2667
  type: 'test'
  ...
# Subtest: unmatched semantic container with matching descendant is retained as context and reported
ok 93 - unmatched semantic container with matching descendant is retained as context and reported
  ---
  duration_ms: 1.8937
  type: 'test'
  ...
# Subtest: target cap and eight-group cap are truthful, stale/disconnected groups cannot be edited
ok 94 - target cap and eight-group cap are truthful, stale/disconnected groups cannot be edited
  ---
  duration_ms: 17.159
  type: 'test'
  ...
# Subtest: toolbar pointerdown preserves active editor focus; pending selection/closing refuses
ok 95 - toolbar pointerdown preserves active editor focus; pending selection/closing refuses
  ---
  duration_ms: 2.2817
  type: 'test'
  ...
# Subtest: local filters and selections isolate between controller instances and dispose removes only owned CSS
ok 96 - local filters and selections isolate between controller instances and dispose removes only owned CSS
  ---
  duration_ms: 2.9958
  type: 'test'
  ...
# Subtest: excluded long semantic IDs and protected inline opacity are reported as partial coverage
ok 97 - excluded long semantic IDs and protected inline opacity are reported as partial coverage
  ---
  duration_ms: 1.8187
  type: 'test'
  ...
# Subtest: computed readback reports author-stylesheet precedence instead of claiming all unmatched groups dim
ok 98 - computed readback reports author-stylesheet precedence instead of claiming all unmatched groups dim
  ---
  duration_ms: 1.7246
  type: 'test'
  ...
# Subtest: a repaint captures the potentially large diagram once, not once per facet value
ok 99 - a repaint captures the potentially large diagram once, not once per facet value
  ---
  duration_ms: 1.3333
  type: 'test'
  ...
# Subtest: unsupported retained managed fields are immutable while valid fields on the same node remain editable
ok 100 - unsupported retained managed fields are immutable while valid fields on the same node remain editable
  ---
  duration_ms: 1.7569
  type: 'test'
  ...
# Subtest: disabled retained overlength values have bounded previews without rewriting the saved value
ok 101 - disabled retained overlength values have bounded previews without rewriting the saved value
  ---
  duration_ms: 2.2637
  type: 'test'
  ...
# Subtest: working context with another editor pending is not mislabelled read only
ok 102 - working context with another editor pending is not mislabelled read only
  ---
  duration_ms: 1.1184
  type: 'test'
  ...
# Subtest: native textarea type is getter-only; Evidence mounts and preserves multiline input
ok 103 - native textarea type is getter-only; Evidence mounts and preserves multiline input
  ---
  duration_ms: 1.3457
  type: 'test'
  ...
# Subtest: actual style adapter cap discloses admitted coverage even when upstream already truncated 251 IDs
ok 104 - actual style adapter cap discloses admitted coverage even when upstream already truncated 251 IDs
  ---
  duration_ms: 16.0552
  type: 'test'
  ...
# Subtest: real Build controller selects rendered blocks, applies label/shape without automatic persistence and refuses stale fields
ok 105 - real Build controller selects rendered blocks, applies label/shape without automatic persistence and refuses stale fields
  ---
  duration_ms: 13.2469
  type: 'test'
  ...
# Subtest: tentative Add/Connect fields refuse Lock-style commit until explicitly applied or cancelled; new blocks retain original source
ok 106 - tentative Add/Connect fields refuse Lock-style commit until explicitly applied or cancelled; new blocks retain original source
  ---
  duration_ms: 3.9174
  type: 'test'
  ...
# Subtest: Build edits actual block declarations and link endpoints without changing imported colours/frontmatter/comments or unselected nodes
ok 107 - Build edits actual block declarations and link endpoints without changing imported colours/frontmatter/comments or unselected nodes
  ---
  duration_ms: 15.8476
  type: 'test'
  ...
# Subtest: Build adds bounded new blocks/connections and direction, refuses collisions/unsupported diagram grammars and retains source
ok 108 - Build adds bounded new blocks/connections and direction, refuses collisions/unsupported diagram grammars and retains source
  ---
  duration_ms: 3.4845
  type: 'test'
  ...
# Subtest: append leaves FIFO before genuine working admission and leaves the origin grant/save intact
ok 109 - append leaves FIFO before genuine working admission and leaves the origin grant/save intact
  ---
  duration_ms: 820.9484
  type: 'test'
  ...
# Subtest: same-operation concurrent requests and retry reuse one admitted window without reloading its draft
ok 110 - same-operation concurrent requests and retry reuse one admitted window without reloading its draft
  ---
  duration_ms: 758.4738
  type: 'test'
  ...
# Subtest: Home empty entity grant may create, while Docs/Code and unknown methods cannot
ok 111 - Home empty entity grant may create, while Docs/Code and unknown methods cannot
  ---
  duration_ms: 492.6267
  type: 'test'
  ...
# Subtest: browse is bounded and allowed independently of creation; malformed options do not execute getters
ok 112 - browse is bounded and allowed independently of creation; malformed options do not execute getters
  ---
  duration_ms: 439.7941
  type: 'test'
  ...
# Subtest: factory failure retains persistence and exact-operation retry opens it without another append
ok 113 - factory failure retains persistence and exact-operation retry opens it without another append
  ---
  duration_ms: 699.4439
  type: 'test'
  ...
# Subtest: later edited sibling opens current version while historical birth stays version one
ok 114 - later edited sibling opens current version while historical birth stays version one
  ---
  duration_ms: 894.4053
  type: 'test'
  ...
# Subtest: deleted sibling is not resurrected or opened by historical operation replay
ok 115 - deleted sibling is not resurrected or opened by historical operation replay
  ---
  duration_ms: 923.1859
  type: 'test'
  ...
# Subtest: suspended factory cannot publish a new window after pause and rollback
ok 116 - suspended factory cannot publish a new window after pause and rollback
  ---
  duration_ms: 678.3704
  type: 'test'
  ...
# Subtest: suspended factory cannot publish a new window after roster and rollback
ok 117 - suspended factory cannot publish a new window after roster and rollback
  ---
  duration_ms: 632.0942
  type: 'test'
  ...
# Subtest: suspended factory cannot publish a new window after dispose and rollback
ok 118 - suspended factory cannot publish a new window after dispose and rollback
  ---
  duration_ms: 559.49
  type: 'test'
  ...
# Subtest: admission or show failure destroys only its newly opened native surface and retains creation
ok 119 - admission or show failure destroys only its newly opened native surface and retains creation
  ---
  duration_ms: 713.1944
  type: 'test'
  ...
# Subtest: failed destruction is reported and fences native operation instead of losing the handle
ok 120 - failed destruction is reported and fences native operation instead of losing the handle
  ---
  duration_ms: 654.8528
  type: 'test'
  ...
# Subtest: native domain exposes a separate catalogue append method
ok 121 - native domain exposes a separate catalogue append method
  ---
  duration_ms: 1.2455
  type: 'test'
  ...
# Subtest: append preserves the complete storage envelope, source references and opaque existing marker keys
ok 122 - append preserves the complete storage envelope, source references and opaque existing marker keys
  ---
  duration_ms: 520.4009
  type: 'test'
  ...
# Subtest: append preserves the complete state envelope, source references and opaque existing marker keys
ok 123 - append preserves the complete state envelope, source references and opaque existing marker keys
  ---
  duration_ms: 407.8497
  type: 'test'
  ...
# Subtest: append preserves the complete direct envelope, source references and opaque existing marker keys
ok 124 - append preserves the complete direct envelope, source references and opaque existing marker keys
  ---
  duration_ms: 699.4295
  type: 'test'
  ...
# Subtest: B then C and exact retry append once each without overwriting markers or selecting old revisions
ok 125 - B then C and exact retry append once each without overwriting markers or selecting old revisions
  ---
  duration_ms: 815.5069
  type: 'test'
  ...
# Subtest: creation replay after origin and new diagram edits keeps current versions and historical birth separate
ok 126 - creation replay after origin and new diagram edits keeps current versions and historical birth separate
  ---
  duration_ms: 1038.0411
  type: 'test'
  ...
# Subtest: replay of deleted creation acknowledges history but never resurrects or advertises current availability
ok 127 - replay of deleted creation acknowledges history but never resurrects or advertises current availability
  ---
  duration_ms: 801.5128
  type: 'test'
  ...
# Subtest: changed operation reuse and a foreign existing edit operation refuse without UUID or mutation
ok 128 - changed operation reuse and a foreign existing edit operation refuse without UUID or mutation
  ---
  duration_ms: 703.3032
  type: 'test'
  ...
# Subtest: arbitrary payload/getter/prototype/unknown entry refuses before allocation or evaluation
ok 129 - arbitrary payload/getter/prototype/unknown entry refuses before allocation or evaluation
  ---
  duration_ms: 458.5918
  type: 'test'
  ...
# Subtest: malformed or duplicate raw diagrams containers refuse without normalizing unrelated saved data
ok 130 - malformed or duplicate raw diagrams containers refuse without normalizing unrelated saved data
  ---
  duration_ms: 2422.4329
  type: 'test'
  ...
# Subtest: a missing diagrams field is an explicit empty project case; desktop missing-primary bags are refused
ok 131 - a missing diagrams field is an explicit empty project case; desktop missing-primary bags are refused
  ---
  duration_ms: 1333.3015
  type: 'test'
  ...
# Subtest: imported matching-operation marker is opaque and cannot prove creation or trigger a second append
ok 132 - imported matching-operation marker is opaque and cannot prove creation or trigger a second append
  ---
  duration_ms: 526.4479
  type: 'test'
  ...
# Subtest: missing selected parent history refuses replay rather than duplicating an existing creation
ok 133 - missing selected parent history refuses replay rather than duplicating an existing creation
  ---
  duration_ms: 947.5528
  type: 'test'
  ...
# Subtest: validation rejection, schema1 and revocation before native selection preserve exact selected bytes
ok 134 - validation rejection, schema1 and revocation before native selection preserve exact selected bytes
  ---
  duration_ms: 1815.494
  type: 'test'
  ...
# Subtest: recovery failure truthfully acknowledges committed data as recovery-degraded and exact replay
ok 135 - recovery failure truthfully acknowledges committed data as recovery-degraded and exact replay
  ---
  duration_ms: 495.2494
  type: 'test'
  ...
# Subtest: append-only count ceiling accepts9999→10000 and refuses10000→10001 without lowering read compatibility
ok 136 - append-only count ceiling accepts9999→10000 and refuses10000→10001 without lowering read compatibility
  ---
  duration_ms: 1160.5588
  type: 'test'
  ...
# Subtest: selected ancestry read can enforce a native-only retained-record budget before reading extra files
ok 137 - selected ancestry read can enforce a native-only retained-record budget before reading extra files
  ---
  duration_ms: 493.851
  type: 'test'
  ...
# Subtest: Home catalogue assets have exact local SRI/CSP and do not enlarge the inline startup
ok 138 - Home catalogue assets have exact local SRI/CSP and do not enlarge the inline startup
  ---
  duration_ms: 70.5685
  type: 'test'
  ...
# Subtest: new local resources reject queries, hashes, encoding aliases, traversal and unrelated assets
ok 139 - new local resources reject queries, hashes, encoding aliases, traversal and unrelated assets
  ---
  duration_ms: 20.8109
  type: 'test'
  ...
# Subtest: CI runs real catalogue controls in development and isolated copied preview, retaining only scoped evidence
ok 140 - CI runs real catalogue controls in development and isolated copied preview, retaining only scoped evidence
  ---
  duration_ms: 2.0323
  type: 'test'
  ...
# Subtest: CI rejects omitted copied execution, swallowed failure and profile-wide upload
ok 141 - CI rejects omitted copied execution, swallowed failure and profile-wide upload
  ---
  duration_ms: 2.9248
  type: 'test'
  ...
# Subtest: focus capture is idempotent, restores selection before releasing and preserves mounted pending fields
ok 142 - focus capture is idempotent, restores selection before releasing and preserves mounted pending fields
  ---
  duration_ms: 2.1938
  type: 'test'
  ...
# Subtest: successful separate opening does not steal focus; lease retires on genuine window return
ok 143 - successful separate opening does not steal focus; lease retires on genuine window return
  ---
  duration_ms: 1.5067
  type: 'test'
  ...
# Subtest: context change, pause, disposal and hidden Lock cannot restore private content
ok 144 - context change, pause, disposal and hidden Lock cannot restore private content
  ---
  duration_ms: 3.0291
  type: 'test'
  ...
# Subtest: composition prevents acquisition before focus moves and disabled contexts cannot acquire
ok 145 - composition prevents acquisition before focus moves and disabled contexts cannot acquire
  ---
  duration_ms: 0.8824
  type: 'test'
  ...
# Subtest: genuine origin focus returning before the create response restores its field when success closes the catalogue
ok 146 - genuine origin focus returning before the create response restores its field when success closes the catalogue
  ---
  duration_ms: 0.8973
  type: 'test'
  ...
# Subtest: actual main channel tracks the full append AND suspended admission; private flush cannot create
ok 147 - actual main channel tracks the full append AND suspended admission; private flush cannot create
  ---
  duration_ms: 728.8639
  type: 'test'
  ...
# Subtest: actual preload.cjs exposes only finite catalogue browse/create and no flushing identity
ok 148 - actual preload.cjs exposes only finite catalogue browse/create and no flushing identity
  ---
  duration_ms: 3.6943
  type: 'test'
  ...
# Subtest: actual windows/preload.cjs exposes only finite catalogue browse/create and no flushing identity
ok 149 - actual windows/preload.cjs exposes only finite catalogue browse/create and no flushing identity
  ---
  duration_ms: 2.2026
  type: 'test'
  ...
# Subtest: full main-derived birth marker is verified independently of legitimate later diagram edits
ok 150 - full main-derived birth marker is verified independently of legitimate later diagram edits
  ---
  duration_ms: 565.1837
  type: 'test'
  ...
# Subtest: catalogue append is its own owner action and preserves a later origin save at its original version
ok 151 - catalogue append is its own owner action and preserves a later origin save at its original version
  ---
  duration_ms: 679.8882
  type: 'test'
  ...
# Subtest: authentic empty-grant Home can append; Docs/Code/unadmitted Diagram and cloned grant cannot
ok 152 - authentic empty-grant Home can append; Docs/Code/unadmitted Diagram and cloned grant cannot
  ---
  duration_ms: 469.8872
  type: 'test'
  ...
# Subtest: same-operation concurrent append requests serialize and create one retained entity
ok 153 - same-operation concurrent append requests serialize and create one retained entity
  ---
  duration_ms: 697.4645
  type: 'test'
  ...
# Subtest: a genuine private flush nonce never authorizes catalogue append
ok 154 - a genuine private flush nonce never authorizes catalogue append
  ---
  duration_ms: 614.4753
  type: 'test'
  ...
# Subtest: a queued append cannot revive after pause/resume while an earlier operation is suspended
ok 155 - a queued append cannot revive after pause/resume while an earlier operation is suspended
  ---
  duration_ms: 474.655
  type: 'test'
  ...
# Subtest: an intervening roster freeze and release permanently revokes a suspended append
ok 156 - an intervening roster freeze and release permanently revokes a suspended append
  ---
  duration_ms: 442.9563
  type: 'test'
  ...
# Subtest: captured admission guards reject forged captures and do not revive after roster rollback
ok 157 - captured admission guards reject forged captures and do not revive after roster rollback
  ---
  duration_ms: 503.8946
  type: 'test'
  ...
# Subtest: finite owner projection refuses an adapter answer with extra private fields or invalid birth/current versions
ok 158 - finite owner projection refuses an adapter answer with extra private fields or invalid birth/current versions
  ---
  duration_ms: 526.4958
  type: 'test'
  ...
# Subtest: catalogue action consumes the existing owner queue request/byte budgets
ok 159 - catalogue action consumes the existing owner queue request/byte budgets
  ---
  duration_ms: 1063.4607
  type: 'test'
  ...
# Subtest: opening browses only a bounded page; selecting previews literal source without rendering, mutation or implicit creation
ok 160 - opening browses only a bounded page; selecting previews literal source without rendering, mutation or implicit creation
  ---
  duration_ms: 7.1867
  type: 'test'
  ...
# Subtest: opening moves keyboard focus to Cancel before loading; reopening an open catalogue does not steal an edited title focus
ok 161 - opening moves keyboard focus to Cancel before loading; reopening an open catalogue does not steal an edited title focus
  ---
  duration_ms: 2.1135
  type: 'test'
  ...
# Subtest: creation sends only the selected entry, exact title and UUID; successful opening closes without restoring origin focus
ok 162 - creation sends only the selected entry, exact title and UUID; successful opening closes without restoring origin focus
  ---
  duration_ms: 2.8285
  type: 'test'
  ...
# Subtest: saved but unopened retains exact operation for deliberate retry and never reports that creation failed
ok 163 - saved but unopened retains exact operation for deliberate retry and never reports that creation failed
  ---
  duration_ms: 2.3452
  type: 'test'
  ...
# Subtest: rejected and unsuccessful requests retain the exact operation, with no automatic retry
ok 164 - rejected and unsuccessful requests retain the exact operation, with no automatic retry
  ---
  duration_ms: 2.183
  type: 'test'
  ...
# Subtest: changing selection or title after a failure creates a fresh operation, while repeated selection preserves it
ok 165 - changing selection or title after a failure creates a fresh operation, while repeated selection preserves it
  ---
  duration_ms: 2.3524
  type: 'test'
  ...
# Subtest: busy creation blocks duplicate sends, title edits, selection and paging without queuing future work
ok 166 - busy creation blocks duplicate sends, title edits, selection and paging without queuing future work
  ---
  duration_ms: 1.8113
  type: 'test'
  ...
# Subtest: paging replaces rows instead of accumulating sources; filters reset to the first page and show honest group labels
ok 167 - paging replaces rows instead of accumulating sources; filters reset to the first page and show honest group labels
  ---
  duration_ms: 4.267
  type: 'test'
  ...
# Subtest: read-only browsing explains creation restrictions and cannot send a forged click
ok 168 - read-only browsing explains creation restrictions and cannot send a forged click
  ---
  duration_ms: 1.5992
  type: 'test'
  ...
# Subtest: invalid title never mutates; blank resets to a useful selected title and overlong or malformed title is refused
ok 169 - invalid title never mutates; blank resets to a useful selected title and overlong or malformed title is refused
  ---
  duration_ms: 1.699
  type: 'test'
  ...
# Subtest: cancel invalidates pending replies and clears private source; a later open cannot be closed by the old mutation
ok 170 - cancel invalidates pending replies and clears private source; a later open cannot be closed by the old mutation
  ---
  duration_ms: 1.2449
  type: 'test'
  ...
# Subtest: pause and dispose reject stale page responses, remove listeners, clear all private previews and never restore focus
ok 171 - pause and dispose reject stale page responses, remove listeners, clear all private previews and never restore focus
  ---
  duration_ms: 1.5003
  type: 'test'
  ...
# Subtest: permission revocation rejects late mutation results and prevents new operations until root pauses or closes
ok 172 - permission revocation rejects late mutation results and prevents new operations until root pauses or closes
  ---
  duration_ms: 1.3551
  type: 'test'
  ...
# Subtest: malformed or oversized pages and duplicate rows are refused before their contents reach the preview
ok 173 - malformed or oversized pages and duplicate rows are refused before their contents reach the preview
  ---
  duration_ms: 5.3369
  type: 'test'
  ...
# Subtest: failed browsing remains retryable without exposing errors or automatically fetching again
ok 174 - failed browsing remains retryable without exposing errors or automatically fetching again
  ---
  duration_ms: 1.0943
  type: 'test'
  ...
# Subtest: saved but unavailable is distinguished from failure and malformed success cannot navigate or close
ok 175 - saved but unavailable is distinguished from failure and malformed success cannot navigate or close
  ---
  duration_ms: 3.3676
  type: 'test'
  ...
# Subtest: Escape cancels exactly once, repeated open adds no listeners or fetch and each view owns its private controls
ok 176 - Escape cancels exactly once, repeated open adds no listeners or fetch and each view owns its private controls
  ---
  duration_ms: 2.4335
  type: 'test'
  ...
# Subtest: reopening after pause or cancel keeps a single host class and a bounded listener set
ok 177 - reopening after pause or cancel keeps a single host class and a bounded listener set
  ---
  duration_ms: 2.9464
  type: 'test'
  ...
# Subtest: reselecting an already saved entry retains its saved/open-failed explanation and exact retry
ok 178 - reselecting an already saved entry retains its saved/open-failed explanation and exact retry
  ---
  duration_ms: 1.7244
  type: 'test'
  ...
# Subtest: editing a title during read-only browsing retains the read-only explanation
ok 179 - editing a title during read-only browsing retains the read-only explanation
  ---
  duration_ms: 2.2217
  type: 'test'
  ...
# Subtest: all real frozen catalogue rows retain exact source and finite page behavior in the actual renderer controller
ok 180 - all real frozen catalogue rows retain exact source and finite page behavior in the actual renderer controller
  ---
  duration_ms: 4.5615
  type: 'test'
  ...
# Subtest: trusted future catalogue additions enforce the actual newline budget in the shared factory
ok 181 - trusted future catalogue additions enforce the actual newline budget in the shared factory
  ---
  duration_ms: 4.8077
  type: 'test'
  ...
# Subtest: catalogue exposes deeply frozen finite data with explicit reference provenance
ok 182 - catalogue exposes deeply frozen finite data with explicit reference provenance
  ---
  duration_ms: 0.7678
  type: 'test'
  ...
# Subtest: all literal catalogue sources match the frozen HTML exactly without executing it
ok 183 - all literal catalogue sources match the frozen HTML exactly without executing it
  ---
  duration_ms: 45.0839
  type: 'test'
  ...
# Subtest: bounded catalogue pages retain exact ordered entries without omission or duplication
ok 184 - bounded catalogue pages retain exact ordered entries without omission or duplication
  ---
  duration_ms: 1.6625
  type: 'test'
  ...
# Subtest: starter/template filters use catalogue positions and independent finite cursors
ok 185 - starter/template filters use catalogue positions and independent finite cursors
  ---
  duration_ms: 0.7142
  type: 'test'
  ...
# Subtest: unknown, malformed, prototype-like and non-scalar IDs never resolve as catalogue entries
ok 186 - unknown, malformed, prototype-like and non-scalar IDs never resolve as catalogue entries
  ---
  duration_ms: 1.3941
  type: 'test'
  ...
# Subtest: page rejects unbounded or descriptor-backed options without running getters
ok 187 - page rejects unbounded or descriptor-backed options without running getters
  ---
  duration_ms: 0.6128
  type: 'test'
  ...
# Subtest: creation request retains literal Unicode title and operation identity without taking source authority
ok 188 - creation request retains literal Unicode title and operation identity without taking source authority
  ---
  duration_ms: 0.575
  type: 'test'
  ...
# Subtest: creation refuses extra authority, inheritance, getters and symbols without coercion
ok 189 - creation refuses extra authority, inheritance, getters and symbols without coercion
  ---
  duration_ms: 0.6801
  type: 'test'
  ...
# Subtest: creation validates finite title, operation identity and allowlisted entry without normalization
ok 190 - creation validates finite title, operation identity and allowlisted entry without normalization
  ---
  duration_ms: 0.8457
  type: 'test'
  ...
# Subtest: capability notes distinguish source editing from semantic mouse authoring without claiming render evidence
ok 191 - capability notes distinguish source editing from semantic mouse authoring without claiming render evidence
  ---
  duration_ms: 0.5508
  type: 'test'
  ...
# Subtest: every advertised source fits honest immutable catalogue budgets
ok 192 - every advertised source fits honest immutable catalogue budgets
  ---
  duration_ms: 0.3092
  type: 'test'
  ...
# Subtest: browser injection uses the identical self-contained factory with inert literal sources
ok 193 - browser injection uses the identical self-contained factory with inert literal sources
  ---
  duration_ms: 4.5373
  type: 'test'
  ...
# Subtest: source and style changes save as one exact typed transaction; no style edit can escape readonly/pending/conflict fences
ok 194 - source and style changes save as one exact typed transaction; no style edit can escape readonly/pending/conflict fences
  ---
  duration_ms: 12.2455
  type: 'test'
  ...
# Subtest: working Diagram sends source-only typed CAS and accepts only exact source/entity/version/hash receipts
ok 195 - working Diagram sends source-only typed CAS and accepts only exact source/entity/version/hash receipts
  ---
  duration_ms: 5.4494
  type: 'test'
  ...
# Subtest: stale Diagram saves retain and fence local source; frozen validation refusal remains correctable without a blind fresh-version retry
ok 196 - stale Diagram saves retain and fence local source; frozen validation refusal remains correctable without a blind fresh-version retry
  ---
  duration_ms: 3.177
  type: 'test'
  ...
# Subtest: Diagram Lock waits its real pending save, rollback releases input state and a late refused receipt cannot clear local source
ok 197 - Diagram Lock waits its real pending save, rollback releases input state and a late refused receipt cannot clear local source
  ---
  duration_ms: 1.4483
  type: 'test'
  ...
# Subtest: a failed client hash check cannot report a successful save or silently permit a new operation after uncertain commit
ok 198 - a failed client hash check cannot report a successful save or silently permit a new operation after uncertain commit
  ---
  duration_ms: 1.5059
  type: 'test'
  ...
# Subtest: only a clean preparing Diagram may reread its exact newer native entity before flush; dirty conflicts retain their original source
ok 199 - only a clean preparing Diagram may reread its exact newer native entity before flush; dirty conflicts retain their original source
  ---
  duration_ms: 4.6995
  type: 'test'
  ...
# Subtest: a queued same-diagram save between clean read and flush permits one read-only recapture, never a blind mutation retry
ok 200 - a queued same-diagram save between clean read and flush permits one read-only recapture, never a blind mutation retry
  ---
  duration_ms: 2.8798
  type: 'test'
  ...
# Subtest: native diagram engine carries exact pinned Mermaid/ELK scripts and notices without the full application startup
ok 201 - native diagram engine carries exact pinned Mermaid/ELK scripts and notices without the full application startup
  ---
  duration_ms: 3714.5969
  type: 'test'
  ...
# Subtest: tampered frozen input cannot emit a native diagram engine or substitute an external-host build
ok 202 - tampered frozen input cannot emit a native diagram engine or substitute an external-host build
  ---
  duration_ms: 34.2151
  type: 'test'
  ...
# Subtest: native Diagram builds only the frozen engines and selected view with exact CSP script identities
ok 203 - native Diagram builds only the frozen engines and selected view with exact CSP script identities
  ---
  duration_ms: 5480.5632
  type: 'test'
  ...
# Subtest: isolated SVG entry freezes style and engine fragments with exact CSP hashes and no full application or preload startup
ok 204 - isolated SVG entry freezes style and engine fragments with exact CSP hashes and no full application or preload startup
  ---
  duration_ms: 1776.7161
  type: 'test'
  ...
# Subtest: guided lease retains valid pending DOM/value/selection and restores before release
ok 205 - guided lease retains valid pending DOM/value/selection and restores before release
  ---
  duration_ms: 13.5052
  type: 'test'
  ...
# Subtest: guided lease retains invalid error and explicit prepare commit still refuses
ok 206 - guided lease retains invalid error and explicit prepare commit still refuses
  ---
  duration_ms: 3.9638
  type: 'test'
  ...
# Subtest: guided explicit commit applies exactly once while leased and retire never applies
ok 207 - guided explicit commit applies exactly once while leased and retire never applies
  ---
  duration_ms: 4.0832
  type: 'test'
  ...
# Subtest: guided changed context/source and disposed controller never restore old focus
ok 208 - guided changed context/source and disposed controller never restore old focus
  ---
  duration_ms: 6.6726
  type: 'test'
  ...
# Subtest: guided actual composition lifecycle refuses acquisition and commit until completion
ok 209 - guided actual composition lifecycle refuses acquisition and commit until completion
  ---
  duration_ms: 3.961
  type: 'test'
  ...
# Subtest: style lease retains valid pending DOM/value/selection and restores before release
ok 210 - style lease retains valid pending DOM/value/selection and restores before release
  ---
  duration_ms: 3.7801
  type: 'test'
  ...
# Subtest: style lease retains invalid error and explicit prepare commit still refuses
ok 211 - style lease retains invalid error and explicit prepare commit still refuses
  ---
  duration_ms: 4.0996
  type: 'test'
  ...
# Subtest: style explicit commit applies exactly once while leased and retire never applies
ok 212 - style explicit commit applies exactly once while leased and retire never applies
  ---
  duration_ms: 2.5673
  type: 'test'
  ...
# Subtest: style changed context/source and disposed controller never restore old focus
ok 213 - style changed context/source and disposed controller never restore old focus
  ---
  duration_ms: 8.9085
  type: 'test'
  ...
# Subtest: style actual composition lifecycle refuses acquisition and commit until completion
ok 214 - style actual composition lifecycle refuses acquisition and commit until completion
  ---
  duration_ms: 2.6996
  type: 'test'
  ...
# Subtest: Guided choice change is suspended but explicit Escape cancels with no draft mutation
ok 215 - Guided choice change is suspended but explicit Escape cancels with no draft mutation
  ---
  duration_ms: 4.5918
  type: 'test'
  ...
# Subtest: Style target and colour changes during lease cannot apply pending text or mutate colours
ok 216 - Style target and colour changes during lease cannot apply pending text or mutate colours
  ---
  duration_ms: 2.4397
  type: 'test'
  ...
# Subtest: disposed Guided field cannot apply retained private input through a late blur
ok 217 - disposed Guided field cannot apply retained private input through a late blur
  ---
  duration_ms: 2.1111
  type: 'test'
  ...
# Subtest: guided suspended private or disabled field refuses restoration without focus
ok 218 - guided suspended private or disabled field refuses restoration without focus
  ---
  duration_ms: 5.5747
  type: 'test'
  ...
# Subtest: style suspended private or disabled field refuses restoration without focus
ok 219 - style suspended private or disabled field refuses restoration without focus
  ---
  duration_ms: 5.0619
  type: 'test'
  ...
# Subtest: Style repaint during external focus cannot replace live colour preview or field error DOM
ok 220 - Style repaint during external focus cannot replace live colour preview or field error DOM
  ---
  duration_ms: 2.0742
  type: 'test'
  ...
# Subtest: guided equal-source replacement cannot apply retained pending input after refused lease restoration
ok 221 - guided equal-source replacement cannot apply retained pending input after refused lease restoration
  ---
  duration_ms: 3.7913
  type: 'test'
  ...
# Subtest: guided explicit commit and repaint refuse old private fields in equal-source replacement context
ok 222 - guided explicit commit and repaint refuse old private fields in equal-source replacement context
  ---
  duration_ms: 2.2151
  type: 'test'
  ...
# Subtest: style equal-source replacement cannot apply retained pending input after refused lease restoration
ok 223 - style equal-source replacement cannot apply retained pending input after refused lease restoration
  ---
  duration_ms: 1.8312
  type: 'test'
  ...
# Subtest: style explicit commit and repaint refuse old private fields in equal-source replacement context
ok 224 - style explicit commit and repaint refuse old private fields in equal-source replacement context
  ---
  duration_ms: 1.9781
  type: 'test'
  ...
# Subtest: Guided blur applies once without stealing external control focus; keyboard and explicit commit return focus to the chip
ok 225 - Guided blur applies once without stealing external control focus; keyboard and explicit commit return focus to the chip
  ---
  duration_ms: 22.3577
  type: 'test'
  ...
# Subtest: real Guided controller retains invalid, stale and refused fields across repaint/pause; Escape cancels without changing source
ok 226 - real Guided controller retains invalid, stale and refused fields across repaint/pause; Escape cancels without changing source
  ---
  duration_ms: 9.259
  type: 'test'
  ...
# Subtest: actual Guided inline field commits once and preserves every other line; readonly never opens an editor
ok 227 - actual Guided inline field commits once and preserves every other line; readonly never opens an editor
  ---
  duration_ms: 3.2473
  type: 'test'
  ...
# Subtest: actual Guided mounts at most 64 rows and keeps a tentative field when source notification tries to repaint
ok 228 - actual Guided mounts at most 64 rows and keeps a tentative field when source notification tries to repaint
  ---
  duration_ms: 2.8031
  type: 'test'
  ...
# Subtest: frozen Guided parses flowchart chips/inline labels while preserving complete CRLF, frontmatter and unknown syntax
ok 229 - frozen Guided parses flowchart chips/inline labels while preserving complete CRLF, frontmatter and unknown syntax
  ---
  duration_ms: 200.5782
  type: 'test'
  ...
# Subtest: Guided single-field edits preserve imported colour lines and unrelated labels and escape executable/literal input
ok 230 - Guided single-field edits preserve imported colour lines and unrelated labels and escape executable/literal input
  ---
  duration_ms: 170.7971
  type: 'test'
  ...
# Subtest: other diagram grammars remain exact raw rows; long/ambiguous chains fall back and finite source budgets refuse
ok 231 - other diagram grammars remain exact raw rows; long/ambiguous chains fall back and finite source budgets refuse
  ---
  duration_ms: 150.0638
  type: 'test'
  ...
# Subtest: Diagram history native and genuine copied-package regression run and retain bounded original receipts on failure
ok 232 - Diagram history native and genuine copied-package regression run and retain bounded original receipts on failure
  ---
  duration_ms: 2.5136
  type: 'test'
  ...
# Subtest: Diagram history CI refuses missing copied execution/retention and profiles or exported data capture
ok 233 - Diagram history CI refuses missing copied execution/retention and profiles or exported data capture
  ---
  duration_ms: 4.8403
  type: 'test'
  ...
# Subtest: mounted Undo/Redo/History use actual bounded draft and refuse pending fields without discarding source
ok 234 - mounted Undo/Redo/History use actual bounded draft and refuse pending fields without discarding source
  ---
  duration_ms: 6.8754
  type: 'test'
  ...
# Subtest: semantic source Ctrl+Z/Shift+Z/Y respects focused fields, composition, modifiers and repeated keydown without browser divergence
ok 235 - semantic source Ctrl+Z/Shift+Z/Y respects focused fields, composition, modifiers and repeated keydown without browser divergence
  ---
  duration_ms: 2.349
  type: 'test'
  ...
# Subtest: complete source/style history restores exact optional fields after Save using current CAS and preserves presentation edits
ok 236 - complete source/style history restores exact optional fields after Save using current CAS and preserves presentation edits
  ---
  duration_ms: 15.7008
  type: 'test'
  ...
# Subtest: typing coalesces within750ms, equal input creates no step, structured edits and Save seal typing, new input truncates redo
ok 237 - typing coalesces within750ms, equal input creates no step, structured edits and Save seal typing, new input truncates redo
  ---
  duration_ms: 3.214
  type: 'test'
  ...
# Subtest: 60state/8MiB UTF8 history evicts oldest states without truncating current work, oversized state clears undo safely
ok 238 - 60state/8MiB UTF8 history evicts oldest states without truncating current work, oversized state clears undo safely
  ---
  duration_ms: 181.7066
  type: 'test'
  ...
# Subtest: readonly/pending/fenced/paused/disposed history commands cannot mutate; failed validation remains correctable
ok 239 - readonly/pending/fenced/paused/disposed history commands cannot mutate; failed validation remains correctable
  ---
  duration_ms: 7.2806
  type: 'test'
  ...
# Subtest: new saved version adopted during preparing resets local history; same saved content retains it on rollback
ok 240 - new saved version adopted during preparing resets local history; same saved content retains it on rollback
  ---
  duration_ms: 5.2052
  type: 'test'
  ...
# Subtest: CI runs real layout controls in development and isolated copied preview, retaining only scoped evidence
ok 241 - CI runs real layout controls in development and isolated copied preview, retaining only scoped evidence
  ---
  duration_ms: 2.4831
  type: 'test'
  ...
# Subtest: CI rejects omitted copied execution, swallowed failure and profile-wide upload
ok 242 - CI rejects omitted copied execution, swallowed failure and profile-wide upload
  ---
  duration_ms: 3.9012
  type: 'test'
  ...
# Subtest: CI rejects omitted or duplicated utility execution and missing utility result retention
ok 243 - CI rejects omitted or duplicated utility execution and missing utility result retention
  ---
  duration_ms: 3.5901
  type: 'test'
  ...
# Subtest: actual common render adapter applies explicit fallback without mutating source colours or automatic defaults
ok 244 - actual common render adapter applies explicit fallback without mutating source colours or automatic defaults
  ---
  duration_ms: 11.2765
  type: 'test'
  ...
# Subtest: actual draft tracks layout in local history and saves it with exact source in one typed transaction
ok 245 - actual draft tracks layout in local history and saves it with exact source in one typed transaction
  ---
  duration_ms: 13.7021
  type: 'test'
  ...
# Subtest: native request boundary refuses unknown layout choices and typed history removal admits only the finite field
ok 246 - native request boundary refuses unknown layout choices and typed history removal admits only the finite field
  ---
  duration_ms: 4.693
  type: 'test'
  ...
# Subtest: native layout accepts only finite explicit choices and preserves unsupported imported values
ok 247 - native layout accepts only finite explicit choices and preserves unsupported imported values
  ---
  duration_ms: 1.3035
  type: 'test'
  ...
# Subtest: source layout and scoped renderer declarations own layout; comments, labels and palette do not
ok 248 - source layout and scoped renderer declarations own layout; comments, labels and palette do not
  ---
  duration_ms: 0.4567
  type: 'test'
  ...
# Subtest: automatic and unsupported grammars never force a different Mermaid default
ok 249 - automatic and unsupported grammars never force a different Mermaid default
  ---
  duration_ms: 0.2426
  type: 'test'
  ...
# Subtest: contract refuses descriptor tricks without running getter or mutating prototype
ok 250 - contract refuses descriptor tricks without running getter or mutating prototype
  ---
  duration_ms: 0.2407
  type: 'test'
  ...
# Subtest: metadata no-op and rejected fields preserve original absence, clean status and history
ok 251 - metadata no-op and rejected fields preserve original absence, clean status and history
  ---
  duration_ms: 4.7895
  type: 'test'
  ...
# Subtest: one finite annotation delta is undoable while opaque source pointers and other nodes stay exact
ok 252 - one finite annotation delta is undoable while opaque source pointers and other nodes stay exact
  ---
  duration_ms: 4.7664
  type: 'test'
  ...
# Subtest: source/style/annotations save in one current CAS and Undo after Save restores optional metadata absence
ok 253 - source/style/annotations save in one current CAS and Undo after Save restores optional metadata absence
  ---
  duration_ms: 7.3862
  type: 'test'
  ...
# Subtest: readonly/pending/fenced/paused/disposed annotation writes refuse and preserve local data
ok 254 - readonly/pending/fenced/paused/disposed annotation writes refuse and preserve local data
  ---
  duration_ms: 4.4882
  type: 'test'
  ...
# Subtest: annotation history observes existing state/byte budgets and equal updates do not create steps
ok 255 - annotation history observes existing state/byte budgets and equal updates do not create steps
  ---
  duration_ms: 9.0179
  type: 'test'
  ...
# Subtest: retained unsupported managed objects/scalars cannot be overwritten, cleared or reset; valid sibling fields stay editable
ok 256 - retained unsupported managed objects/scalars cannot be overwritten, cleared or reset; valid sibling fields stay editable
  ---
  duration_ms: 5.6077
  type: 'test'
  ...
# Subtest: production hidden helper refuses managed-field pointer replacement/removal without relaxing arbitrary invalid renderer input
ok 257 - production hidden helper refuses managed-field pointer replacement/removal without relaxing arbitrary invalid renderer input
  ---
  duration_ms: 4.8498
  type: 'test'
  ...
# Subtest: actual native owner refuses managed pointer/scalar loss and whole metadata reset even with permissive external validator
ok 258 - actual native owner refuses managed pointer/scalar loss and whole metadata reset even with permissive external validator
  ---
  duration_ms: 515.569
  type: 'test'
  ...
# Subtest: draft refuses unsupported-field correction before it can create an unsavable historical state
ok 259 - draft refuses unsupported-field correction before it can create an unsavable historical state
  ---
  duration_ms: 3.4573
  type: 'test'
  ...
# Subtest: actual isolated domain helper validates metadata deltas without the lossy general import sanitizer
ok 260 - actual isolated domain helper validates metadata deltas without the lossy general import sanitizer
  ---
  duration_ms: 8.7442
  type: 'test'
  ...
# Subtest: finite metadata edit preserves opaque nested source pointers and unrelated node data exactly
ok 261 - finite metadata edit preserves opaque nested source pointers and unrelated node data exactly
  ---
  duration_ms: 7.0678
  type: 'test'
  ...
# Subtest: strict field ceilings and status values reject overflow/coercion without partial mutation
ok 262 - strict field ceilings and status values reject overflow/coercion without partial mutation
  ---
  duration_ms: 3.5435
  type: 'test'
  ...
# Subtest: empty edits preserve optional absence and clearing deletes only managed keys
ok 263 - empty edits preserve optional absence and clearing deletes only managed keys
  ---
  duration_ms: 2.6369
  type: 'test'
  ...
# Subtest: prototype-name semantic IDs create own data without prototype writes
ok 264 - prototype-name semantic IDs create own data without prototype writes
  ---
  duration_ms: 0.5016
  type: 'test'
  ...
# Subtest: untrusted descriptors, non-data input and malformed identities refuse without executing accessors
ok 265 - untrusted descriptors, non-data input and malformed identities refuse without executing accessors
  ---
  duration_ms: 0.7698
  type: 'test'
  ...
# Subtest: bounded maps and exact Unicode values do not normalize retained data or silently widen budgets
ok 266 - bounded maps and exact Unicode values do not normalize retained data or silently widen budgets
  ---
  duration_ms: 36.0136
  type: 'test'
  ...
# Subtest: managed block typography validates with actual frozen sanitizer while preserving opaque sibling data exactly
ok 267 - managed block typography validates with actual frozen sanitizer while preserving opaque sibling data exactly
  ---
  duration_ms: 3.4938
  type: 'test'
  ...
# Subtest: new node entries retain actual aggregate frozen admission and reject invalid empty node keys
ok 268 - new node entries retain actual aggregate frozen admission and reject invalid empty node keys
  ---
  duration_ms: 13.0438
  type: 'test'
  ...
# Subtest: prototype-named nodes use own data for first style and deletion; sanitizer prototype writes never grant admission
ok 269 - prototype-named nodes use own data for first style and deletion; sanitizer prototype writes never grant admission
  ---
  duration_ms: 0.5199
  type: 'test'
  ...
# Subtest: CI runs actual endpoint transport in development and copied preview with scoped evidence
ok 270 - CI runs actual endpoint transport in development and copied preview with scoped evidence
  ---
  duration_ms: 2.1309
  type: 'test'
  ...
# Subtest: CI refuses a missing copy, swallowed native exit or profile-wide evidence
ok 271 - CI refuses a missing copy, swallowed native exit or profile-wide evidence
  ---
  duration_ms: 3.7
  type: 'test'
  ...
# Subtest: pan applies the genuine release endpoint even without an intervening pointermove
ok 272 - pan applies the genuine release endpoint even without an intervening pointermove
  ---
  duration_ms: 12.429
  type: 'test'
  ...
# Subtest: pan release consumes its final endpoint after an earlier coalesced move and does not drift on a click
ok 273 - pan release consumes its final endpoint after an earlier coalesced move and does not drift on a click
  ---
  duration_ms: 2.6584
  type: 'test'
  ...
# Subtest: foreign pointer release/cancel/lost-capture cannot terminate the owning pan
ok 274 - foreign pointer release/cancel/lost-capture cannot terminate the owning pan
  ---
  duration_ms: 8.5657
  type: 'test'
  ...
# Subtest: matching cancellation/lost-capture ends the pan without applying an invented release endpoint
ok 275 - matching cancellation/lost-capture ends the pan without applying an invented release endpoint
  ---
  duration_ms: 4.7748
  type: 'test'
  ...
# Subtest: private prepare retires pan before a late release and later rollback does not restore a drag
ok 276 - private prepare retires pan before a late release and later rollback does not restore a drag
  ---
  duration_ms: 3.6579
  type: 'test'
  ...
# Subtest: actual Diagram controller waits for its native placement before reading or exposing content
ok 277 - actual Diagram controller waits for its native placement before reading or exposing content
  ---
  duration_ms: 11.6241
  type: 'test'
  ...
# Subtest: foreign or invalid shelf placement never admits Diagram source readiness
ok 278 - foreign or invalid shelf placement never admits Diagram source readiness
  ---
  duration_ms: 5.7797
  type: 'test'
  ...
# Subtest: placement arriving during pause or after retirement cannot start a source read
ok 279 - placement arriving during pause or after retirement cannot start a source read
  ---
  duration_ms: 6.9366
  type: 'test'
  ...
# Subtest: actual Diagram preload has finite editor commands, private draining nonce and strictly numeric metadata notifications
ok 280 - actual Diagram preload has finite editor commands, private draining nonce and strictly numeric metadata notifications
  ---
  duration_ms: 9.6592
  type: 'test'
  ...
# Subtest: Mermaid/style and finite deck edits form one exact save preserving opaque cards and private notes
ok 281 - Mermaid/style and finite deck edits form one exact save preserving opaque cards and private notes
  ---
  duration_ms: 15.6548
  type: 'test'
  ...
# Subtest: deck mutations cannot escape readonly, preparation, conflict or invalid-operation fences
ok 282 - deck mutations cannot escape readonly, preparation, conflict or invalid-operation fences
  ---
  duration_ms: 6.5739
  type: 'test'
  ...
# Subtest: native Mermaid protects its security policy and finite renderer budgets from imported init directives
ok 283 - native Mermaid protects its security policy and finite renderer budgets from imported init directives
  ---
  duration_ms: 258.1727
  type: 'test'
  ...
# Subtest: edit-intent invalidation fences an old in-flight render before a debounced replacement starts
ok 284 - edit-intent invalidation fences an old in-flight render before a debounced replacement starts
  ---
  duration_ms: 4.3654
  type: 'test'
  ...
# Subtest: fresh/local preview receives exact corresponding metadata without changing the saved context
ok 285 - fresh/local preview receives exact corresponding metadata without changing the saved context
  ---
  duration_ms: 1.3271
  type: 'test'
  ...
# Subtest: working Diagram previews local source without rereading or changing its saved context, and Lock fences late local SVG
ok 286 - working Diagram previews local source without rereading or changing its saved context, and Lock fences late local SVG
  ---
  duration_ms: 1.5643
  type: 'test'
  ...
# Subtest: native Diagram retains exact imported source and preserves it when Mermaid rejects syntax
ok 287 - native Diagram retains exact imported source and preserves it when Mermaid rejects syntax
  ---
  duration_ms: 1.3215
  type: 'test'
  ...
# Subtest: Lock fences pending SVG and reads; rollback permits a fresh render without publishing private late results
ok 288 - Lock fences pending SVG and reads; rollback permits a fresh render without publishing private late results
  ---
  duration_ms: 7.4
  type: 'test'
  ...
# Subtest: competing refreshes publish only the newest read and disposal refuses all further access
ok 289 - competing refreshes publish only the newest read and disposal refuses all further access
  ---
  duration_ms: 1.5437
  type: 'test'
  ...
# Subtest: layout control uses explicit finite local choices and leaves pending invalid style fields intact
ok 290 - layout control uses explicit finite local choices and leaves pending invalid style fields intact
  ---
  duration_ms: 8.139
  type: 'test'
  ...
# Subtest: layout picker explains source ownership and unsupported types without overriding saved data
ok 291 - layout picker explains source ownership and unsupported types without overriding saved data
  ---
  duration_ms: 3.4084
  type: 'test'
  ...
# Subtest: pending style fields survive source repaint; invalid font size cannot be lost, saved or flushed; Escape cancels it
ok 292 - pending style fields survive source repaint; invalid font size cannot be lost, saved or flushed; Escape cancels it
  ---
  duration_ms: 2.1099
  type: 'test'
  ...
# Subtest: readonly and source-owned colours cannot be changed through the actual optional controller; stable B targets remain editable
ok 293 - readonly and source-owned colours cannot be changed through the actual optional controller; stable B targets remain editable
  ---
  duration_ms: 4.1422
  type: 'test'
  ...
# Subtest: global and block typography edit without implicit Save; inheritance removes fields and retains colours/siblings
ok 294 - global and block typography edit without implicit Save; inheritance removes fields and retains colours/siblings
  ---
  duration_ms: 4.3593
  type: 'test'
  ...
# Subtest: invalid block size survives refused target switch; source-owned typography and readonly controls remain disabled
ok 295 - invalid block size survives refused target switch; source-owned typography and readonly controls remain disabled
  ---
  duration_ms: 5.3715
  type: 'test'
  ...
# Subtest: changing an admitted font preserves existing opaque block metadata and refuses new or changed opaque fields
ok 296 - changing an admitted font preserves existing opaque block metadata and refuses new or changed opaque fields
  ---
  duration_ms: 3.3782
  type: 'test'
  ...
# Subtest: absent global typography shows Theme default and stays absent until explicitly edited
ok 297 - absent global typography shows Theme default and stays absent until explicitly edited
  ---
  duration_ms: 2.2876
  type: 'test'
  ...
# Subtest: source global font ownership disables controls even when no stable block targets exist
ok 298 - source global font ownership disables controls even when no stable block targets exist
  ---
  duration_ms: 1.9997
  type: 'test'
  ...
# Subtest: an inherited block size without metadata stays blank until the user explicitly enables a size
ok 299 - an inherited block size without metadata stays blank until the user explicitly enables a size
  ---
  duration_ms: 3.4561
  type: 'test'
  ...
# Subtest: surface provenance keeps exact source hex colours and refuses invalid CSS or contextual/resource values
ok 300 - surface provenance keeps exact source hex colours and refuses invalid CSS or contextual/resource values
  ---
  duration_ms: 18.1286
  type: 'test'
  ...
# Subtest: frozen Mermaid-resolved provenance preserves declared colours, paints only exact matching blocks and retains class/own precedence
ok 301 - frozen Mermaid-resolved provenance preserves declared colours, paints only exact matching blocks and retains class/own precedence
  ---
  duration_ms: 3.9124
  type: 'test'
  ...
# Subtest: imported theme palettes and font declarations stay in Mermaid control; unrendered/unsafe metadata never creates targets or CSS
ok 302 - imported theme palettes and font declarations stay in Mermaid control; unrendered/unsafe metadata never creates targets or CSS
  ---
  duration_ms: 2.8429
  type: 'test'
  ...
# Subtest: strict Mermaid render prefixes map by exact DB DOM identity; near matches never receive another block style
ok 303 - strict Mermaid render prefixes map by exact DB DOM identity; near matches never receive another block style
  ---
  duration_ms: 1.6613
  type: 'test'
  ...
# Subtest: source node and global weight declarations prevent global/root and block typography overrides
ok 304 - source node and global weight declarations prevent global/root and block typography overrides
  ---
  duration_ms: 3.2305
  type: 'test'
  ...
# Subtest: actual extracted Mermaid node CSS provenance identifies family/size/weight and keeps its rendered text untouched
ok 305 - actual extracted Mermaid node CSS provenance identifies family/size/weight and keeps its rendered text untouched
  ---
  duration_ms: 2.259
  type: 'test'
  ...
# Subtest: isolated SVG utility denies preload, privileges, navigation/network and joins actual native destruction
ok 306 - isolated SVG utility denies preload, privileges, navigation/network and joins actual native destruction
  ---
  duration_ms: 28.2832
  type: 'test'
  ...
# Subtest: wrong bytes, revoked scope or oversized native input create no utility
ok 307 - wrong bytes, revoked scope or oversized native input create no utility
  ---
  duration_ms: 41.9045
  type: 'test'
  ...
# Subtest: changed entry or substituted frame refuses SVG publication and destroys utility
ok 308 - changed entry or substituted frame refuses SVG publication and destroys utility
  ---
  duration_ms: 31.6137
  type: 'test'
  ...
# Subtest: cancel/deadline reject late work and private/oversized output cannot become an SVG receipt
ok 309 - cancel/deadline reject late work and private/oversized output cannot become an SVG receipt
  ---
  duration_ms: 94.5082
  type: 'test'
  ...
# Subtest: successful SVG render waits for separate webContents destruction
ok 310 - successful SVG render waits for separate webContents destruction
  ---
  duration_ms: 36.9099
  type: 'test'
  ...
# Subtest: CI executes native Diagram walkthrough and copied original harness, retaining bounded original receipts on failure
ok 311 - CI executes native Diagram walkthrough and copied original harness, retaining bounded original receipts on failure
  ---
  duration_ms: 2.1952
  type: 'test'
  ...
# Subtest: CI rejects missing original execution, hidden copied failure or profile-wide evidence upload
ok 312 - CI rejects missing original execution, hidden copied failure or profile-wide evidence upload
  ---
  duration_ms: 3.7771
  type: 'test'
  ...
# Subtest: real native controller mounts readonly-safe browsing and retires target authority at every edit intent
ok 313 - real native controller mounts readonly-safe browsing and retires target authority at every edit intent
  ---
  duration_ms: 15.6276
  type: 'test'
  ...
# Subtest: Refresh retires before placement resolves; common prepare/disposal clear browsing before async work
ok 314 - Refresh retires before placement resolves; common prepare/disposal clear browsing before async work
  ---
  duration_ms: 5.4679
  type: 'test'
  ...
# Subtest: walkthrough asset is scoped to native Diagram, decoration stays outside SVG and uses shared theme
ok 315 - walkthrough asset is scoped to native Diagram, decoration stays outside SVG and uses shared theme
  ---
  duration_ms: 8.5485
  type: 'test'
  ...
# Subtest: semantic multi-group nodes count once, traverse locally and never mutate SVG/source fields
ok 316 - semantic multi-group nodes count once, traverse locally and never mutate SVG/source fields
  ---
  duration_ms: 3.9606
  type: 'test'
  ...
# Subtest: admission, captions and geometry are bounded and disconnected or foreign groups are refused
ok 317 - admission, captions and geometry are bounded and disconnected or foreign groups are refused
  ---
  duration_ms: 4.8544
  type: 'test'
  ...
# Subtest: invalidated, paused, hidden and disposed views cannot navigate or revive stale targets
ok 318 - invalidated, paused, hidden and disposed views cannot navigate or revive stale targets
  ---
  duration_ms: 1.4706
  type: 'test'
  ...
# Subtest: only focused walkthrough controls own navigation keys; editor/composition/modifiers remain untouched
ok 319 - only focused walkthrough controls own navigation keys; editor/composition/modifiers remain untouched
  ---
  duration_ms: 1.6664
  type: 'test'
  ...
# Subtest: overlay follows actual viewport scaling and geometry without changing node attributes
ok 320 - overlay follows actual viewport scaling and geometry without changing node attributes
  ---
  duration_ms: 1.282
  type: 'test'
  ...
# Subtest: pointer browsing preserves focused valid pending form input instead of causing blur-change commits
ok 321 - pointer browsing preserves focused valid pending form input instead of causing blur-change commits
  ---
  duration_ms: 1.2736
  type: 'test'
  ...
# Subtest: actual SVG outer rows preserve wrapped Unicode words and inline spans remain a single word
ok 322 - actual SVG outer rows preserve wrapped Unicode words and inline spans remain a single word
  ---
  duration_ms: 1.6489
  type: 'test'
  ...
# Subtest: 250-entry caption discloses the shown set rather than claiming the full diagram count
ok 323 - 250-entry caption discloses the shown set rather than claiming the full diagram count
  ---
  duration_ms: 2.191
  type: 'test'
  ...
# Subtest: CI runs actual Docs Activity in development and genuine copied package with bounded failure evidence
ok 324 - CI runs actual Docs Activity in development and genuine copied package with bounded failure evidence
  ---
  duration_ms: 2.2686
  type: 'test'
  ...
# Subtest: CI rejects missing copied Activity, swallowed exit and profile-wide upload
ok 325 - CI rejects missing copied Activity, swallowed exit and profile-wide upload
  ---
  duration_ms: 3.8363
  type: 'test'
  ...
# Subtest: Activity compares an explicit saved or working target and reveals lazy editor blocks without repaint or save
ok 326 - Activity compares an explicit saved or working target and reveals lazy editor blocks without repaint or save
  ---
  duration_ms: 31.7791
  type: 'test'
  ...
# Subtest: verified Save replaces Activity saved context once and keeps archived records exact
ok 327 - verified Save replaces Activity saved context once and keeps archived records exact
  ---
  duration_ms: 26.8456
  type: 'test'
  ...
# Subtest: save conflict retains original saved Activity context and exact unsaved editor content
ok 328 - save conflict retains original saved Activity context and exact unsaved editor content
  ---
  duration_ms: 23.8304
  type: 'test'
  ...
# Subtest: Lock preparation pauses Activity and verified flush updates its context on resume
ok 329 - Lock preparation pauses Activity and verified flush updates its context on resume
  ---
  duration_ms: 20.9405
  type: 'test'
  ...
# Subtest: readonly Docs exposes Activity and exact reader jump without granting working comparison or writes
ok 330 - readonly Docs exposes Activity and exact reader jump without granting working comparison or writes
  ---
  duration_ms: 8.8553
  type: 'test'
  ...
# Subtest: actual Activity regains saved admission after pending Refresh is retired by preparation and rollback
ok 331 - actual Activity regains saved admission after pending Refresh is retired by preparation and rollback
  ---
  duration_ms: 10.4388
  type: 'test'
  ...
# Subtest: compact readonly disclosure uses inert recorded rows and preserves mounted editor focus/selection
ok 332 - compact readonly disclosure uses inert recorded rows and preserves mounted editor focus/selection
  ---
  duration_ms: 5.1491
  type: 'test'
  ...
# Subtest: comment filters retain original source positions and unsupported resolution is not open or resolved
ok 333 - comment filters retain original source positions and unsupported resolution is not open or resolved
  ---
  duration_ms: 3.052
  type: 'test'
  ...
# Subtest: pagination advances original source cursor after bounded filtered scan and reports limits honestly
ok 334 - pagination advances original source cursor after bounded filtered scan and reports limits honestly
  ---
  duration_ms: 2.5628
  type: 'test'
  ...
# Subtest: exact block jump callback is readonly-safe; failure says refused and cannot mutate recorded data
ok 335 - exact block jump callback is readonly-safe; failure says refused and cannot mutate recorded data
  ---
  duration_ms: 9.1975
  type: 'test'
  ...
# Subtest: revision comparison explicitly selects saved or unsaved working target and paginates at most20 rows
ok 336 - revision comparison explicitly selects saved or unsaved working target and paginates at most20 rows
  ---
  duration_ms: 6.3762
  type: 'test'
  ...
# Subtest: comparison refusal and malformed record containers expose explicit limited/unavailable state
ok 337 - comparison refusal and malformed record containers expose explicit limited/unavailable state
  ---
  duration_ms: 2.8517
  type: 'test'
  ...
# Subtest: review and releases display recorded provenance without verified approval claims
ok 338 - review and releases display recorded provenance without verified approval claims
  ---
  duration_ms: 2.2226
  type: 'test'
  ...
# Subtest: pause, context replacement, invalidation and disposal fence late comparison callbacks and clear private DOM
ok 339 - pause, context replacement, invalidation and disposal fence late comparison callbacks and clear private DOM
  ---
  duration_ms: 8.6993
  type: 'test'
  ...
# Subtest: disabled state refuses actions and dirty update invalidates a pending working comparison
ok 340 - disabled state refuses actions and dirty update invalidates a pending working comparison
  ---
  duration_ms: 2.2452
  type: 'test'
  ...
# Subtest: clean working comparison does not invent unsaved changes and native controls retain keyboard focus
ok 341 - clean working comparison does not invent unsaved changes and native controls retain keyboard focus
  ---
  duration_ms: 2.5519
  type: 'test'
  ...
# Subtest: one pending callback, throw/refusal and bounded excerpts never report a successful jump or equality
ok 342 - one pending callback, throw/refusal and bounded excerpts never report a successful jump or equality
  ---
  duration_ms: 3.6318
  type: 'test'
  ...
# Subtest: comparison maximum512 rows stays paged20 and context replacement retires already-captured handlers
ok 343 - comparison maximum512 rows stays paged20 and context replacement retires already-captured handlers
  ---
  duration_ms: 8.5796
  type: 'test'
  ...
# Subtest: detached old controls cannot act on a newly admitted document or a replaced local page
ok 344 - detached old controls cannot act on a newly admitted document or a replaced local page
  ---
  duration_ms: 3.2442
  type: 'test'
  ...
# Subtest: comments preserve original positions and require actual boolean resolution
ok 345 - comments preserve original positions and require actual boolean resolution
  ---
  duration_ms: 6.4079
  type: 'test'
  ...
# Subtest: pagination scans a finite source range without claiming a filtered total
ok 346 - pagination scans a finite source range without claiming a filtered total
  ---
  duration_ms: 1.1101
  type: 'test'
  ...
# Subtest: all page output budgets are finite and inert with explicit scalar excerpts
ok 347 - all page output budgets are finite and inert with explicit scalar excerpts
  ---
  duration_ms: 1.071
  type: 'test'
  ...
# Subtest: unsupported entry notices count toward the exact aggregate page budget
ok 348 - unsupported entry notices count toward the exact aggregate page budget
  ---
  duration_ms: 1.4303
  type: 'test'
  ...
# Subtest: malformed record containers and invalid options refuse rather than invent data
ok 349 - malformed record containers and invalid options refuse rather than invent data
  ---
  duration_ms: 0.423
  type: 'test'
  ...
# Subtest: revision rows retain exact positions and disclose complete comparison availability
ok 350 - revision rows retain exact positions and disclose complete comparison availability
  ---
  duration_ms: 0.4479
  type: 'test'
  ...
# Subtest: recorded review combines top-level file provenance, trail and releases without merging
ok 351 - recorded review combines top-level file provenance, trail and releases without merging
  ---
  duration_ms: 0.4682
  type: 'test'
  ...
# Subtest: frozen review and release field names expose recorded details and fingerprints
ok 352 - frozen review and release field names expose recorded details and fingerprints
  ---
  duration_ms: 0.574
  type: 'test'
  ...
# Subtest: projection never invokes imported getters or coercion
ok 353 - projection never invokes imported getters or coercion
  ---
  duration_ms: 0.5023
  type: 'test'
  ...
# Subtest: comparison is exact over formatting, opaque fields, images and source pointer values
ok 354 - comparison is exact over formatting, opaque fields, images and source pointer values
  ---
  duration_ms: 1.7917
  type: 'test'
  ...
# Subtest: canonical key order is equal and reorder remains a real difference
ok 355 - canonical key order is equal and reorder remains a real difference
  ---
  duration_ms: 0.6856
  type: 'test'
  ...
# Subtest: added removed and malicious valid identifiers retain exact identity
ok 356 - added removed and malicious valid identifiers retain exact identity
  ---
  duration_ms: 0.4772
  type: 'test'
  ...
# Subtest: invalid duplicate Unicode and absent identities never yield partial equality
ok 357 - invalid duplicate Unicode and absent identities never yield partial equality
  ---
  duration_ms: 0.5479
  type: 'test'
  ...
# Subtest: complete comparison refuses oversized blocks, bytes, nodes and depth
ok 358 - complete comparison refuses oversized blocks, bytes, nodes and depth
  ---
  duration_ms: 17.4499
  type: 'test'
  ...
# Subtest: complete comparison refuses accessors, cycles, non JSON values and container anomalies
ok 359 - complete comparison refuses accessors, cycles, non JSON values and container anomalies
  ---
  duration_ms: 0.728
  type: 'test'
  ...
# Subtest: locate proves uniqueness within the whole finite range and never normalizes IDs
ok 360 - locate proves uniqueness within the whole finite range and never normalizes IDs
  ---
  duration_ms: 1.2266
  type: 'test'
  ...
# Subtest: browser injection uses the same finite model without runtime imports
ok 361 - browser injection uses the same finite model without runtime imports
  ---
  duration_ms: 3.0913
  type: 'test'
  ...
# Subtest: body and context share history and one exact save acknowledgement with preserved provenance
ok 362 - body and context share history and one exact save acknowledgement with preserved provenance
  ---
  duration_ms: 14.6694
  type: 'test'
  ...
# Subtest: returning context to original clears dirtiness; readonly and conflicting views cannot mutate or falsely save
ok 363 - returning context to original clears dirtiness; readonly and conflicting views cannot mutate or falsely save
  ---
  duration_ms: 15.6291
  type: 'test'
  ...
# Subtest: finite context changes retain unknown agent fields, review, releases, blocks and unsupported references
ok 364 - finite context changes retain unknown agent fields, review, releases, blocks and unsupported references
  ---
  duration_ms: 3.0764
  type: 'test'
  ...
# Subtest: whole saved references add and remove by exact kind/id, preserving unrelated opaque records
ok 365 - whole saved references add and remove by exact kind/id, preserving unrelated opaque records
  ---
  duration_ms: 2.7806
  type: 'test'
  ...
# Subtest: context normalization rejects arbitrary approval, paths, extra nested fields, overlimits and accessors without invoking them
ok 366 - context normalization rejects arbitrary approval, paths, extra nested fields, overlimits and accessors without invoking them
  ---
  duration_ms: 0.7475
  type: 'test'
  ...
# Subtest: ordinary Docs Save preserves Undo and Redo against the newly saved baseline
ok 367 - ordinary Docs Save preserves Undo and Redo against the newly saved baseline
  ---
  duration_ms: 12.9602
  type: 'test'
  ...
# Subtest: local Docs history groups typing, preserves original blocks and metadata, and refuses paused or uncertain edits
ok 368 - local Docs history groups typing, preserves original blocks and metadata, and refuses paused or uncertain edits
  ---
  duration_ms: 2.8848
  type: 'test'
  ...
# Subtest: Docs history stays bounded for large content and resets when a clean view adopts an external saved document
ok 369 - Docs history stays bounded for large content and resets when a clean view adopts an external saved document
  ---
  duration_ms: 24.5048
  type: 'test'
  ...
# Subtest: Docs rejects a well-shaped save receipt with the wrong complete entity hash and fences uncertain commit exceptions
ok 370 - Docs rejects a well-shaped save receipt with the wrong complete entity hash and fences uncertain commit exceptions
  ---
  duration_ms: 3.4072
  type: 'test'
  ...
# Subtest: clean Docs preparation can recapture one concurrent saved document; dirty conflict never adopts someone else’s text or retries a mutation
ok 371 - clean Docs preparation can recapture one concurrent saved document; dirty conflict never adopts someone else’s text or retries a mutation
  ---
  duration_ms: 2.7724
  type: 'test'
  ...
# Subtest: Docs draft changes only local title/blocks; explicit atomic save binds exact document/version and preserves metadata
ok 372 - Docs draft changes only local title/blocks; explicit atomic save binds exact document/version and preserves metadata
  ---
  duration_ms: 3.0109
  type: 'test'
  ...
# Subtest: conflicting or fabricated Docs acknowledgement retains exact local text and does not invent saved success
ok 373 - conflicting or fabricated Docs acknowledgement retains exact local text and does not invent saved success
  ---
  duration_ms: 4.9769
  type: 'test'
  ...
# Subtest: Docs finite prepare pauses input, saves unsaved content and flushes its actual latest token before success
ok 374 - Docs finite prepare pauses input, saves unsaved content and flushes its actual latest token before success
  ---
  duration_ms: 5.6745
  type: 'test'
  ...
# Subtest: native rollback during a pending save releases the pause without admitting edits or dropping refused local text
ok 375 - native rollback during a pending save releases the pause without admitting edits or dropping refused local text
  ---
  duration_ms: 2.8968
  type: 'test'
  ...
# Subtest: Docs native and genuine copied-package regression run and retain bounded original receipts on failure
ok 376 - Docs native and genuine copied-package regression run and retain bounded original receipts on failure
  ---
  duration_ms: 2.8163
  type: 'test'
  ...
# Subtest: Docs CI refuses missing copied execution/retention and profiles or exported data capture
ok 377 - Docs CI refuses missing copied execution/retention and profiles or exported data capture
  ---
  duration_ms: 4.9031
  type: 'test'
  ...
# Subtest: actual Docs export main handler tracks the real promise and rejects all transition fences before invoking service
ok 378 - actual Docs export main handler tracks the real promise and rejects all transition fences before invoking service
  ---
  duration_ms: 2.1599
  type: 'test'
  ...
# Subtest: actual all-window preparation pauses, drains and checks Docs exporter before issuing quiescence
ok 379 - actual all-window preparation pauses, drains and checks Docs exporter before issuing quiescence
  ---
  duration_ms: 2.6723
  type: 'test'
  ...
# Subtest: actual native retirement refuses uncertain Docs cleanup instead of proceeding to view destruction
ok 380 - actual native retirement refuses uncertain Docs cleanup instead of proceeding to view destruction
  ---
  duration_ms: 1.5154
  type: 'test'
  ...
# Subtest: document export parser is shipped with exact existing runtime versions and actual license notices
ok 381 - document export parser is shipped with exact existing runtime versions and actual license notices
  ---
  duration_ms: 1992.881
  type: 'test'
  ...
# Subtest: actual native Docs export preload has only finite delivery/reveal and never borrows a private flush ticket
ok 382 - actual native Docs export preload has only finite delivery/reveal and never borrows a private flush ticket
  ---
  duration_ms: 22.5511
  type: 'test'
  ...
# Subtest: Docs export picker explains dirty saved-only semantics, cancels without IPC and submits only finite expected identity
ok 383 - Docs export picker explains dirty saved-only semantics, cancels without IPC and submits only finite expected identity
  ---
  duration_ms: 9.0381
  type: 'test'
  ...
# Subtest: pending export is unique and prepare hides/joins it; late completion cannot restore receipt after resume
ok 384 - pending export is unique and prepare hides/joins it; late completion cannot restore receipt after resume
  ---
  duration_ms: 2.0187
  type: 'test'
  ...
# Subtest: stale/refused or malformed saved receipt never shows file or implies draft saved
ok 385 - stale/refused or malformed saved receipt never shows file or implies draft saved
  ---
  duration_ms: 3.5158
  type: 'test'
  ...
# Subtest: unready or disposed Docs refuses picker; disposal removes handlers and cached receipt
ok 386 - unready or disposed Docs refuses picker; disposal removes handlers and cached receipt
  ---
  duration_ms: 1.7177
  type: 'test'
  ...
# Subtest: Enter on Cancel or format selection never triggers a saved-document export
ok 387 - Enter on Cancel or format selection never triggers a saved-document export
  ---
  duration_ms: 1.5789
  type: 'test'
  ...
# Subtest: raster inspection accepts a bounded PNG and rejects remote, executable, spoofed, corrupt and oversized inputs
ok 388 - raster inspection accepts a bounded PNG and rejects remote, executable, spoofed, corrupt and oversized inputs
  ---
  duration_ms: 1.5665
  type: 'test'
  ...
# Subtest: image edits preserve opaque imported fields and refuse invalid changes atomically
ok 389 - image edits preserve opaque imported fields and refuse invalid changes atomically
  ---
  duration_ms: 1.3745
  type: 'test'
  ...
# Subtest: JPEG SOF dimensions reject decompression-sized rasters before assigning an image source
ok 390 - JPEG SOF dimensions reject decompression-sized rasters before assigning an image source
  ---
  duration_ms: 1.3376
  type: 'test'
  ...
# Subtest: a late decoded image cannot stage after Lock or overwrite a newer draft edit
ok 391 - a late decoded image cannot stage after Lock or overwrite a newer draft edit
  ---
  duration_ms: 10.8726
  type: 'test'
  ...
# Subtest: a source-only document keeps its existing source outline instead of gaining an empty reading page
ok 392 - a source-only document keeps its existing source outline instead of gaining an empty reading page
  ---
  duration_ms: 6.1454
  type: 'test'
  ...
# Subtest: exact jump beyond the first page appends blocks and keeps existing mounted content
ok 393 - exact jump beyond the first page appends blocks and keeps existing mounted content
  ---
  duration_ms: 3.7858
  type: 'test'
  ...
# Subtest: duplicate missing invalid and over-limit jumps refuse before mounting additional blocks
ok 394 - duplicate missing invalid and over-limit jumps refuse before mounting additional blocks
  ---
  duration_ms: 4.5186
  type: 'test'
  ...
# Subtest: source-only rendering stays empty until an explicit unknown-block jump creates a labelled anchor
ok 395 - source-only rendering stays empty until an explicit unknown-block jump creates a labelled anchor
  ---
  duration_ms: 1.2543
  type: 'test'
  ...
# Subtest: own Docs discovers bounded metadata only and opens only its exact saved reference/version
ok 396 - own Docs discovers bounded metadata only and opens only its exact saved reference/version
  ---
  duration_ms: 785.8447
  type: 'test'
  ...
# Subtest: references reject forged targets, stale versions, getters, private preparation and lock without opening peers
ok 397 - references reject forged targets, stale versions, getters, private preparation and lock without opening peers
  ---
  duration_ms: 649.3294
  type: 'test'
  ...
# Subtest: pending reference discovery cannot publish after lock or current document replacement
ok 398 - pending reference discovery cannot publish after lock or current document replacement
  ---
  duration_ms: 698.2691
  type: 'test'
  ...
# Subtest: rich editing accepts inert formatting and original palette classes while preserving the original block until editing
ok 399 - rich editing accepts inert formatting and original palette classes while preserving the original block until editing
  ---
  duration_ms: 8.8741
  type: 'test'
  ...
# Subtest: unsupported attributes, executable/resource HTML and oversized/deep rich blocks stay preserved rather than converted
ok 400 - unsupported attributes, executable/resource HTML and oversized/deep rich blocks stay preserved rather than converted
  ---
  duration_ms: 4.6936
  type: 'test'
  ...
# Subtest: actual main opens a genuine saved Docs pointer in readonly Code, tracks lifecycle and rejects Lock without a window
ok 401 - actual main opens a genuine saved Docs pointer in readonly Code, tracks lifecycle and rejects Lock without a window
  ---
  duration_ms: 1014.1791
  type: 'test'
  ...
# Subtest: satellite preload exposes one finite Docs source opener without copying the private flush nonce
ok 402 - satellite preload exposes one finite Docs source opener without copying the private flush nonce
  ---
  duration_ms: 5.1812
  type: 'test'
  ...
# Subtest: Docs preview returns bounded exact historical source pages and disposes readers without opening or saving
ok 403 - Docs preview returns bounded exact historical source pages and disposes readers without opening or saving
  ---
  duration_ms: 1321.9966
  type: 'test'
  ...
# Subtest: Docs preview refuses malformed ranges, borrowed caller authority and payload getters before source reads
ok 404 - Docs preview refuses malformed ranges, borrowed caller authority and payload getters before source reads
  ---
  duration_ms: 855.1485
  type: 'test'
  ...
# Subtest: Docs preview cannot publish text read before Lock and closes the genuine held reader
ok 405 - Docs preview cannot publish text read before Lock and closes the genuine held reader
  ---
  duration_ms: 885.8888
  type: 'test'
  ...
# Subtest: Docs preview reserves a finite whole-operation budget and releases it after refused held requests
ok 406 - Docs preview reserves a finite whole-operation budget and releases it after refused held requests
  ---
  duration_ms: 965.5639
  type: 'test'
  ...
# Subtest: Docs preview retains exact Unicode boundaries, empty EOF and refuses a changed document before publication
ok 407 - Docs preview retains exact Unicode boundaries, empty EOF and refuses a changed document before publication
  ---
  duration_ms: 1247.7952
  type: 'test'
  ...
# Subtest: Docs opens only its genuine saved source version as a pinned immutable Code window, preserving newer head and project
ok 408 - Docs opens only its genuine saved source version as a pinned immutable Code window, preserving newer head and project
  ---
  duration_ms: 977.8534
  type: 'test'
  ...
# Subtest: Docs opener rejects caller identity, getters, foreign frames/roles and private drain nonce before source access
ok 409 - Docs opener rejects caller identity, getters, foreign frames/roles and private drain nonce before source access
  ---
  duration_ms: 821.874
  type: 'test'
  ...
# Subtest: actual changed Docs or revoked native owner during source verification refuses opening and preserves both entities
ok 410 - actual changed Docs or revoked native owner during source verification refuses opening and preserves both entities
  ---
  duration_ms: 821.9533
  type: 'test'
  ...
# Subtest: late document change while native window is prepared destroys only the new hidden Code window
ok 411 - late document change while native window is prepared destroys only the new hidden Code window
  ---
  duration_ms: 798.8567
  type: 'test'
  ...
# Subtest: a duplicate knowledge row refuses a Code grant
ok 412 - a duplicate knowledge row refuses a Code grant
  ---
  duration_ms: 1215.8325
  type: 'test'
  ...
# Subtest: manifest refuses unknown Docs pointers and forged hashes before source-opening admission
ok 413 - manifest refuses unknown Docs pointers and forged hashes before source-opening admission
  ---
  duration_ms: 1626.1603
  type: 'test'
  ...
# Subtest: native source readback mismatch refuses window creation
ok 414 - native source readback mismatch refuses window creation
  ---
  duration_ms: 736.4044
  type: 'test'
  ...
# Subtest: failed native publication destroys the new window and leaves existing work untouched
ok 415 - failed native publication destroys the new window and leaves existing work untouched
  ---
  duration_ms: 688.6012
  type: 'test'
  ...
# Subtest: structured table pages are lazy and bounded, literal edits retain off-page values, role and exact other blocks
ok 416 - structured table pages are lazy and bounded, literal edits retain off-page values, role and exact other blocks
  ---
  duration_ms: 25.0396
  type: 'test'
  ...
# Subtest: newly added sections retain their focused live input after the asynchronous details toggle
ok 417 - newly added sections retain their focused live input after the asynchronous details toggle
  ---
  duration_ms: 1.4499
  type: 'test'
  ...
# Subtest: structured mutations refuse pending, paused, fenced, revoked and stale block controls; malformed text does not become a draft
ok 418 - structured mutations refuse pending, paused, fenced, revoked and stale block controls; malformed text does not become a draft
  ---
  duration_ms: 1.5144
  type: 'test'
  ...
# Subtest: row and column changes keep exact rectangular shape, retained data and confirmation cancellation
ok 419 - row and column changes keep exact rectangular shape, retained data and confirmation cancellation
  ---
  duration_ms: 3.4792
  type: 'test'
  ...
# Subtest: prompt controls edit literal documentation and preserve exact history and dates; checklist and settings remain bounded
ok 420 - prompt controls edit literal documentation and preserve exact history and dates; checklist and settings remain bounded
  ---
  duration_ms: 7.0372
  type: 'test'
  ...
# Subtest: new structured sections have exact frozen canonical defaults, no source/agent/history authority and independent mutable payloads
ok 421 - new structured sections have exact frozen canonical defaults, no source/agent/history authority and independent mutable payloads
  ---
  duration_ms: 2.0017
  type: 'test'
  ...
# Subtest: editable canonical shapes remain bounded and refuse opaque provenance rather than silently dropping it
ok 422 - editable canonical shapes remain bounded and refuse opaque provenance rather than silently dropping it
  ---
  duration_ms: 2.1775
  type: 'test'
  ...
# Subtest: JSON archive preserves exact saved data and actual CAS/hash with honest references-only metadata
ok 423 - JSON archive preserves exact saved data and actual CAS/hash with honest references-only metadata
  ---
  duration_ms: 3.8321
  type: 'test'
  ...
# Subtest: standalone HTML renders normal rich content, keeps exact archival appendix and has no active/external resources
ok 424 - standalone HTML renders normal rich content, keeps exact archival appendix and has no active/external resources
  ---
  duration_ms: 16.2553
  type: 'test'
  ...
# Subtest: unsafe and unknown rich structures remain escaped preserved data without executing markup
ok 425 - unsafe and unknown rich structures remain escaped preserved data without executing markup
  ---
  duration_ms: 12.1882
  type: 'test'
  ...
# Subtest: Markdown escapes table/fence controls and includes a complete indented JSON archive
ok 426 - Markdown escapes table/fence controls and includes a complete indented JSON archive
  ---
  duration_ms: 2.0252
  type: 'test'
  ...
# Subtest: mismatched identity, malformed input, accessors, depth/node and read/output budgets refuse without coercion
ok 427 - mismatched identity, malformed input, accessors, depth/node and read/output budgets refuse without coercion
  ---
  duration_ms: 1315.8119
  type: 'test'
  ...
# Subtest: complex rich blocks stop finite traversal and preserve full exact input in the appendix
ok 428 - complex rich blocks stop finite traversal and preserve full exact input in the appendix
  ---
  duration_ms: 57.5372
  type: 'test'
  ...
# Subtest: jagged tables preflight aggregate rendered cells before Markdown padding; HTML never builds unused padded Markdown
ok 429 - jagged tables preflight aggregate rendered cells before Markdown padding; HTML never builds unused padded Markdown
  ---
  duration_ms: 30.2128
  type: 'test'
  ...
# Subtest: lone CR cannot escape Markdown prompt/rich-fallback indentation into active HTML in the actual existing Markdown parser
ok 430 - lone CR cannot escape Markdown prompt/rich-fallback indentation into active HTML in the actual existing Markdown parser
  ---
  duration_ms: 111.8603
  type: 'test'
  ...
# Subtest: scoped domain repository and strict intent validator exist
ok 431 - scoped domain repository and strict intent validator exist
  ---
  duration_ms: 1.4472
  type: 'test'
  ...
# Subtest: Docs body and finite context commit once with exact opaque metadata and same-project reference admission
ok 432 - Docs body and finite context commit once with exact opaque metadata and same-project reference admission
  ---
  duration_ms: 838.0521
  type: 'test'
  ...
# Subtest: finite Diagram resetStyleFields deletes exact admitted optional keys under current CAS and never persists controls or erases siblings
ok 433 - finite Diagram resetStyleFields deletes exact admitted optional keys under current CAS and never persists controls or erases siblings
  ---
  duration_ms: 882.708
  type: 'test'
  ...
# Subtest: typed presentation/source/style transaction persists once and rejects stale or ambiguous edits without replacing project context
ok 434 - typed presentation/source/style transaction persists once and rejects stale or ambiguous edits without replacing project context
  ---
  duration_ms: 692.9689
  type: 'test'
  ...
# Subtest: finite layout saves and removes once against real manifest ancestry while preserving source/context and refusing stale replay
ok 435 - finite layout saves and removes once against real manifest ancestry while preserving source/context and refusing stale replay
  ---
  duration_ms: 805.4041
  type: 'test'
  ...
# Subtest: different diagrams and Docs from one original revision preserve every unrelated field and source ref
ok 436 - different diagrams and Docs from one original revision preserve every unrelated field and source ref
  ---
  duration_ms: 1039.535
  type: 'test'
  ...
# Subtest: same entity conflicts retain the selected version; duplicates return actual selected historical receipts
ok 437 - same entity conflicts retain the selected version; duplicates return actual selected historical receipts
  ---
  duration_ms: 1021.5517
  type: 'test'
  ...
# Subtest: native validation refuses rather than silently normalizing or replacing imported colors
ok 438 - native validation refuses rather than silently normalizing or replacing imported colors
  ---
  duration_ms: 420.612
  type: 'test'
  ...
# Subtest: one Diagram source/style transaction commits once, preserves all other metadata and refuses stale/unknown fields
ok 439 - one Diagram source/style transaction commits once, preserves all other metadata and refuses stale/unknown fields
  ---
  duration_ms: 676.4392
  type: 'test'
  ...
# Subtest: Docs replacement preserves linked source pointers, release provenance and exact independently expected content
ok 440 - Docs replacement preserves linked source pointers, release provenance and exact independently expected content
  ---
  duration_ms: 505.6529
  type: 'test'
  ...
# Subtest: one Docs content transaction changes title and blocks atomically while retaining agent/releases/other entities
ok 441 - one Docs content transaction changes title and blocks atomically while retaining agent/releases/other entities
  ---
  duration_ms: 721.0762
  type: 'test'
  ...
# Subtest: getters, prototype authority, unknown fields, oversize and sparse blocks are refused before user code executes
ok 442 - getters, prototype authority, unknown fields, oversize and sparse blocks are refused before user code executes
  ---
  duration_ms: 432.0547
  type: 'test'
  ...
# Subtest: revocation during validation or native selection cannot publish an edited document or successful receipt
ok 443 - revocation during validation or native selection cannot publish an edited document or successful receipt
  ---
  duration_ms: 1261.439
  type: 'test'
  ...
# Subtest: read and flush verify the current entity version and never claim an old version is the latest
ok 444 - read and flush verify the current entity version and never claim an old version is the latest
  ---
  duration_ms: 727.7607
  type: 'test'
  ...
# Subtest: checkpoint failure returns recovery-degraded instead of a false committed acknowledgement
ok 445 - checkpoint failure returns recovery-degraded instead of a false committed acknowledgement
  ---
  duration_ms: 632.8667
  type: 'test'
  ...
# Subtest: one native owner serializes document edits and finite flushes preserve both independent changes
ok 446 - one native owner serializes document edits and finite flushes preserve both independent changes
  ---
  duration_ms: 731.6611
  type: 'test'
  ...
# Subtest: native role/entity/access and result projection refuse cross-document or fabricated persistence
ok 447 - native role/entity/access and result projection refuse cross-document or fabricated persistence
  ---
  duration_ms: 348.1304
  type: 'test'
  ...
# Subtest: complete Docs roster uses native seals and latest document tokens before prepared authority
ok 448 - complete Docs roster uses native seals and latest document tokens before prepared authority
  ---
  duration_ms: 619.0321
  type: 'test'
  ...
# Subtest: a missing document flush or a changed document is not established by earlier domain commits
ok 449 - a missing document flush or a changed document is not established by earlier domain commits
  ---
  duration_ms: 697.8763
  type: 'test'
  ...
# Subtest: read result digest must describe the exact entity delivered to the renderer
ok 450 - read result digest must describe the exact entity delivered to the renderer
  ---
  duration_ms: 378.6253
  type: 'test'
  ...
# Subtest: a clean preparing peer may seal one exact conflict/read/flush recapture after the other native Diagram saves
ok 451 - a clean preparing peer may seal one exact conflict/read/flush recapture after the other native Diagram saves
  ---
  duration_ms: 843.3544
  type: 'test'
  ...
# Subtest: failed mutations and unverified or repeated flush conflicts cannot be hidden by a later successful native receipt
ok 452 - failed mutations and unverified or repeated flush conflicts cannot be hidden by a later successful native receipt
  ---
  duration_ms: 2157.9482
  type: 'test'
  ...
# Subtest: the same bounded clean recapture binds Docs to the full saved document hash, not its old token
ok 453 - the same bounded clean recapture binds Docs to the full saved document hash, not its old token
  ---
  duration_ms: 508.3196
  type: 'test'
  ...
# Subtest: whole block-style reset cannot erase imported opaque fields even with a permissive value validator
ok 454 - whole block-style reset cannot erase imported opaque fields even with a permissive value validator
  ---
  duration_ms: 242.2532
  type: 'test'
  ...
# Subtest: finite metadata edits retain opaque source pointers, siblings and exact CAS; even permissive validation cannot erase or forge unknowns
ok 455 - finite metadata edits retain opaque source pointers, siblings and exact CAS; even permissive validation cannot erase or forge unknowns
  ---
  duration_ms: 518.4462
  type: 'test'
  ...
# Subtest: metadata history reset removes only safe managed data and accepts all seven finite reset names
ok 456 - metadata history reset removes only safe managed data and accepts all seven finite reset names
  ---
  duration_ms: 441.9018
  type: 'test'
  ...
# Subtest: Diagram typed removal controls are never sent to frozen style validator; reset-only still validates source and added fields
ok 457 - Diagram typed removal controls are never sent to frozen style validator; reset-only still validates source and added fields
  ---
  duration_ms: 3.1211
  type: 'test'
  ...
# Subtest: one Diagram content mutation requires both original source/style validators and disposal before admission
ok 458 - one Diagram content mutation requires both original source/style validators and disposal before admission
  ---
  duration_ms: 1.5452
  type: 'test'
  ...
# Subtest: owned content validation uses both frozen validators and disposes on every result without accepting normalization
ok 459 - owned content validation uses both frozen validators and disposes on every result without accepting normalization
  ---
  duration_ms: 0.4724
  type: 'test'
  ...
# Subtest: native validation revocation, exception and disposal failure cannot authorize a domain save
ok 460 - native validation revocation, exception and disposal failure cannot authorize a domain save
  ---
  duration_ms: 0.5975
  type: 'test'
  ...
# Subtest: Code editor persistence adapter exists
ok 461 - Code editor persistence adapter exists
  ---
  duration_ms: 1.7417
  type: 'test'
  ...
# Subtest: a reopened clean working view replays its verified commit after another window advances without rewinding latest
ok 462 - a reopened clean working view replays its verified commit after another window advances without rewinding latest
  ---
  duration_ms: 872.7019
  type: 'test'
  ...
# Subtest: summary metrics track exact local Unicode bytes/lines while source identity advances only on native acknowledgement
ok 463 - summary metrics track exact local Unicode bytes/lines while source identity advances only on native acknowledgement
  ---
  duration_ms: 692.286
  type: 'test'
  ...
# Subtest: view pause freezes upstream admission while all earlier multi-range edits reach the source commit
ok 464 - view pause freezes upstream admission while all earlier multi-range edits reach the source commit
  ---
  duration_ms: 1065.9568
  type: 'test'
  ...
# Subtest: pausing downstream first cannot falsely acknowledge an upstream editor queue as saved
ok 465 - pausing downstream first cannot falsely acknowledge an upstream editor queue as saved
  ---
  duration_ms: 314.8819
  type: 'test'
  ...
# Subtest: pause retains local text and refuses resumed editing when an accepted native write fails
ok 466 - pause retains local text and refuses resumed editing when an accepted native write fails
  ---
  duration_ms: 438.4331
  type: 'test'
  ...
# Subtest: pause aborts an incomplete load and never reports it as a prepared view
ok 467 - pause aborts an incomplete load and never reports it as a prepared view
  ---
  duration_ms: 362.6498
  type: 'test'
  ...
# Subtest: readonly pause preserves selection without pretending to commit and disposal cannot resume
ok 468 - readonly pause preserves selection without pretending to commit and disposal cannot resume
  ---
  duration_ms: 323.8675
  type: 'test'
  ...
# Subtest: verified CM document and LF transaction parsing preserve BOM, literal CR and source offsets
ok 469 - verified CM document and LF transaction parsing preserve BOM, literal CR and source offsets
  ---
  duration_ms: 699.2814
  type: 'test'
  ...
# Subtest: one multi-range transaction persists shifted UTF16 offsets in order and advances each receipt
ok 470 - one multi-range transaction persists shifted UTF16 offsets in order and advances each receipt
  ---
  duration_ms: 964.9328
  type: 'test'
  ...
# Subtest: flush awaits actual in-flight durable edits, blocks new edits and coalesces callers
ok 471 - flush awaits actual in-flight durable edits, blocks new edits and coalesces callers
  ---
  duration_ms: 542.2378
  type: 'test'
  ...
# Subtest: a native edit refusal retains every local edit, fences subsequent edits and never commits
ok 472 - a native edit refusal retains every local edit, fences subsequent edits and never commits
  ---
  duration_ms: 338.6755
  type: 'test'
  ...
# Subtest: split emoji and malformed insert are refused before changing document or native source
ok 473 - split emoji and malformed insert are refused before changing document or native source
  ---
  duration_ms: 342.6999
  type: 'test'
  ...
# Subtest: readonly state rejects changes but permits selection without durable writes
ok 474 - readonly state rejects changes but permits selection without durable writes
  ---
  duration_ms: 303.3882
  type: 'test'
  ...
# Subtest: native receipt after client reset cannot mark retained optimistic text as saved
ok 475 - native receipt after client reset cannot mark retained optimistic text as saved
  ---
  duration_ms: 474.0255
  type: 'test'
  ...
# Subtest: disposal aborts in-flight open and cannot resurrect an editor document
ok 476 - disposal aborts in-flight open and cannot resurrect an editor document
  ---
  duration_ms: 315.3462
  type: 'test'
  ...
# Subtest: real history undo and redo persist the complete expected source through native receipts
ok 477 - real history undo and redo persist the complete expected source through native receipts
  ---
  duration_ms: 1112.1362
  type: 'test'
  ...
# Subtest: open completion observer reset cannot publish an obsolete success
ok 478 - open completion observer reset cannot publish an obsolete success
  ---
  duration_ms: 406.5634
  type: 'test'
  ...
# Subtest: flush completion observer reset preserves the commit but refuses obsolete UI success
ok 479 - flush completion observer reset preserves the commit but refuses obsolete UI success
  ---
  duration_ms: 704.2031
  type: 'test'
  ...
# Subtest: open completion observer dispose cannot publish an obsolete success
ok 480 - open completion observer dispose cannot publish an obsolete success
  ---
  duration_ms: 291.3005
  type: 'test'
  ...
# Subtest: flush completion observer dispose preserves the commit but refuses obsolete UI success
ok 481 - flush completion observer dispose preserves the commit but refuses obsolete UI success
  ---
  duration_ms: 642.2813
  type: 'test'
  ...
# Subtest: a final-size-valid transaction refuses an over-budget intermediate native source before any prefix
ok 482 - a final-size-valid transaction refuses an over-budget intermediate native source before any prefix
  ---
  duration_ms: 0.6323
  type: 'test'
  ...
# Subtest: client disposal by the first completed-status observer suppresses later ready notifications
ok 483 - client disposal by the first completed-status observer suppresses later ready notifications
  ---
  duration_ms: 221.5107
  type: 'test'
  ...
# Subtest: failed source loading exposes its refusal status without falsely announcing a ready document
ok 484 - failed source loading exposes its refusal status without falsely announcing a ready document
  ---
  duration_ms: 246.4469
  type: 'test'
  ...
# Subtest: shipped manual is finite, immutable and tied to real source files
ok 485 - shipped manual is finite, immutable and tied to real source files
  ---
  duration_ms: 11.1107
  type: 'test'
  ...
# Subtest: catalog refuses duplicate article and scoped mapping identities
ok 486 - catalog refuses duplicate article and scoped mapping identities
  ---
  duration_ms: 2.4219
  type: 'test'
  ...
# Subtest: catalog rejects dangling relations, executable fields, getters and oversized prose without invoking getters
ok 487 - catalog rejects dangling relations, executable fields, getters and oversized prose without invoking getters
  ---
  duration_ms: 5.1287
  type: 'test'
  ...
# Subtest: non-enumerable required fields cannot disappear when a validated catalog is snapshotted
ok 488 - non-enumerable required fields cannot disappear when a validated catalog is snapshotted
  ---
  duration_ms: 3.0428
  type: 'test'
  ...
# Subtest: flow bounds and references refuse cycles, duplicate nodes and excessive data
ok 489 - flow bounds and references refuse cycles, duplicate nodes and excessive data
  ---
  duration_ms: 4.3086
  type: 'test'
  ...
# Subtest: partial export and opening failure never imply that a committed result disappeared
ok 490 - partial export and opening failure never imply that a committed result disappeared
  ---
  duration_ms: 0.5755
  type: 'test'
  ...
# Subtest: every shipped exact mapped code occurs in at least one referenced source
ok 491 - every shipped exact mapped code occurs in at least one referenced source
  ---
  duration_ms: 17.6796
  type: 'test'
  ...
# Subtest: CI executes actual Help in development and a verified portable copy and retains its failure evidence
ok 492 - CI executes actual Help in development and a verified portable copy and retains its failure evidence
  ---
  duration_ms: 2.4212
  type: 'test'
  ...
# Subtest: CI refuses missing Help, swallowed package exit, late execution and broad private uploads
ok 493 - CI refuses missing Help, swallowed package exit, late execution and broad private uploads
  ---
  duration_ms: 5.8397
  type: 'test'
  ...
# Subtest: native F1 handler routes exact unmodified key once and consumes repeats without new authority
ok 494 - native F1 handler routes exact unmodified key once and consumes repeats without new authority
  ---
  duration_ms: 1.4428
  type: 'test'
  ...
# Subtest: native Help dispatches only a fixed command to the current registered origin
ok 495 - native Help dispatches only a fixed command to the current registered origin
  ---
  duration_ms: 1.4403
  type: 'test'
  ...
# Subtest: native Help refuses absent, stale, Audience and asynchronous truthiness authority
ok 496 - native Help refuses absent, stale, Audience and asynchronous truthiness authority
  ---
  duration_ms: 1.464
  type: 'test'
  ...
# Subtest: preloads expose only a fixed read-only Help event and unsubscribe cleanly
ok 497 - preloads expose only a fixed read-only Help event and unsubscribe cleanly
  ---
  duration_ms: 15.2323
  type: 'test'
  ...
# Subtest: exact namespace and operation select the meaning of reused codes
ok 498 - exact namespace and operation select the meaning of reused codes
  ---
  duration_ms: 1.2216
  type: 'test'
  ...
# Subtest: unknown, arbitrary stdout, extra project text and non-data input never become diagnoses
ok 499 - unknown, arbitrary stdout, extra project text and non-data input never become diagnoses
  ---
  duration_ms: 0.2958
  type: 'test'
  ...
# Subtest: exact code and title rank ahead of prose, with deterministic local category search
ok 500 - exact code and title rank ahead of prose, with deterministic local category search
  ---
  duration_ms: 13.4239
  type: 'test'
  ...
# Subtest: bounded search refuses malformed query and never interprets HTML or regex
ok 501 - bounded search refuses malformed query and never interprets HTML or regex
  ---
  duration_ms: 0.5308
  type: 'test'
  ...
# Subtest: flow and catalog snapshots cannot be changed by the caller
ok 502 - flow and catalog snapshots cannot be changed by the caller
  ---
  duration_ms: 2.0598
  type: 'test'
  ...
# Subtest: manual uses real catalog search, scoped diagnosis and local category filtering
ok 503 - manual uses real catalog search, scoped diagnosis and local category filtering
  ---
  duration_ms: 76.0996
  type: 'test'
  ...
# Subtest: flow has finite interactive decisions, a text alternative and reset
ok 504 - flow has finite interactive decisions, a text alternative and reset
  ---
  duration_ms: 19.587
  type: 'test'
  ...
# Subtest: Escape closes, clears diagnosis and restores initiator focus; dispose cannot reopen
ok 505 - Escape closes, clears diagnosis and restores initiator focus; dispose cannot reopen
  ---
  duration_ms: 13.2773
  type: 'test'
  ...
# Subtest: unavailable or retired context cannot reveal a panel or accept arbitrary metadata
ok 506 - unavailable or retired context cannot reveal a panel or accept arbitrary metadata
  ---
  duration_ms: 14.0889
  type: 'test'
  ...
# Subtest: callbacks retained from a retired dialog cannot change a newly opened article
ok 507 - callbacks retained from a retired dialog cannot change a newly opened article
  ---
  duration_ms: 12.0457
  type: 'test'
  ...
# Subtest: opening the manual without an error welcomes browsing instead of diagnosing an unknown failure
ok 508 - opening the manual without an error welcomes browsing instead of diagnosing an unknown failure
  ---
  duration_ms: 13.209
  type: 'test'
  ...
# Subtest: Escape is consumed so a containing Presenter does not also leave fullscreen
ok 509 - Escape is consumed so a containing Presenter does not also leave fullscreen
  ---
  duration_ms: 14.6084
  type: 'test'
  ...
# Subtest: shared manual closes synchronously on cover and cannot reopen before native resume
ok 510 - shared manual closes synchronously on cover and cannot reopen before native resume
  ---
  duration_ms: 11.8026
  type: 'test'
  ...
# Subtest: contextual error and static render help are finite, inert and retired on Lock
ok 511 - contextual error and static render help are finite, inert and retired on Lock
  ---
  duration_ms: 14.3633
  type: 'test'
  ...
# Subtest: cover and resume retire earlier error controls and refuse results captured before the transition
ok 512 - cover and resume retire earlier error controls and refuse results captured before the transition
  ---
  duration_ms: 11.5399
  type: 'test'
  ...
# Subtest: delayed events from a closed dialog cannot close its replacement
ok 513 - delayed events from a closed dialog cannot close its replacement
  ---
  duration_ms: 13.6671
  type: 'test'
  ...
# Subtest: unknown structured error keeps only its bounded code visible without guessing a cause
ok 514 - unknown structured error keeps only its bounded code visible without guessing a cause
  ---
  duration_ms: 10.2778
  type: 'test'
  ...
# Subtest: the actual Docs save callback cannot offer a diagnosis after native cover and resume
ok 515 - the actual Docs save callback cannot offer a diagnosis after native cover and resume
  ---
  duration_ms: 12.0287
  type: 'test'
  ...
# Subtest: actual Home backup cancellation stays neutral with shared Help installed; real failures still explain
ok 516 - actual Home backup cancellation stays neutral with shared Help installed; real failures still explain
  ---
  duration_ms: 17.7889
  type: 'test'
  ...
# Subtest: repeated open is a single dialog with an unknown-identity explanation
ok 517 - repeated open is a single dialog with an unknown-identity explanation
  ---
  duration_ms: 10.0963
  type: 'test'
  ...
# Subtest: Home native regression runs once and retains its nested receipt even on failure
ok 518 - Home native regression runs once and retains its nested receipt even on failure
  ---
  duration_ms: 2.4849
  type: 'test'
  ...
# Subtest: Home CI admission rejects missing retention, blanket profile capture and package mislabeling
ok 519 - Home CI admission rejects missing retention, blanket profile capture and package mislabeling
  ---
  duration_ms: 3.8048
  type: 'test'
  ...
# Subtest: Home exports internally selected saved classic bytes and returns only finite verified facts
ok 520 - Home exports internally selected saved classic bytes and returns only finite verified facts
  ---
  duration_ms: 253.3285
  type: 'test'
  ...
# Subtest: source-backed saved backup round-trips exact BOM CRLF Unicode and opaque history; private drafts stay outside it
ok 521 - source-backed saved backup round-trips exact BOM CRLF Unicode and opaque history; private drafts stay outside it
  ---
  duration_ms: 756.3642
  type: 'test'
  ...
# Subtest: extra fields, accessor payloads, forged frames/URLs, locked or missing selection never read or publish
ok 522 - extra fields, accessor payloads, forged frames/URLs, locked or missing selection never read or publish
  ---
  duration_ms: 919.7927
  type: 'test'
  ...
# Subtest: readonly saved export remains available, cancellation is not success, and a completed operation releases its pending slot
ok 523 - readonly saved export remains available, cancellation is not success, and a completed operation releases its pending slot
  ---
  duration_ms: 137.9832
  type: 'test'
  ...
# Subtest: one pending Home export; Lock then unlock during saved read permanently revokes it
ok 524 - one pending Home export; Lock then unlock during saved read permanently revokes it
  ---
  duration_ms: 131.424
  type: 'test'
  ...
# Subtest: base64 wire expansion over importer limit refuses before loading any source bytes
ok 525 - base64 wire expansion over importer limit refuses before loading any source bytes
  ---
  duration_ms: 706.6756
  type: 'test'
  ...
# Subtest: source corruption cannot fall back to metadata-only output or open a chooser
ok 526 - source corruption cannot fall back to metadata-only output or open a chooser
  ---
  duration_ms: 826.8649
  type: 'test'
  ...
# Subtest: actual main Home registration publishes exact saved bytes through tracked writer, without legacy URL widening
ok 527 - actual main Home registration publishes exact saved bytes through tracked writer, without legacy URL widening
  ---
  duration_ms: 321.1089
  type: 'test'
  ...
# Subtest: actual Home publication revocation at before-flush preserves existing destination and cleans pending bytes
ok 528 - actual Home publication revocation at before-flush preserves existing destination and cleans pending bytes
  ---
  duration_ms: 163.3773
  type: 'test'
  ...
# Subtest: actual Home publication revocation at after-flush preserves existing destination and cleans pending bytes
ok 529 - actual Home publication revocation at after-flush preserves existing destination and cleans pending bytes
  ---
  duration_ms: 120.8857
  type: 'test'
  ...
# Subtest: actual Home publication revocation at before-rename preserves existing destination and cleans pending bytes
ok 530 - actual Home publication revocation at before-rename preserves existing destination and cleans pending bytes
  ---
  duration_ms: 160.7871
  type: 'test'
  ...
# Subtest: accepted rename remains in actual drain until readback; Lock cannot relabel committed output as cancellation
ok 531 - accepted rename remains in actual drain until readback; Lock cannot relabel committed output as cancellation
  ---
  duration_ms: 128.0176
  type: 'test'
  ...
# Subtest: failed readback after accepted rename and revocation reports uncertain output rather than clean access refusal
ok 532 - failed readback after accepted rename and revocation reports uncertain output rather than clean access refusal
  ---
  duration_ms: 155.7446
  type: 'test'
  ...
# Subtest: unanswered chooser is not a writes drain; returning to same project cannot revive it
ok 533 - unanswered chooser is not a writes drain; returning to same project cannot revive it
  ---
  duration_ms: 120.3942
  type: 'test'
  ...
# Subtest: actual main cancellation and single pending chooser leave snapshot and output untouched
ok 534 - actual main cancellation and single pending chooser leave snapshot and output untouched
  ---
  duration_ms: 138.7299
  type: 'test'
  ...
# Subtest: actual destination write failure is distinguished from unavailable saved data
ok 535 - actual destination write failure is distinguished from unavailable saved data
  ---
  duration_ms: 220.5396
  type: 'test'
  ...
# Subtest: unconfirmed cleanup remains a rejected actual drain rather than successful Lock
ok 536 - unconfirmed cleanup remains a rejected actual drain rather than successful Lock
  ---
  duration_ms: 156.6583
  type: 'test'
  ...
# Subtest: home_never_reads_content_to_list_recents even a huge invalid pointer stays metadata only
ok 537 - home_never_reads_content_to_list_recents even a huge invalid pointer stays metadata only
  ---
  duration_ms: 403.2229
  type: 'test'
  ...
# Subtest: missing recent entries retain labels and timestamps with honest unavailable status
ok 538 - missing recent entries retain labels and timestamps with honest unavailable status
  ---
  duration_ms: 11.5784
  type: 'test'
  ...
# Subtest: cold owned projects have generic labels and no invented last-visited date
ok 539 - cold owned projects have generic labels and no invented last-visited date
  ---
  duration_ms: 12.3347
  type: 'test'
  ...
# Subtest: recent summaries precede cold discovery without duplicate IDs or non-project files
ok 540 - recent summaries precede cold discovery without duplicate IDs or non-project files
  ---
  duration_ms: 37.7303
  type: 'test'
  ...
# Subtest: catalog strictly validates navigation input instead of projecting injected content
ok 541 - catalog strictly validates navigation input instead of projecting injected content
  ---
  duration_ms: 14.5558
  type: 'test'
  ...
# Subtest: empty data root has no fabricated project or disk writes
ok 542 - empty data root has no fabricated project or disk writes
  ---
  duration_ms: 3.4485
  type: 'test'
  ...
# Subtest: incomplete or corrupt source-import markers cannot advertise a usable project
ok 543 - incomplete or corrupt source-import markers cannot advertise a usable project
  ---
  duration_ms: 18.6796
  type: 'test'
  ...
# Subtest: Home native menu shortcuts route once to finite commands and disposal removes the listener
ok 544 - Home native menu shortcuts route once to finite commands and disposal removes the listener
  ---
  duration_ms: 4.5671
  type: 'test'
  ...
# Subtest: Home commands cannot run behind PIN or a retired workspace; busy UI still permits native Lock
ok 545 - Home commands cannot run behind PIN or a retired workspace; busy UI still permits native Lock
  ---
  duration_ms: 1.2374
  type: 'test'
  ...
# Subtest: actual Home export command invokes saved-backup bridge once, retains completion and never navigates
ok 546 - actual Home export command invokes saved-backup bridge once, retains completion and never navigates
  ---
  duration_ms: 6.983
  type: 'test'
  ...
# Subtest: Home cancellation stays cancellation and covered pending completion cannot repaint private status
ok 547 - Home cancellation stays cancellation and covered pending completion cannot repaint private status
  ---
  duration_ms: 2.1474
  type: 'test'
  ...
# Subtest: visible Home Lock remains enabled while backup waits for its native destination
ok 548 - visible Home Lock remains enabled while backup waits for its native destination
  ---
  duration_ms: 1.7659
  type: 'test'
  ...
# Subtest: cross-project Continue opens its resolved document after genuine selection and returns only the native receipt
ok 549 - cross-project Continue opens its resolved document after genuine selection and returns only the native receipt
  ---
  duration_ms: 427.2632
  type: 'test'
  ...
# Subtest: missing entity, unavailable project and Lock during resolution leave the previous project untouched
ok 550 - missing entity, unavailable project and Lock during resolution leave the previous project untouched
  ---
  duration_ms: 644.9325
  type: 'test'
  ...
# Subtest: copied selection metadata cannot promote an old Home request into a new project window
ok 551 - copied selection metadata cannot promote an old Home request into a new project window
  ---
  duration_ms: 294.105
  type: 'test'
  ...
# Subtest: Continue for a saved native Diagram resolves and opens the exact entity in the selected project
ok 552 - Continue for a saved native Diagram resolves and opens the exact entity in the selected project
  ---
  duration_ms: 293.9991
  type: 'test'
  ...
# Subtest: Continue for a saved presentation resolves the exact deck and opens a Presenter, never Audience or raw source
ok 553 - Continue for a saved presentation resolves the exact deck and opens a Presenter, never Audience or raw source
  ---
  duration_ms: 203.6072
  type: 'test'
  ...
# Subtest: Continue validates missing/cross-project native Diagram before changing the selected project
ok 554 - Continue validates missing/cross-project native Diagram before changing the selected project
  ---
  duration_ms: 496.4532
  type: 'test'
  ...
# Subtest: Home permits native PIN and update controls while refusing workspace envelopes and project bytes
ok 555 - Home permits native PIN and update controls while refusing workspace envelopes and project bytes
  ---
  duration_ms: 1.6032
  type: 'test'
  ...
# Subtest: only the genuine App route can request Home, and locked access or extra fields refuse it
ok 556 - only the genuine App route can request Home, and locked access or extra fields refuse it
  ---
  duration_ms: 0.4832
  type: 'test'
  ...
# Subtest: actual native document handler prepares first and acknowledges durable same-project reselection with no new caller authority
ok 557 - actual native document handler prepares first and acknowledges durable same-project reselection with no new caller authority
  ---
  duration_ms: 809.7073
  type: 'test'
  ...
# Subtest: forged frame, caller identities, locked or readonly mode refuse before preparation and manifest writes
ok 558 - forged frame, caller identities, locked or readonly mode refuse before preparation and manifest writes
  ---
  duration_ms: 1972.0182
  type: 'test'
  ...
# Subtest: creation derives the genuinely saved post-preparation document rather than stale bootstrap content
ok 559 - creation derives the genuinely saved post-preparation document rather than stale bootstrap content
  ---
  duration_ms: 891.1191
  type: 'test'
  ...
# Subtest: Lock at the actual document selector refuses selection and retains the complete original project
ok 560 - Lock at the actual document selector refuses selection and retains the complete original project
  ---
  duration_ms: 466.9861
  type: 'test'
  ...
# Subtest: new document commits exactly one native identity with no invented agent/release and preserves every existing source, document and diagram
ok 561 - new document commits exactly one native identity with no invented agent/release and preserves every existing source, document and diagram
  ---
  duration_ms: 1269.6649
  type: 'test'
  ...
# Subtest: title request rejects extra authority, getters, invalid Unicode and length before any project write
ok 562 - title request rejects extra authority, getters, invalid Unicode and length before any project write
  ---
  duration_ms: 908.6076
  type: 'test'
  ...
# Subtest: stale snapshot, classic project and revoked authority cannot add a document
ok 563 - stale snapshot, classic project and revoked authority cannot add a document
  ---
  duration_ms: 1292.0679
  type: 'test'
  ...
# Subtest: access loss at the real atomic manifest selector retains the selected snapshot
ok 564 - access loss at the real atomic manifest selector retains the selected snapshot
  ---
  duration_ms: 965.7208
  type: 'test'
  ...
# Subtest: the finite 4096-document catalog refuses another document without changing sources or the selected manifest
ok 565 - the finite 4096-document catalog refuses another document without changing sources or the selected manifest
  ---
  duration_ms: 1385.5913
  type: 'test'
  ...
# Subtest: empty readonly Recovery acknowledges a real retired frame and genuine native roster once
ok 566 - empty readonly Recovery acknowledges a real retired frame and genuine native roster once
  ---
  duration_ms: 93.1326
  type: 'test'
  ...
# Subtest: copied native roster, URL-only mutation and loading Recovery cannot manufacture an acknowledgement
ok 567 - copied native roster, URL-only mutation and loading Recovery cannot manufacture an acknowledgement
  ---
  duration_ms: 7.9107
  type: 'test'
  ...
# Subtest: normal no-project Home and Lock during a readonly transition cannot authorize Recovery
ok 568 - normal no-project Home and Lock during a readonly transition cannot authorize Recovery
  ---
  duration_ms: 8.3029
  type: 'test'
  ...
# Subtest: entry URLs and native route contracts have one finite shared definition
ok 569 - entry URLs and native route contracts have one finite shared definition
  ---
  duration_ms: 0.9032
  type: 'test'
  ...
# Subtest: genuine Home activation grants no source/entity access and explicit App activation retains its native scope
ok 570 - genuine Home activation grants no source/entity access and explicit App activation retains its native scope
  ---
  duration_ms: 2.1553
  type: 'test'
  ...
# Subtest: unknown entry, query, injected activation options and spoofed same-URL frames never activate a workspace
ok 571 - unknown entry, query, injected activation options and spoofed same-URL frames never activate a workspace
  ---
  duration_ms: 1.0112
  type: 'test'
  ...
# Subtest: Home readiness requires an explicit native expected URL; legacy default still requires App
ok 572 - Home readiness requires an explicit native expected URL; legacy default still requires App
  ---
  duration_ms: 0.808
  type: 'test'
  ...
# Subtest: navigation away from a pending Home load refuses before invoking the PIN or route operation
ok 573 - navigation away from a pending Home load refuses before invoking the PIN or route operation
  ---
  duration_ms: 0.8019
  type: 'test'
  ...
# Subtest: routes copy exact source references and never accept caller URLs, epochs or another surface source reference
ok 574 - routes copy exact source references and never accept caller URLs, epochs or another surface source reference
  ---
  duration_ms: 0.8436
  type: 'test'
  ...
# Subtest: explicit null and accessor readiness/entry options are refused without invoking user code
ok 575 - explicit null and accessor readiness/entry options are refused without invoking user code
  ---
  duration_ms: 0.5884
  type: 'test'
  ...
# Subtest: Home fixture admits exactly its five genuine local resources, including catalogue assets
ok 576 - Home fixture admits exactly its five genuine local resources, including catalogue assets
  ---
  duration_ms: 2.1609
  type: 'test'
  ...
# Subtest: Home fixture continues to reject foreign, diagram, source and unexpected local requests
ok 577 - Home fixture continues to reject foreign, diagram, source and unexpected local requests
  ---
  duration_ms: 0.3441
  type: 'test'
  ...
# Subtest: actual fresh Home builder references every whitelisted asset with integrity, and no other external asset
ok 578 - actual fresh Home builder references every whitelisted asset with integrity, and no other external asset
  ---
  duration_ms: 1578.8927
  type: 'test'
  ...
# Subtest: Home is a bounded standalone entry with exact local script identities and no diagram initialization
ok 579 - Home is a bounded standalone entry with exact local script identities and no diagram initialization
  ---
  duration_ms: 1601.2557
  type: 'test'
  ...
# Subtest: actual native import service uses an isolated validator instead of executing the workspace renderer
ok 580 - actual native import service uses an isolated validator instead of executing the workspace renderer
  ---
  duration_ms: 438.53
  type: 'test'
  ...
# Subtest: access change while hidden import validation is pending creates no project or checkpoint
ok 581 - access change while hidden import validation is pending creates no project or checkpoint
  ---
  duration_ms: 155.5271
  type: 'test'
  ...
# Subtest: actual legacy native chooser restores an emitted source bundle into a distinct durable copy
ok 582 - actual legacy native chooser restores an emitted source bundle into a distinct durable copy
  ---
  duration_ms: 1417.06
  type: 'test'
  ...
# Subtest: legacy import scope is captured before chooser and revoked permanently by preparation epoch
ok 583 - legacy import scope is captured before chooser and revoked permanently by preparation epoch
  ---
  duration_ms: 94.9866
  type: 'test'
  ...
# Subtest: ordinary bundle import cannot bypass native readonly or recovery through private copy stores
ok 584 - ordinary bundle import cannot bypass native readonly or recovery through private copy stores
  ---
  duration_ms: 1301.1617
  type: 'test'
  ...
# Subtest: actual Home import hands off to genuine durable native selection and saved recovery
ok 585 - actual Home import hands off to genuine durable native selection and saved recovery
  ---
  duration_ms: 285.1927
  type: 'test'
  ...
# Subtest: actual Home import uses a native chooser and isolated validator, returning metadata without source text
ok 586 - actual Home import uses a native chooser and isolated validator, returning metadata without source text
  ---
  duration_ms: 23.8861
  type: 'test'
  ...
# Subtest: Home import cancellation, extra identity fields and Lock during chooser do not select a project
ok 587 - Home import cancellation, extra identity fields and Lock during chooser do not select a project
  ---
  duration_ms: 43.7
  type: 'test'
  ...
# Subtest: actual Home door selects a source-bundle copy with exact source bytes and saved checkpoint
ok 588 - actual Home door selects a source-bundle copy with exact source bytes and saved checkpoint
  ---
  duration_ms: 1229.3107
  type: 'test'
  ...
# Subtest: Home copy cannot adopt a new epoch after Lock and rollback while its own preparation was pending
ok 589 - Home copy cannot adopt a new epoch after Lock and rollback while its own preparation was pending
  ---
  duration_ms: 472.1369
  type: 'test'
  ...
# Subtest: actual Home open refuses an incomplete copy even when its selected manifest is readable
ok 590 - actual Home open refuses an incomplete copy even when its selected manifest is readable
  ---
  duration_ms: 124.137
  type: 'test'
  ...
# Subtest: headless import build retains frozen validator/signoff and stops before workspace initialization
ok 591 - headless import build retains frozen validator/signoff and stops before workspace initialization
  ---
  duration_ms: 5531.6686
  type: 'test'
  ...
# Subtest: unrecognized baseline cannot overwrite an existing validator entry
ok 592 - unrecognized baseline cannot overwrite an existing validator entry
  ---
  duration_ms: 4.4046
  type: 'test'
  ...
# Subtest: native import copies chosen bytes and disposes its isolated validator on success and failure
ok 593 - native import copies chosen bytes and disposes its isolated validator on success and failure
  ---
  duration_ms: 1.1787
  type: 'test'
  ...
# Subtest: native import refuses invalid UTF8 paths oversize or stale access before validator admission
ok 594 - native import refuses invalid UTF8 paths oversize or stale access before validator admission
  ---
  duration_ms: 1.7483
  type: 'test'
  ...
# Subtest: Lock during validation refuses publication and failed disposal never reports a valid import
ok 595 - Lock during validation refuses publication and failed disposal never reports a valid import
  ---
  duration_ms: 0.4149
  type: 'test'
  ...
# Subtest: metadata-only Home has genuine native caller without a selected project or source grant
ok 596 - metadata-only Home has genuine native caller without a selected project or source grant
  ---
  duration_ms: 4.1634
  type: 'test'
  ...
# Subtest: same-origin forged sender subframe and non-exact URL cannot read Home
ok 597 - same-origin forged sender subframe and non-exact URL cannot read Home
  ---
  duration_ms: 0.6769
  type: 'test'
  ...
# Subtest: locked Home request and an old grant after lock/unlock are refused
ok 598 - locked Home request and an old grant after lock/unlock are refused
  ---
  duration_ms: 0.3481
  type: 'test'
  ...
# Subtest: Lock generation and frame replacement during asynchronous read suppress metadata
ok 599 - Lock generation and frame replacement during asynchronous read suppress metadata
  ---
  duration_ms: 1.1379
  type: 'test'
  ...
# Subtest: request getters extra fields inherited fields and unknown methods never dispatch
ok 600 - request getters extra fields inherited fields and unknown methods never dispatch
  ---
  duration_ms: 2.6083
  type: 'test'
  ...
# Subtest: Home result refuses content fields oversized lists or planted private values
ok 601 - Home result refuses content fields oversized lists or planted private values
  ---
  duration_ms: 2.7103
  type: 'test'
  ...
# Subtest: location write derives native project and carries a live access fence
ok 602 - location write derives native project and carries a live access fence
  ---
  duration_ms: 0.3545
  type: 'test'
  ...
# Subtest: metadata projections preserve exact immutable Continue reference and finite view identity
ok 603 - metadata projections preserve exact immutable Continue reference and finite view identity
  ---
  duration_ms: 1.6012
  type: 'test'
  ...
# Subtest: no selected project may offer Continue for a listed project without granting its data
ok 604 - no selected project may offer Continue for a listed project without granting its data
  ---
  duration_ms: 0.6463
  type: 'test'
  ...
# Subtest: unexpected native revalidation failure is a sanitized refusal instead of a rejected promise
ok 605 - unexpected native revalidation failure is a sanitized refusal instead of a rejected promise
  ---
  duration_ms: 0.5089
  type: 'test'
  ...
# Subtest: creation format is a finite optional choice; callers cannot supply a snapshot, path or conversion authority
ok 606 - creation format is a finite optional choice; callers cannot supply a snapshot, path or conversion authority
  ---
  duration_ms: 0.621
  type: 'test'
  ...
# Subtest: tests/native/home-library.mjs accepts actual Settings with all four named actions in order
ok 607 - tests/native/home-library.mjs accepts actual Settings with all four named actions in order
  ---
  duration_ms: 16.2949
  type: 'test'
  ...
# Subtest: tests/native/home-library.mjs refuses missing, renamed, reordered and unexpected Settings actions
ok 608 - tests/native/home-library.mjs refuses missing, renamed, reordered and unexpected Settings actions
  ---
  duration_ms: 23.2634
  type: 'test'
  ...
# Subtest: tests/native/home-library-search.mjs accepts actual Settings with all four named actions in order
ok 609 - tests/native/home-library-search.mjs accepts actual Settings with all four named actions in order
  ---
  duration_ms: 4.0431
  type: 'test'
  ...
# Subtest: tests/native/home-library-search.mjs refuses missing, renamed, reordered and unexpected Settings actions
ok 610 - tests/native/home-library-search.mjs refuses missing, renamed, reordered and unexpected Settings actions
  ---
  duration_ms: 13.6856
  type: 'test'
  ...
# Subtest: recovery privacy waits for actual DOM after real locked preload admission
ok 611 - recovery privacy waits for actual DOM after real locked preload admission
  ---
  duration_ms: 8.4274
  type: 'test'
  ...
# Subtest: recovery admission still fails if the admitted body exposes the private project label
ok 612 - recovery admission still fails if the admitted body exposes the private project label
  ---
  duration_ms: 8.0843
  type: 'test'
  ...
# Subtest: recovery never treats absent body as privacy success or extends the existing deadline
ok 613 - recovery never treats absent body as privacy success or extends the existing deadline
  ---
  duration_ms: 170.6024
  type: 'test'
  ...
# Subtest: actual native Home creation selects an owned durable project and acknowledges metadata only
ok 614 - actual native Home creation selects an owned durable project and acknowledges metadata only
  ---
  duration_ms: 175.3443
  type: 'test'
  ...
# Subtest: actual failed Home selector retains no selected snapshot or false metadata acknowledgement
ok 615 - actual failed Home selector retains no selected snapshot or false metadata acknowledgement
  ---
  duration_ms: 147.6194
  type: 'test'
  ...
# Subtest: actual desktop New selects the source-aware copy through durable native Home acknowledgement
ok 616 - actual desktop New selects the source-aware copy through durable native Home acknowledgement
  ---
  duration_ms: 426.1199
  type: 'test'
  ...
# Subtest: desktop New creates one durable source-aware project with real editable Docs/Diagram entities and a saved checkpoint
ok 617 - desktop New creates one durable source-aware project with real editable Docs/Diagram entities and a saved checkpoint
  ---
  duration_ms: 325.004
  type: 'test'
  ...
# Subtest: Home conversion preserves original pointer/revision bytes and source/agent/release identities in a separate selected-ready copy
ok 618 - Home conversion preserves original pointer/revision bytes and source/agent/release identities in a separate selected-ready copy
  ---
  duration_ms: 1461.0133
  type: 'test'
  ...
# Subtest: Lock/navigation during source extraction cannot select a source manifest or acknowledge a successful copy
ok 619 - Lock/navigation during source extraction cannot select a source manifest or acknowledge a successful copy
  ---
  duration_ms: 347.4545
  type: 'test'
  ...
# Subtest: expired native scope refuses before creating anything; schema2 conversion is rejected without writes
ok 620 - expired native scope refuses before creating anything; schema2 conversion is rejected without writes
  ---
  duration_ms: 349.3739
  type: 'test'
  ...
# Subtest: a retained copy without a verified saved recovery point is not admitted as a completed Home conversion
ok 621 - a retained copy without a verified saved recovery point is not admitted as a completed Home conversion
  ---
  duration_ms: 681.449
  type: 'test'
  ...
# Subtest: first-use Home selection acknowledges only an actual durable project and fresh native scope
ok 622 - first-use Home selection acknowledges only an actual durable project and fresh native scope
  ---
  duration_ms: 236.1242
  type: 'test'
  ...
# Subtest: memory selection without an owned durable pointer cannot confirm Home selection
ok 623 - memory selection without an owned durable pointer cannot confirm Home selection
  ---
  duration_ms: 105.9461
  type: 'test'
  ...
# Subtest: copied selection metadata and Lock after a genuine selection do not publish success
ok 624 - copied selection metadata and Lock after a genuine selection do not publish success
  ---
  duration_ms: 348.8259
  type: 'test'
  ...
# Subtest: only genuine Continue selection permits a finite follow-up and Lock retires that scope
ok 625 - only genuine Continue selection permits a finite follow-up and Lock retires that scope
  ---
  duration_ms: 186.5252
  type: 'test'
  ...
# Subtest: Home state lists only cached metadata without reading project or source contents
ok 626 - Home state lists only cached metadata without reading project or source contents
  ---
  duration_ms: 193.8898
  type: 'test'
  ...
# Subtest: Home state permits empty selection and retains cached Continue without granting source access
ok 627 - Home state permits empty selection and retains cached Continue without granting source access
  ---
  duration_ms: 229.411
  type: 'test'
  ...
# Subtest: recording resolved location uses verified native label timestamp and preserves snapshot
ok 628 - recording resolved location uses verified native label timestamp and preserves snapshot
  ---
  duration_ms: 247.6555
  type: 'test'
  ...
# Subtest: unknown entity readonly state and stale source reference cannot overwrite prior navigation
ok 629 - unknown entity readonly state and stale source reference cannot overwrite prior navigation
  ---
  duration_ms: 177.5545
  type: 'test'
  ...
# Subtest: Lock during catalog or domain resolution suppresses metadata and persistence
ok 630 - Lock during catalog or domain resolution suppresses metadata and persistence
  ---
  duration_ms: 111.7121
  type: 'test'
  ...
# Subtest: project change inside atomic navigation replacement cannot publish stale metadata
ok 631 - project change inside atomic navigation replacement cannot publish stale metadata
  ---
  duration_ms: 204.3193
  type: 'test'
  ...
# Subtest: caller mutation during domain resolution cannot alter the recorded source version or cursor
ok 632 - caller mutation during domain resolution cannot alter the recorded source version or cursor
  ---
  duration_ms: 169.3621
  type: 'test'
  ...
# Subtest: resolver cannot silently substitute an immutable version by mutating its request
ok 633 - resolver cannot silently substitute an immutable version by mutating its request
  ---
  duration_ms: 236.1095
  type: 'test'
  ...
# Subtest: Continue diagnostics follow genuine durable navigation stages without private metadata
ok 634 - Continue diagnostics follow genuine durable navigation stages without private metadata
  ---
  duration_ms: 268.7817
  type: 'test'
  ...
# Subtest: Continue diagnostics expose the held read boundary and refuse Lock before persistence
ok 635 - Continue diagnostics expose the held read boundary and refuse Lock before persistence
  ---
  duration_ms: 133.9267
  type: 'test'
  ...
# Subtest: Continue diagnostics retain refusals and sanitize unexpected storage errors
ok 636 - Continue diagnostics retain refusals and sanitize unexpected storage errors
  ---
  duration_ms: 131.9581
  type: 'test'
  ...
# Subtest: a failed diagnostic sink cannot change a real navigation receipt or persistence
ok 637 - a failed diagnostic sink cannot change a real navigation receipt or persistence
  ---
  duration_ms: 295.1442
  type: 'test'
  ...
# Subtest: actual native import handler reads only a chosen owned file, prepares before mutation and acknowledges genuine durable same-project reselection without source disclosure
ok 638 - actual native import handler reads only a chosen owned file, prepares before mutation and acknowledges genuine durable same-project reselection without source disclosure
  ---
  duration_ms: 1078.5345
  type: 'test'
  ...
# Subtest: Cancel, caller paths/identities, forged frames and Lock during native chooser perform no writes or selection
ok 639 - Cancel, caller paths/identities, forged frames and Lock during native chooser perform no writes or selection
  ---
  duration_ms: 2028.9616
  type: 'test'
  ...
# Subtest: actual import reads the post-preparation revision and preserves content genuinely saved before quiescence
ok 640 - actual import reads the post-preparation revision and preserves content genuinely saved before quiescence
  ---
  duration_ms: 1277.8775
  type: 'test'
  ...
# Subtest: frame retirement during source extraction refuses both manifest and native acknowledgement and retains complete selected data
ok 641 - frame retirement during source extraction refuses both manifest and native acknowledgement and retains complete selected data
  ---
  duration_ms: 502.4155
  type: 'test'
  ...
# Subtest: owned Python import adds one unlinked source and preserves every prior Docs/Diagram field and exact BOM/CRLF/Unicode bytes
ok 642 - owned Python import adds one unlinked source and preserves every prior Docs/Diagram field and exact BOM/CRLF/Unicode bytes
  ---
  duration_ms: 1446.8274
  type: 'test'
  ...
# Subtest: invalid encoding, oversized source and path-like filename cannot modify the project
ok 643 - invalid encoding, oversized source and path-like filename cannot modify the project
  ---
  duration_ms: 524.6183
  type: 'test'
  ...
# Subtest: access change after source bytes are written cannot select a new manifest or return success
ok 644 - access change after source bytes are written cannot select a new manifest or return success
  ---
  duration_ms: 402.1301
  type: 'test'
  ...
# Subtest: stale selected snapshot and classic projects are refused before imports
ok 645 - stale selected snapshot and classic projects are refused before imports
  ---
  duration_ms: 1131.9161
  type: 'test'
  ...
# Subtest: locked Home startup never constructs project UI or requests metadata
ok 646 - locked Home startup never constructs project UI or requests metadata
  ---
  duration_ms: 3.4874
  type: 'test'
  ...
# Subtest: introduction requires an explicit native startup request and plays once
ok 647 - introduction requires an explicit native startup request and plays once
  ---
  duration_ms: 3.7282
  type: 'test'
  ...
# Subtest: reduced motion has no mandatory vault timer
ok 648 - reduced motion has no mandatory vault timer
  ---
  duration_ms: 0.9948
  type: 'test'
  ...
# Subtest: Home metadata acknowledgement follows a genuine prepared native handoff while the old grant stays retired
ok 649 - Home metadata acknowledgement follows a genuine prepared native handoff while the old grant stays retired
  ---
  duration_ms: 981.7246
  type: 'test'
  ...
# Subtest: copied completion metadata cannot acknowledge a retired Home request
ok 650 - copied completion metadata cannot acknowledge a retired Home request
  ---
  duration_ms: 1011.9407
  type: 'test'
  ...
# Subtest: a renderer success label and URL change without a native handoff remain refused
ok 651 - a renderer success label and URL change without a native handoff remain refused
  ---
  duration_ms: 675.0033
  type: 'test'
  ...
# Subtest: Lock after native completion refuses publication of its metadata receipt
ok 652 - Lock after native completion refuses publication of its metadata receipt
  ---
  duration_ms: 1048.3589
  type: 'test'
  ...
# Subtest: Home opens actual saved Docs and selected immutable Code without acquiring entity or source authority
ok 653 - Home opens actual saved Docs and selected immutable Code without acquiring entity or source authority
  ---
  duration_ms: 652.3265
  type: 'test'
  ...
# Subtest: unselected versions, unknown entities, copied Home frames and caller authority fields are refused before opening
ok 654 - unselected versions, unknown entities, copied Home frames and caller authority fields are refused before opening
  ---
  duration_ms: 710.4242
  type: 'test'
  ...
# Subtest: native shelf titles are literal bounded metadata with an exact role prefix and Unicode safety
ok 655 - native shelf titles are literal bounded metadata with an exact role prefix and Unicode safety
  ---
  duration_ms: 1.2639
  type: 'test'
  ...
# Subtest: Home distinguishes real registered Code, Docs, diagram and presentation names from generic roles
ok 656 - Home distinguishes real registered Code, Docs, diagram and presentation names from generic roles
  ---
  duration_ms: 1.6691
  type: 'test'
  ...
# Subtest: Code windows label their own exact admitted version and cannot borrow another hash or document name
ok 657 - Code windows label their own exact admitted version and cannot borrow another hash or document name
  ---
  duration_ms: 0.4888
  type: 'test'
  ...
# Subtest: a genuinely admitted unsaved working source retains its selected filename and current version on Home
ok 658 - a genuinely admitted unsaved working source retains its selected filename and current version on Home
  ---
  duration_ms: 998.9356
  type: 'test'
  ...
# Subtest: working label admission cannot name an unselected source or supply malformed version metadata
ok 659 - working label admission cannot name an unselected source or supply malformed version metadata
  ---
  duration_ms: 0.3139
  type: 'test'
  ...
# Subtest: Home omits other-project, primary and unknown windows and bounds the shelf without requesting their sources
ok 660 - Home omits other-project, primary and unknown windows and bounds the shelf without requesting their sources
  ---
  duration_ms: 0.2557
  type: 'test'
  ...
# Subtest: saved title metadata stays bounded and literal, with safe fallbacks and correct minimized state
ok 661 - saved title metadata stays bounded and literal, with safe fallbacks and correct minimized state
  ---
  duration_ms: 0.3237
  type: 'test'
  ...
# Subtest: native validator is hidden sandboxed has no preload and cannot open network permissions or windows
ok 662 - native validator is hidden sandboxed has no preload and cannot open network permissions or windows
  ---
  duration_ms: 42.6762
  type: 'test'
  ...
# Subtest: tampered validation entry is refused before creating native resources
ok 663 - tampered validation entry is refused before creating native resources
  ---
  duration_ms: 33.2667
  type: 'test'
  ...
# Subtest: pending validation deadline destroys only its owned hidden window and suppresses a late reply
ok 664 - pending validation deadline destroys only its owned hidden window and suppresses a late reply
  ---
  duration_ms: 25.8114
  type: 'test'
  ...
# Subtest: same URL with a replaced main frame cannot validate using retired native identity
ok 665 - same URL with a replaced main frame cannot validate using retired native identity
  ---
  duration_ms: 7.5464
  type: 'test'
  ...
# Subtest: disposal waits for asynchronous native webContents destruction after its window is gone
ok 666 - disposal waits for asynchronous native webContents destruction after its window is gone
  ---
  duration_ms: 26.5272
  type: 'test'
  ...
# Subtest: dedicated bundle metadata validator uses literal arguments and retains the native frame fence
ok 667 - dedicated bundle metadata validator uses literal arguments and retains the native frame fence
  ---
  duration_ms: 9.147
  type: 'test'
  ...
# Subtest: pending bundle metadata cannot overlap patch validation and timeout destroys its owned validator
ok 668 - pending bundle metadata cannot overlap patch validation and timeout destroys its owned validator
  ---
  duration_ms: 41.8918
  type: 'test'
  ...
# Subtest: imported entity identity survives navigation and native read/save contracts without becoming a filesystem ID
ok 669 - imported entity identity survives navigation and native read/save contracts without becoming a filesystem ID
  ---
  duration_ms: 2.584
  type: 'test'
  ...
# Subtest: imported metadata identity never permits path components, control characters or noncanonical source IDs
ok 670 - imported metadata identity never permits path components, control characters or noncanonical source IDs
  ---
  duration_ms: 0.893
  type: 'test'
  ...
# Subtest: owned reads refuse oversize files before allocating their body and preserve the original
ok 671 - owned reads refuse oversize files before allocating their body and preserve the original
  ---
  duration_ms: 12.3391
  type: 'test'
  ...
# Subtest: native linked labels validate only finite editable text with the original sanitizer while keeping all immutable row fields
ok 672 - native linked labels validate only finite editable text with the original sanitizer while keeping all immutable row fields
  ---
  duration_ms: 6.08
  type: 'test'
  ...
# Subtest: linked metadata cannot rewrite source identity/version/hash, provenance, row order, other content or preserved block fields
ok 673 - linked metadata cannot rewrite source identity/version/hash, provenance, row order, other content or preserved block fields
  ---
  duration_ms: 8.8578
  type: 'test'
  ...
# Subtest: unchanged legacy linked blocks remain exact without sanitizing or deleting native references
ok 674 - unchanged legacy linked blocks remain exact without sanitizing or deleting native references
  ---
  duration_ms: 0.7197
  type: 'test'
  ...
# Subtest: exportProject: chooser result after Lock cannot publish private bytes
ok 675 - exportProject: chooser result after Lock cannot publish private bytes
  ---
  duration_ms: 11.773
  type: 'test'
  ...
# Subtest: exportProject: actual preparation permanently revokes chooser even after unlock/rollback
ok 676 - exportProject: actual preparation permanently revokes chooser even after unlock/rollback
  ---
  duration_ms: 3.657
  type: 'test'
  ...
# Subtest: exportProject: unchanged authority preserves exact export and cancellation
ok 677 - exportProject: unchanged authority preserves exact export and cancellation
  ---
  duration_ms: 67.2941
  type: 'test'
  ...
# Subtest: exportRecovery: chooser result after Lock cannot publish private bytes
ok 678 - exportRecovery: chooser result after Lock cannot publish private bytes
  ---
  duration_ms: 12.0399
  type: 'test'
  ...
# Subtest: exportRecovery: actual preparation permanently revokes chooser even after unlock/rollback
ok 679 - exportRecovery: actual preparation permanently revokes chooser even after unlock/rollback
  ---
  duration_ms: 4.4482
  type: 'test'
  ...
# Subtest: exportRecovery: unchanged authority preserves exact export and cancellation
ok 680 - exportRecovery: unchanged authority preserves exact export and cancellation
  ---
  duration_ms: 53.9313
  type: 'test'
  ...
# Subtest: authority lost during project read never opens a destination chooser
ok 681 - authority lost during project read never opens a destination chooser
  ---
  duration_ms: 2.3763
  type: 'test'
  ...
# Subtest: a changed selection invalidates pending export
ok 682 - a changed selection invalidates pending export
  ---
  duration_ms: 2.4162
  type: 'test'
  ...
# Subtest: a changed frame invalidates pending export
ok 683 - a changed frame invalidates pending export
  ---
  duration_ms: 2.4899
  type: 'test'
  ...
# Subtest: a changed mode invalidates pending export
ok 684 - a changed mode invalidates pending export
  ---
  duration_ms: 16.0785
  type: 'test'
  ...
# Subtest: access loss before atomic publication preserves an existing destination and removes its owned staging file
ok 685 - access loss before atomic publication preserves an existing destination and removes its owned staging file
  ---
  duration_ms: 45.3691
  type: 'test'
  ...
# Subtest: a refused export destination leaves no full backup staging copy beside it
ok 686 - a refused export destination leaves no full backup staging copy beside it
  ---
  duration_ms: 46.1073
  type: 'test'
  ...
# Subtest: an export still loading recovery bytes is revoked before a chooser can open
ok 687 - an export still loading recovery bytes is revoked before a chooser can open
  ---
  duration_ms: 9.4268
  type: 'test'
  ...
# Subtest: a chooser does not enter the native writes drain and readonly exports remain available
ok 688 - a chooser does not enter the native writes drain and readonly exports remain available
  ---
  duration_ms: 38.0851
  type: 'test'
  ...
# Subtest: diagnostics use the same revoked chooser boundary
ok 689 - diagnostics use the same revoked chooser boundary
  ---
  duration_ms: 10.7806
  type: 'test'
  ...
# Subtest: actual Lock service drains publication already committed before Lock
ok 690 - actual Lock service drains publication already committed before Lock
  ---
  duration_ms: 31.3822
  type: 'test'
  ...
# Subtest: actual Lock succeeds when its revoked before-rename export was cleaned safely
ok 691 - actual Lock succeeds when its revoked before-rename export was cleaned safely
  ---
  duration_ms: 38.5312
  type: 'test'
  ...
# Subtest: unconfirmed export cleanup remains a real drain failure and cannot confirm Lock
ok 692 - unconfirmed export cleanup remains a real drain failure and cannot confirm Lock
  ---
  duration_ms: 71.5758
  type: 'test'
  ...
# Subtest: new PIN waits for asynchronous protection and stores an explicit dedicated-provider envelope
ok 693 - new PIN waits for asynchronous protection and stores an explicit dedicated-provider envelope
  ---
  duration_ms: 251.9292
  type: 'test'
  ...
# Subtest: unknown legacy/new envelope versions refuse without invoking either decrypt backend or resetting bytes
ok 694 - unknown legacy/new envelope versions refuse without invoking either decrypt backend or resetting bytes
  ---
  duration_ms: 229.5099
  type: 'test'
  ...
# Subtest: post-rename readback uncertainty retains an existing configured record and fails closed
ok 695 - post-rename readback uncertainty retains an existing configured record and fails closed
  ---
  duration_ms: 201.9844
  type: 'test'
  ...
# Subtest: Lock revokes protection in progress before any PIN publication and drain waits for the operation
ok 696 - Lock revokes protection in progress before any PIN publication and drain waits for the operation
  ---
  duration_ms: 62.1942
  type: 'test'
  ...
# Subtest: Lock during asynchronous load refuses even a wrong-PIN counter write
ok 697 - Lock during asynchronous load refuses even a wrong-PIN counter write
  ---
  duration_ms: 104.2112
  type: 'test'
  ...
# Subtest: legacy wrong-PIN counters stay legacy; only authenticated unlock migrates exact verifier to the new envelope
ok 698 - legacy wrong-PIN counters stay legacy; only authenticated unlock migrates exact verifier to the new envelope
  ---
  duration_ms: 270.9675
  type: 'test'
  ...
# Subtest: revocation at atomic pre-rename leaves no record; accepted rename retains exact record but never grants a revoked session
ok 699 - revocation at atomic pre-rename leaves no record; accepted rename retains exact record but never grants a revoked session
  ---
  duration_ms: 264.3132
  type: 'test'
  ...
# Subtest: PIN unlock creates no implicit project, and failed explicit durable selection cannot publish selected state
ok 700 - PIN unlock creates no implicit project, and failed explicit durable selection cannot publish selected state
  ---
  duration_ms: 304.693
  type: 'test'
  ...
# Subtest: locked IPC refuses all project bytes and mutations, while PIN unlock cannot override native readonly creation safety
ok 701 - locked IPC refuses all project bytes and mutations, while PIN unlock cannot override native readonly creation safety
  ---
  duration_ms: 117.1449
  type: 'test'
  ...
# Subtest: native PIN lock drains private recovery writes and grants lock only after durable ACK
ok 702 - native PIN lock drains private recovery writes and grants lock only after durable ACK
  ---
  duration_ms: 508.03
  type: 'test'
  ...
# Subtest: native PIN lock drains private recovery writes and resumes after rejected persistence
ok 703 - native PIN lock drains private recovery writes and resumes after rejected persistence
  ---
  duration_ms: 423.9333
  type: 'test'
  ...
# Subtest: fresh local access configures a four-digit PIN only after encrypted native persistence, and restart locks
ok 704 - fresh local access configures a four-digit PIN only after encrypted native persistence, and restart locks
  ---
  duration_ms: 303.4789
  type: 'test'
  ...
# Subtest: setup accepts six digits, rejects all other forms and confirmation mismatch without creating a record
ok 705 - setup accepts six digits, rejects all other forms and confirmation mismatch without creating a record
  ---
  duration_ms: 135.5252
  type: 'test'
  ...
# Subtest: same synthetic PIN has independent random salts and persisted verifiers in two installations
ok 706 - same synthetic PIN has independent random salts and persisted verifiers in two installations
  ---
  duration_ms: 242.846
  type: 'test'
  ...
# Subtest: five wrong PINs persist a 30-second cooldown across restart and successful unlock resets attempts
ok 707 - five wrong PINs persist a 30-second cooldown across restart and successful unlock resets attempts
  ---
  duration_ms: 899.0575
  type: 'test'
  ...
# Subtest: invalid and oversized unlock input is generic, counted and never passed as an unbounded scrypt password
ok 708 - invalid and oversized unlock input is generic, counted and never passed as an unbounded scrypt password
  ---
  duration_ms: 492.2314
  type: 'test'
  ...
# Subtest: change requires unlocked session and current PIN, then rotates salt and rejects the previous PIN after restart
ok 709 - change requires unlocked session and current PIN, then rotates salt and rejects the previous PIN after restart
  ---
  duration_ms: 752.0157
  type: 'test'
  ...
# Subtest: wrong change attempts obey persisted cooldown and revoke the existing session at five failures
ok 710 - wrong change attempts obey persisted cooldown and revoke the existing session at five failures
  ---
  duration_ms: 745.4969
  type: 'test'
  ...
# Subtest: verifyCurrent preserves an unlocked session after ordinary wrong PIN, resets attempts on correct PIN and never rotates its verifier
ok 711 - verifyCurrent preserves an unlocked session after ordinary wrong PIN, resets attempts on correct PIN and never rotates its verifier
  ---
  duration_ms: 376.2599
  type: 'test'
  ...
# Subtest: verifyCurrent persists fifth-failure cooldown across restart and cannot report success after a lock or failed durable acknowledgement
ok 712 - verifyCurrent persists fifth-failure cooldown across restart and cannot report success after a lock or failed durable acknowledgement
  ---
  duration_ms: 1119.6261
  type: 'test'
  ...
# Subtest: unavailable protected storage is failclosed and never creates a plaintext or memory-only activation
ok 713 - unavailable protected storage is failclosed and never creates a plaintext or memory-only activation
  ---
  duration_ms: 9.6183
  type: 'test'
  ...
# Subtest: corrupt, empty, oversized and undecryptable records refuse setup/reset and preserve exact original bytes
ok 714 - corrupt, empty, oversized and undecryptable records refuse setup/reset and preserve exact original bytes
  ---
  duration_ms: 194.1433
  type: 'test'
  ...
# Subtest: successful verification cannot grant unlock/change when external encryption fails before durable write
ok 715 - successful verification cannot grant unlock/change when external encryption fails before durable write
  ---
  duration_ms: 672.8519
  type: 'test'
  ...
# Subtest: owned hostile record target refuses setup without touching the planted directory; existing setup never resets
ok 716 - owned hostile record target refuses setup without touching the planted directory; existing setup never resets
  ---
  duration_ms: 175.5663
  type: 'test'
  ...
# Subtest: concurrent wrong attempts are serialized across instances so cooldown cannot lose increments
ok 717 - concurrent wrong attempts are serialized across instances so cooldown cannot lose increments
  ---
  duration_ms: 966.5894
  type: 'test'
  ...
# Subtest: explicit lock cancels a queued setup/unlock without granting or rewriting the protected record
ok 718 - explicit lock cancels a queued setup/unlock without granting or rewriting the protected record
  ---
  duration_ms: 143.5626
  type: 'test'
  ...
# Subtest: missing owned root and authenticated malformed payloads fail closed without implicit reset
ok 719 - missing owned root and authenticated malformed payloads fail closed without implicit reset
  ---
  duration_ms: 154.5238
  type: 'test'
  ...
# Subtest: native qualification waits for registry admission after DOM/preload availability
ok 720 - native qualification waits for registry admission after DOM/preload availability
  ---
  duration_ms: 3.2581
  type: 'test'
  ...
# Subtest: a native frame navigation gap does not certify a condition or extend its deadline; genuine later observation is required
ok 721 - a native frame navigation gap does not certify a condition or extend its deadline; genuine later observation is required
  ---
  duration_ms: 7.4651
  type: 'test'
  ...
# Subtest: script exceptions, unknown native failures and CDP timeouts stay failures without retries
ok 722 - script exceptions, unknown native failures and CDP timeouts stay failures without retries
  ---
  duration_ms: 0.4647
  type: 'test'
  ...
# Subtest: only primary active diagram IDs enter the native roster, never cached or released diagrams
ok 723 - only primary active diagram IDs enter the native roster, never cached or released diagrams
  ---
  duration_ms: 498.345
  type: 'test'
  ...
# Subtest: native Diagram entry is finite, package admitted and rejects borrowed selectors/traversal
ok 724 - native Diagram entry is finite, package admitted and rejects borrowed selectors/traversal
  ---
  duration_ms: 636.8809
  type: 'test'
  ...
# Subtest: Home catalog exposes selected diagram metadata only and admission opens a genuine independent shell
ok 725 - Home catalog exposes selected diagram metadata only and admission opens a genuine independent shell
  ---
  duration_ms: 395.9689
  type: 'test'
  ...
# Subtest: readonly Diagram issues genuine exact byte seals and joins the all-view preparation barrier
ok 726 - readonly Diagram issues genuine exact byte seals and joins the all-view preparation barrier
  ---
  duration_ms: 579.6159
  type: 'test'
  ...
# Subtest: native Diagram editing requires genuine main admission and refuses readonly/Docs/Code/caller scope fields
ok 727 - native Diagram editing requires genuine main admission and refuses readonly/Docs/Code/caller scope fields
  ---
  duration_ms: 576.6165
  type: 'test'
  ...
# Subtest: two genuine Diagram windows preserve exact independent edits and foreign Docs/source/agent data; same-diagram stale versions stay refused
ok 728 - two genuine Diagram windows preserve exact independent edits and foreign Docs/source/agent data; same-diagram stale versions stay refused
  ---
  duration_ms: 973.4313
  type: 'test'
  ...
# Subtest: genuine Diagram draining nonce permits its typed flush while paused and is retired on disposal
ok 729 - genuine Diagram draining nonce permits its typed flush while paused and is retired on disposal
  ---
  duration_ms: 552.2476
  type: 'test'
  ...
# Subtest: atomic native source/style admission is still bound to one genuine working Diagram and exact saved version
ok 730 - atomic native source/style admission is still bound to one genuine working Diagram and exact saved version
  ---
  duration_ms: 633.5574
  type: 'test'
  ...
# Subtest: SVG export derives only selected saved Diagram, writes owned unique exports and reveals only its actual unchanged receipt
ok 731 - SVG export derives only selected saved Diagram, writes owned unique exports and reveals only its actual unchanged receipt
  ---
  duration_ms: 493.6752
  type: 'test'
  ...
# Subtest: SVG export rejects spoofed frames/roles, stale hash/version, paths/source, unknown methods and getters before rendering
ok 732 - SVG export rejects spoofed frames/roles, stale hash/version, paths/source, unknown methods and getters before rendering
  ---
  duration_ms: 582.7548
  type: 'test'
  ...
# Subtest: Lock aborts and joins pending SVG render, rejects late results and leaves saved project exact
ok 733 - Lock aborts and joins pending SVG render, rejects late results and leaves saved project exact
  ---
  duration_ms: 460.0358
  type: 'test'
  ...
# Subtest: saved entity replacement during isolated render refuses publication and budget accepts no arbitrary oversized result
ok 734 - saved entity replacement during isolated render refuses publication and budget accepts no arbitrary oversized result
  ---
  duration_ms: 984.6211
  type: 'test'
  ...
# Subtest: Lock during final saved-entity recheck cleans the actual renamed export and temporary bytes before drain completes
ok 735 - Lock during final saved-entity recheck cleans the actual renamed export and temporary bytes before drain completes
  ---
  duration_ms: 510.6107
  type: 'test'
  ...
# Subtest: changed export bytes cannot be revealed and payload value objects never invoke user coercion
ok 736 - changed export bytes cannot be revealed and payload value objects never invoke user coercion
  ---
  duration_ms: 444.9301
  type: 'test'
  ...
# Subtest: native Diagram receives only its actual selected entity, exact declared colour/source and readonly version/hash
ok 737 - native Diagram receives only its actual selected entity, exact declared colour/source and readonly version/hash
  ---
  duration_ms: 531.2157
  type: 'test'
  ...
# Subtest: native Diagram refuses Docs/Code, spoofed frames, identities, mutation methods and payload getters without executing user properties
ok 738 - native Diagram refuses Docs/Code, spoofed frames, identities, mutation methods and payload getters without executing user properties
  ---
  duration_ms: 571.7321
  type: 'test'
  ...
# Subtest: native Diagram suppresses actual disk-read results after owner pause or selected content replacement
ok 739 - native Diagram suppresses actual disk-read results after owner pause or selected content replacement
  ---
  duration_ms: 478.8922
  type: 'test'
  ...
# Subtest: paused Diagram reread needs its genuine private draining ticket, cannot borrow another role/entity and cannot seal a read alone
ok 740 - paused Diagram reread needs its genuine private draining ticket, cannot borrow another role/entity and cannot seal a read alone
  ---
  duration_ms: 479.0804
  type: 'test'
  ...
# Subtest: genuine clean preparation reads the selected entity after an earlier queued save, rather than comparing it to the stale pre-queue display
ok 741 - genuine clean preparation reads the selected entity after an earlier queued save, rather than comparing it to the stale pre-queue display
  ---
  duration_ms: 652.9338
  type: 'test'
  ...
# Subtest: native working Docs requires explicit main admission and scopes real atomic content saves to its selected document
ok 742 - native working Docs requires explicit main admission and scopes real atomic content saves to its selected document
  ---
  duration_ms: 961.3981
  type: 'test'
  ...
# Subtest: Docs bridge rejects role/frame/identity/getters and revoked admission without changing original storage
ok 743 - Docs bridge rejects role/frame/identity/getters and revoked admission without changing original storage
  ---
  duration_ms: 746.0205
  type: 'test'
  ...
# Subtest: working Docs finite flush requires its genuine private ticket and seals actual owner receipts
ok 744 - working Docs finite flush requires its genuine private ticket and seals actual owner receipts
  ---
  duration_ms: 782.3714
  type: 'test'
  ...
# Subtest: another genuine working Docs window receives metadata only after real persistence, without origin echo or paused delivery
ok 745 - another genuine working Docs window receives metadata only after real persistence, without origin echo or paused delivery
  ---
  duration_ms: 819.0016
  type: 'test'
  ...
# Subtest: readonly saved Docs exports exact archive with finite receipt; references and claims remain exact, foreign project data excluded
ok 746 - readonly saved Docs exports exact archive with finite receipt; references and claims remain exact, foreign project data excluded
  ---
  duration_ms: 1173.2993
  type: 'test'
  ...
# Subtest: Docs-only current frame, exact CAS/hash and finite request reject spoofed source/role/path/body/getters before formatting
ok 747 - Docs-only current frame, exact CAS/hash and finite request reject spoofed source/role/path/body/getters before formatting
  ---
  duration_ms: 914.2742
  type: 'test'
  ...
# Subtest: pending formatter is unique per own window; Lock abort/drain permanently fences output and leaves snapshot exact
ok 748 - pending formatter is unique per own window; Lock abort/drain permanently fences output and leaves snapshot exact
  ---
  duration_ms: 894.6891
  type: 'test'
  ...
# Subtest: saved context change during formatting refuses output; no hidden flush/save or source retrieval
ok 749 - saved context change during formatting refuses output; no hidden flush/save or source retrieval
  ---
  duration_ms: 796.0214
  type: 'test'
  ...
# Subtest: Lock during final read after actual rename removes unretained export and stage before drain completes
ok 750 - Lock during final read after actual rename removes unretained export and stage before drain completes
  ---
  duration_ms: 834.0577
  type: 'test'
  ...
# Subtest: modified file cannot reveal, and malformed/oversized formatter bytes cannot publish
ok 751 - modified file cannot reveal, and malformed/oversized formatter bytes cannot publish
  ---
  duration_ms: 3623.8571
  type: 'test'
  ...
# Subtest: uncertain cleanup after real rename permanently fences exports and refuses quiescence
ok 752 - uncertain cleanup after real rename permanently fences exports and refuses quiescence
  ---
  duration_ms: 699.3968
  type: 'test'
  ...
# Subtest: Lock during final cleanup refuses stale Docs success, preserving the already retained file without receipt
ok 753 - Lock during final cleanup refuses stale Docs success, preserving the already retained file without receipt
  ---
  duration_ms: 769.6303
  type: 'test'
  ...
# Subtest: production native Docs is mounted through the shared owner and receives only its selected document
ok 754 - production native Docs is mounted through the shared owner and receives only its selected document
  ---
  duration_ms: 691.2279
  type: 'test'
  ...
# Subtest: both production preloads expose one readonly Docs method without an entity or mutation selector
ok 755 - both production preloads expose one readonly Docs method without an entity or mutation selector
  ---
  duration_ms: 4.3959
  type: 'test'
  ...
# Subtest: native Docs receives only its exact selected document through a readonly context
ok 756 - native Docs receives only its exact selected document through a readonly context
  ---
  duration_ms: 630.8557
  type: 'test'
  ...
# Subtest: native Docs refuses source/primary spoofing, write methods, identity payloads and getters without opening another document
ok 757 - native Docs refuses source/primary spoofing, write methods, identity payloads and getters without opening another document
  ---
  duration_ms: 755.9838
  type: 'test'
  ...
# Subtest: native Docs refuses publication after owner pause or selected document change during actual disk read
ok 758 - native Docs refuses publication after owner pause or selected document change during actual disk read
  ---
  duration_ms: 691.7071
  type: 'test'
  ...
# Subtest: Docs preparation read is bound to its own genuine private ticket, cannot borrow Code or seal a read as persistence
ok 759 - Docs preparation read is bound to its own genuine private ticket, cannot borrow Code or seal a read as persistence
  ---
  duration_ms: 672.213
  type: 'test'
  ...
# Subtest: native module readiness waits for actual enabled Home after a held metadata handoff, without clicking or extending the condition deadline
ok 760 - native module readiness waits for actual enabled Home after a held metadata handoff, without clicking or extending the condition deadline
  ---
  duration_ms: 126.2526
  type: 'test'
  ...
# Subtest: native Home readiness refuses unknown roles before evaluating any injected expression and preserves genuine observation errors
ok 761 - native Home readiness refuses unknown roles before evaluating any injected expression and preserves genuine observation errors
  ---
  duration_ms: 0.4191
  type: 'test'
  ...
# Subtest: pointer stability observes a deferred menu position before accepting its rectangle
ok 762 - pointer stability observes a deferred menu position before accepting its rectangle
  ---
  duration_ms: 2.043
  type: 'test'
  ...
# Subtest: stable rectangles wait for finite opening animations but not perpetual theme effects
ok 763 - stable rectangles wait for finite opening animations but not perpetual theme effects
  ---
  duration_ms: 1.4162
  type: 'test'
  ...
# Subtest: native pointer observations intersect the actual scroll clip of a virtualized editor
ok 764 - native pointer observations intersect the actual scroll clip of a virtualized editor
  ---
  duration_ms: 0.8426
  type: 'test'
  ...
# Subtest: readonly Presenter exports only its exact captured notes; newer saved data waits for Refresh, Audience stays public
ok 765 - readonly Presenter exports only its exact captured notes; newer saved data waits for Refresh, Audience stays public
  ---
  duration_ms: 210.5195
  type: 'test'
  ...
# Subtest: finite own main-frame authority rejects Audience/Docs/subframe/copied sender/extra path/text/version/getters
ok 766 - finite own main-frame authority rejects Audience/Docs/subframe/copied sender/extra path/text/version/getters
  ---
  duration_ms: 128.4312
  type: 'test'
  ...
# Subtest: bounded pending jobs permit normal navigation, but Lock, Refresh and session replacement revoke in-flight publication
ok 767 - bounded pending jobs permit normal navigation, but Lock, Refresh and session replacement revoke in-flight publication
  ---
  duration_ms: 615.8882
  type: 'test'
  ...
# Subtest: Lock detected after actual rename cleans unretained file before drain; uncertain cleanup fences service
ok 768 - Lock detected after actual rename cleans unretained file before drain; uncertain cleanup fences service
  ---
  duration_ms: 478.8079
  type: 'test'
  ...
# Subtest: changed files cannot reveal and pause clears receipts without deleting retained user files
ok 769 - changed files cannot reveal and pause clears receipts without deleting retained user files
  ---
  duration_ms: 200.9383
  type: 'test'
  ...
# Subtest: global pending budget admits two own Presenters and refuses a third until actual jobs finish
ok 770 - global pending budget admits two own Presenters and refuses a third until actual jobs finish
  ---
  duration_ms: 245.7326
  type: 'test'
  ...
# Subtest: changed Refresh or session replacement after actual rename removes unpublished old notes
ok 771 - changed Refresh or session replacement after actual rename removes unpublished old notes
  ---
  duration_ms: 350.964
  type: 'test'
  ...
# Subtest: Lock or Refresh during final cleanup refuses stale success/receipt, retaining the previously accepted file
ok 772 - Lock or Refresh during final cleanup refuses stale success/receipt, retaining the previously accepted file
  ---
  duration_ms: 517.6498
  type: 'test'
  ...
# Subtest: process reader resolves only a fixed development or packaged resource
ok 773 - process reader resolves only a fixed development or packaged resource
  ---
  duration_ms: 1.2083
  type: 'test'
  ...
# Subtest: reader admission rejects changed binary or source recipe and invokes no shell
ok 774 - reader admission rejects changed binary or source recipe and invokes no shell
  ---
  duration_ms: 7.1087
  type: 'test'
  ...
# Subtest: missing or changed reader cannot invoke a process or fall back to PowerShell
ok 775 - missing or changed reader cannot invoke a process or fall back to PowerShell
  ---
  duration_ms: 0.6015
  type: 'test'
  ...
# Subtest: actual native primary routes each reserved chord once and prevents duplicate page/menu delivery
ok 776 - actual native primary routes each reserved chord once and prevents duplicate page/menu delivery
  ---
  duration_ms: 1.6053
  type: 'test'
  ...
# Subtest: actual primary input route dispatches unmodified F1 exactly once
ok 777 - actual primary input route dispatches unmodified F1 exactly once
  ---
  duration_ms: 1.9733
  type: 'test'
  ...
# Subtest: keyup repeat composing and unrelated modifiers do not dispatch reserved native commands
ok 778 - keyup repeat composing and unrelated modifiers do not dispatch reserved native commands
  ---
  duration_ms: 1.1111
  type: 'test'
  ...
# Subtest: owner-recorded text refuses Python inspection before source I/O but permits exact saved text comparison with bounded labels
ok 779 - owner-recorded text refuses Python inspection before source I/O but permits exact saved text comparison with bounded labels
  ---
  duration_ms: 1014.5038
  type: 'test'
  ...
# Subtest: native analysis derives genuine selected Code ref, keeps project/source bytes intact and refuses other roles/frames/versions/raw fields
ok 780 - native analysis derives genuine selected Code ref, keeps project/source bytes intact and refuses other roles/frames/versions/raw fields
  ---
  duration_ms: 751.6274
  type: 'test'
  ...
# Subtest: native comparison derives both refs from genuine open Code frames, never renderer scope
ok 781 - native comparison derives both refs from genuine open Code frames, never renderer scope
  ---
  duration_ms: 685.8464
  type: 'test'
  ...
# Subtest: comparison rechecks the other real frame during source I/O and drains cancellation
ok 782 - comparison rechecks the other real frame during source I/O and drains cancellation
  ---
  duration_ms: 738.2403
  type: 'test'
  ...
# Subtest: real pause/drain denies pending source publication and permits a fresh job only after resume
ok 783 - real pause/drain denies pending source publication and permits a fresh job only after resume
  ---
  duration_ms: 721.0416
  type: 'test'
  ...
# Subtest: selected map uses the same genuine immutable Code frame authority and refuses Docs or missing ranges
ok 784 - selected map uses the same genuine immutable Code frame authority and refuses Docs or missing ranges
  ---
  duration_ms: 760.6543
  type: 'test'
  ...
# Subtest: two genuine captures from one native frame can cancel its pending load; another Code window cannot
ok 785 - two genuine captures from one native frame can cancel its pending load; another Code window cannot
  ---
  duration_ms: 967.6812
  type: 'test'
  ...
# Subtest: production metadata adapter permits actual saved working Python v2 analysis while Docs and manifest remain v1
ok 786 - production metadata adapter permits actual saved working Python v2 analysis while Docs and manifest remain v1
  ---
  duration_ms: 1134.7349
  type: 'test'
  ...
# Subtest: actual native main mounts bounded readonly source leases, keeps selected versions and tracks outstanding reads
ok 787 - actual native main mounts bounded readonly source leases, keeps selected versions and tracks outstanding reads
  ---
  duration_ms: 830.071
  type: 'test'
  ...
# Subtest: actual native view retirement disposes read sessions before revoking native windows
ok 788 - actual native view retirement disposes read sessions before revoking native windows
  ---
  duration_ms: 816.2189
  type: 'test'
  ...
# Subtest: both actual preloads expose finite readonly context/read session methods with no write channel
ok 789 - both actual preloads expose finite readonly context/read session methods with no write channel
  ---
  duration_ms: 3.783
  type: 'test'
  ...
# Subtest: working read context offers only an independently verified exact saved operation and rechecks Lock after proof
ok 790 - working read context offers only an independently verified exact saved operation and rechecks Lock after proof
  ---
  duration_ms: 1282.928
  type: 'test'
  ...
# Subtest: selected owner language is finite metadata and cannot alter immutable source admission
ok 791 - selected owner language is finite metadata and cannot alter immutable source admission
  ---
  duration_ms: 686.6317
  type: 'test'
  ...
# Subtest: native Code reference is selected-version metadata only; historical admission and private capture checks remain exact
ok 792 - native Code reference is selected-version metadata only; historical admission and private capture checks remain exact
  ---
  duration_ms: 615.7033
  type: 'test'
  ...
# Subtest: native read session loads exact immutable bytes and closes without any source commit or metadata change
ok 793 - native read session loads exact immutable bytes and closes without any source commit or metadata change
  ---
  duration_ms: 646.4163
  type: 'test'
  ...
# Subtest: another registered Code window, Docs and a copied sender cannot consume a native read lease
ok 794 - another registered Code window, Docs and a copied sender cannot consume a native read lease
  ---
  duration_ms: 695.2856
  type: 'test'
  ...
# Subtest: native readonly readers refuse writes, unselected versions, changed references and getter payloads before repository creation
ok 795 - native readonly readers refuse writes, unselected versions, changed references and getter payloads before repository creation
  ---
  duration_ms: 675.2931
  type: 'test'
  ...
# Subtest: owner pause during a pending native chunk suppresses bytes and disposal makes every old read ID unusable
ok 796 - owner pause during a pending native chunk suppresses bytes and disposal makes every old read ID unusable
  ---
  duration_ms: 920.2655
  type: 'test'
  ...
# Subtest: toast admission and CSS isolation are observed in one native evaluation and owned fixture changes restored
ok 797 - toast admission and CSS isolation are observed in one native evaluation and owned fixture changes restored
  ---
  duration_ms: 2.0227
  type: 'test'
  ...
# Subtest: atomic observation preserves genuine leakage/precondition failures rather than reporting success
ok 798 - atomic observation preserves genuine leakage/precondition failures rather than reporting success
  ---
  duration_ms: 2.269
  type: 'test'
  ...
# Subtest: native safety refuses original writes: {"packaged":true,"mode":"readonly"}
ok 799 - native safety refuses original writes: {"packaged":true,"mode":"readonly"}
  ---
  duration_ms: 311.8946
  type: 'test'
  ...
# Subtest: native safety refuses original writes: {"packaged":false,"mode":"normal","failReady":true}
ok 800 - native safety refuses original writes: {"packaged":false,"mode":"normal","failReady":true}
  ---
  duration_ms: 256.5125
  type: 'test'
  ...
# Subtest: native safety refuses original writes: {"packaged":true,"mode":"normal","failReady":true}
ok 801 - native safety refuses original writes: {"packaged":true,"mode":"normal","failReady":true}
  ---
  duration_ms: 290.9118
  type: 'test'
  ...
# Subtest: successful login preserves edits queued during the browser round trip before clearing grants or reloading
ok 802 - successful login preserves edits queued during the browser round trip before clearing grants or reloading
  ---
  duration_ms: 752.3149
  type: 'test'
  ...
# Subtest: failed account-transition flush retains original authority and does not reload
ok 803 - failed account-transition flush retains original authority and does not reload
  ---
  duration_ms: 1.7646
  type: 'test'
  ...
# Subtest: native identity is compiled before both original development groups and native unit tests
ok 804 - native identity is compiled before both original development groups and native unit tests
  ---
  duration_ms: 5.4224
  type: 'test'
  ...
# Subtest: shared UI package checks fail independently and retain original evidence in every named upload
ok 805 - shared UI package checks fail independently and retain original evidence in every named upload
  ---
  duration_ms: 2.8664
  type: 'test'
  ...
# Subtest: all original native checks are assigned once to finite independent CI groups with an all-group qualification gate
ok 806 - all original native checks are assigned once to finite independent CI groups with an all-group qualification gate
  ---
  duration_ms: 8.5235
  type: 'test'
  ...
# Subtest: Diagram docking must execute in package qualification and retain originals in every named upload
ok 807 - Diagram docking must execute in package qualification and retain originals in every named upload
  ---
  duration_ms: 3.6823
  type: 'test'
  ...
# Subtest: a native failure or spawn refusal cannot become group success, and later checks still execute exactly once
ok 808 - a native failure or spawn refusal cannot become group success, and later checks still execute exactly once
  ---
  duration_ms: 1.048
  type: 'test'
  ...
# Subtest: source identity uses only exact admitted metadata and safe Unicode file names
ok 809 - source identity uses only exact admitted metadata and safe Unicode file names
  ---
  duration_ms: 1.4792
  type: 'test'
  ...
# Subtest: source names cannot be borrowed from other refs, documents, draft or release provenance
ok 810 - source names cannot be borrowed from other refs, documents, draft or release provenance
  ---
  duration_ms: 0.2185
  type: 'test'
  ...
# Subtest: unsafe, overlong and accessor names are not exposed; metadata scan is bounded
ok 811 - unsafe, overlong and accessor names are not exposed; metadata scan is bounded
  ---
  duration_ms: 5.6114
  type: 'test'
  ...
# Subtest: optional native source label has exact owner checks and no repository/body access
ok 812 - optional native source label has exact owner checks and no repository/body access
  ---
  duration_ms: 833.4261
  type: 'test'
  ...
# Subtest: label adapter cannot publish after owner pause or change the exact reference
ok 813 - label adapter cannot publish after owner pause or change the exact reference
  ---
  duration_ms: 696.3342
  type: 'test'
  ...
# Subtest: native title identifies source, exact version, mode and local draft without markup
ok 814 - native title identifies source, exact version, mode and local draft without markup
  ---
  duration_ms: 2.5299
  type: 'test'
  ...
# Subtest: bounded Unicode titles never retain a broken surrogate or metadata after reset
ok 815 - bounded Unicode titles never retain a broken surrogate or metadata after reset
  ---
  duration_ms: 1.8104
  type: 'test'
  ...
# Subtest: Code register returns exact-version document/agent metadata and filters without private source bodies
ok 816 - Code register returns exact-version document/agent metadata and filters without private source bodies
  ---
  duration_ms: 766.5416
  type: 'test'
  ...
# Subtest: native App catalog lists readonly Docs and exact selected Code versions without content or future drafts
ok 817 - native App catalog lists readonly Docs and exact selected Code versions without content or future drafts
  ---
  duration_ms: 611.9044
  type: 'test'
  ...
# Subtest: explicit Docs register details and bounded filters expose facts without private bodies or agent instructions
ok 818 - explicit Docs register details and bounded filters expose facts without private bodies or agent instructions
  ---
  duration_ms: 557.8362
  type: 'test'
  ...
# Subtest: native Home catalog retains imported uppercase and underscore Docs/Diagram identities as literal metadata
ok 819 - native Home catalog retains imported uppercase and underscore Docs/Diagram identities as literal metadata
  ---
  duration_ms: 632.3106
  type: 'test'
  ...
# Subtest: catalog is bounded and paginated while preserving exact metadata and Unicode labels
ok 820 - catalog is bounded and paginated while preserving exact metadata and Unicode labels
  ---
  duration_ms: 677.339
  type: 'test'
  ...
# Subtest: copied native sender, URL-only Home change, lock, project mismatch, identity payload and getters cannot obtain catalog metadata
ok 821 - copied native sender, URL-only Home change, lock, project mismatch, identity payload and getters cannot obtain catalog metadata
  ---
  duration_ms: 668.178
  type: 'test'
  ...
# Subtest: a genuinely admitted Home primary receives bounded metadata without source or document content
ok 822 - a genuinely admitted Home primary receives bounded metadata without source or document content
  ---
  duration_ms: 907.1587
  type: 'test'
  ...
# Subtest: Lock during actual native snapshot selection suppresses the pending catalog instead of publishing labels
ok 823 - Lock during actual native snapshot selection suppresses the pending catalog instead of publishing labels
  ---
  duration_ms: 765.1967
  type: 'test'
  ...
# Subtest: role-filtered pages bound the chosen library without first mounting unrelated Docs rows
ok 824 - role-filtered pages bound the chosen library without first mounting unrelated Docs rows
  ---
  duration_ms: 618.5635
  type: 'test'
  ...
# Subtest: Present library discovers only verified diagram IDs and labels, never authored notes or source
ok 825 - Present library discovers only verified diagram IDs and labels, never authored notes or source
  ---
  duration_ms: 654.1013
  type: 'test'
  ...
# Subtest: explicit all-module search retains separate Diagram and Present destinations without private content
ok 826 - explicit all-module search retains separate Diagram and Present destinations without private content
  ---
  duration_ms: 538.622
  type: 'test'
  ...
# Subtest: Code library uses selected file names and marks unlinked code without exposing source bytes or provenance paths
ok 827 - Code library uses selected file names and marks unlinked code without exposing source bytes or provenance paths
  ---
  duration_ms: 608.7102
  type: 'test'
  ...
# Subtest: name search finds literal Unicode labels past the first page without searching private bodies or escaping the catalog bound
ok 828 - name search finds literal Unicode labels past the first page without searching private bodies or escaping the catalog bound
  ---
  duration_ms: 687.3929
  type: 'test'
  ...
# Subtest: search rejects malformed input before reading a snapshot and retains genuine Lock and sender checks
ok 829 - search rejects malformed input before reading a snapshot and retains genuine Lock and sender checks
  ---
  duration_ms: 642.2203
  type: 'test'
  ...
# Subtest: actual main retirement awaits native async destruction before confirming a transition
ok 830 - actual main retirement awaits native async destruction before confirming a transition
  ---
  duration_ms: 8.9338
  type: 'test'
  ...
# Subtest: actual main binds exact native owner, scoped shell entries and locked null bootstrap
ok 831 - actual main binds exact native owner, scoped shell entries and locked null bootstrap
  ---
  duration_ms: 4.1437
  type: 'test'
  ...
# Subtest: actual main exposes bounded selected Docs/Code metadata to the genuine App owner, never its satellite
ok 832 - actual main exposes bounded selected Docs/Code metadata to the genuine App owner, never its satellite
  ---
  duration_ms: 3.4612
  type: 'test'
  ...
# Subtest: actual Quit refuses a competing native selection before touching its preparation or journal
ok 833 - actual Quit refuses a competing native selection before touching its preparation or journal
  ---
  duration_ms: 1.7628
  type: 'test'
  ...
# Subtest: main failed factory destruction fences every later open and data bootstrap until native handles are destroyed
ok 834 - main failed factory destruction fences every later open and data bootstrap until native handles are destroyed
  ---
  duration_ms: 2.9988
  type: 'test'
  ...
# Subtest: actual main revokes a hidden in-flight native factory before a transition can admit or show it
ok 835 - actual main revokes a hidden in-flight native factory before a transition can admit or show it
  ---
  duration_ms: 2.0622
  type: 'test'
  ...
# Subtest: actual ready/send/show failures dispose the admitted shell or fence retained native handles
ok 836 - actual ready/send/show failures dispose the admitted shell or fence retained native handles
  ---
  duration_ms: 8.6032
  type: 'test'
  ...
# Subtest: actual locked clean-close journal failure retains the owner after shell retirement, then admits a fresh unlocked grant
ok 837 - actual locked clean-close journal failure retains the owner after shell retirement, then admits a fresh unlocked grant
  ---
  duration_ms: 5.3435
  type: 'test'
  ...
# Subtest: historical native commit replay keeps both working grants current and cannot replace latest durability
ok 838 - historical native commit replay keeps both working grants current and cannot replace latest durability
  ---
  duration_ms: 1518.6253
  type: 'test'
  ...
# Subtest: working-source admission reads the actual latest draft while immutable selected refs and Docs remain exact
ok 839 - working-source admission reads the actual latest draft while immutable selected refs and Docs remain exact
  ---
  duration_ms: 789.7719
  type: 'test'
  ...
# Subtest: genuine owner publishes only metadata changes to other working views, never echoes the origin or a readonly view
ok 840 - genuine owner publishes only metadata changes to other working views, never echoes the origin or a readonly view
  ---
  duration_ms: 1215.9409
  type: 'test'
  ...
# Subtest: working source references advance from actual owner receipts shared across genuine views, never from renderer metadata
ok 841 - working source references advance from actual owner receipts shared across genuine views, never from renderer metadata
  ---
  duration_ms: 1077.0588
  type: 'test'
  ...
# Subtest: historical Code, Docs, readonly policy and Lock cannot obtain a native working-source admission
ok 842 - historical Code, Docs, readonly policy and Lock cannot obtain a native working-source admission
  ---
  duration_ms: 624.5306
  type: 'test'
  ...
# Subtest: working-source pause, disposal and removed selected membership revoke cached draft references
ok 843 - working-source pause, disposal and removed selected membership revoke cached draft references
  ---
  duration_ms: 611.3259
  type: 'test'
  ...
# Subtest: real saved working v2 keeps exact-base Python metadata without selecting v2 in Docs or trusting a projected grant
ok 844 - real saved working v2 keeps exact-base Python metadata without selecting v2 in Docs or trusting a projected grant
  ---
  duration_ms: 925.7899
  type: 'test'
  ...
# Subtest: navigation preserves exact immutable reference and copies all nested data
ok 845 - navigation preserves exact immutable reference and copies all nested data
  ---
  duration_ms: 2.2877
  type: 'test'
  ...
# Subtest: navigation refuses accessor and inherited or unknown fields without evaluating getters
ok 846 - navigation refuses accessor and inherited or unknown fields without evaluating getters
  ---
  duration_ms: 0.6187
  type: 'test'
  ...
# Subtest: navigation rejects invalid IDs references and numeric offsets
ok 847 - navigation rejects invalid IDs references and numeric offsets
  ---
  duration_ms: 0.5276
  type: 'test'
  ...
# Subtest: navigation accepts sixteen validated layouts and rejects seventeen or bad geometry
ok 848 - navigation accepts sixteen validated layouts and rejects seventeen or bad geometry
  ---
  duration_ms: 0.6769
  type: 'test'
  ...
# Subtest: record validation bounds labels timestamps unique projects and native scope
ok 849 - record validation bounds labels timestamps unique projects and native scope
  ---
  duration_ms: 1.3078
  type: 'test'
  ...
# Subtest: native resolver recognizes each active module entity without treating release or cache IDs as authority
ok 850 - native resolver recognizes each active module entity without treating release or cache IDs as authority
  ---
  duration_ms: 523.7455
  type: 'test'
  ...
# Subtest: Continue resolves the exact old source version after newer private edits without changing any selected bytes
ok 851 - Continue resolves the exact old source version after newer private edits without changing any selected bytes
  ---
  duration_ms: 639.3321
  type: 'test'
  ...
# Subtest: missing version forged hash mismatched ID and offsets beyond actual UTF16 units refuse without substitution
ok 852 - missing version forged hash mismatched ID and offsets beyond actual UTF16 units refuse without substitution
  ---
  duration_ms: 455.5781
  type: 'test'
  ...
# Subtest: Lock during exact source verification suppresses the resolved route
ok 853 - Lock during exact source verification suppresses the resolved route
  ---
  duration_ms: 491.6267
  type: 'test'
  ...
# Subtest: restored layouts use current workAreas and require each referenced entity to belong to its role
ok 854 - restored layouts use current workAreas and require each referenced entity to belong to its role
  ---
  duration_ms: 372.5614
  type: 'test'
  ...
# Subtest: navigation_metadata_preserves_content source bytes revisions and checkpoints
ok 855 - navigation_metadata_preserves_content source bytes revisions and checkpoints
  ---
  duration_ms: 411.296
  type: 'test'
  ...
# Subtest: 64 locations accepted 65th refused existing updates preserve every other location
ok 856 - 64 locations accepted 65th refused existing updates preserve every other location
  ---
  duration_ms: 2122.4786
  type: 'test'
  ...
# Subtest: complete-file byte budget accepts 64 KiB and ignores but preserves +1
ok 857 - complete-file byte budget accepts 64 KiB and ignores but preserves +1
  ---
  duration_ms: 32.6847
  type: 'test'
  ...
# Subtest: oversized serialized record refuses before write and preserves prior exact bytes
ok 858 - oversized serialized record refuses before write and preserves prior exact bytes
  ---
  duration_ms: 419.6145
  type: 'test'
  ...
# Subtest: invalid input and readonly access preserve the existing navigation file
ok 859 - invalid input and readonly access preserve the existing navigation file
  ---
  duration_ms: 52.7468
  type: 'test'
  ...
# Subtest: corrupt metadata is ignored with diagnostic without replacing it or project mode
ok 860 - corrupt metadata is ignored with diagnostic without replacing it or project mode
  ---
  duration_ms: 17.2878
  type: 'test'
  ...
# Subtest: concurrent native metadata intents serialize without losing another project
ok 861 - concurrent native metadata intents serialize without losing another project
  ---
  duration_ms: 407.0167
  type: 'test'
  ...
# Subtest: torn write refuses with prior bytes and post-rename failure never claims verified acknowledgement
ok 862 - torn write refuses with prior bytes and post-rename failure never claims verified acknowledgement
  ---
  duration_ms: 104.496
  type: 'test'
  ...
# Subtest: permission revoked at final selection fence refuses before atomic replacement
ok 863 - permission revoked at final selection fence refuses before atomic replacement
  ---
  duration_ms: 70.4592
  type: 'test'
  ...
# Subtest: failed actual readback and invalid UTF8 cannot produce a successful receipt
ok 864 - failed actual readback and invalid UTF8 cannot produce a successful receipt
  ---
  duration_ms: 340.5966
  type: 'test'
  ...
# Subtest: caller mutation while permission awaits cannot alter copied metadata
ok 865 - caller mutation while permission awaits cannot alter copied metadata
  ---
  duration_ms: 47.7454
  type: 'test'
  ...
# Subtest: controlled real HTTP issuer enforces PKCE S256 and one-use callback/code; tokens stay in main-side result
ok 866 - controlled real HTTP issuer enforces PKCE S256 and one-use callback/code; tokens stay in main-side result
  ---
  duration_ms: 154.9369
  type: 'test'
  ...
# Subtest: state/nonce/audience/signature mismatch and denied consent cannot become a logged-in result
ok 867 - state/nonce/audience/signature mismatch and denied consent cannot become a logged-in result
  ---
  duration_ms: 434.6661
  type: 'test'
  ...
# Subtest: production login refuses insecure issuer configuration and does not open a browser
ok 868 - production login refuses insecure issuer configuration and does not open a browser
  ---
  duration_ms: 0.6125
  type: 'test'
  ...
# Subtest: the actual 180-second callback deadline closes the owned listener without granting login
ok 869 - the actual 180-second callback deadline closes the owned listener without granting login
  ---
  duration_ms: 180119.4496
  type: 'test'
  ...
# Subtest: successful real package build removes its own staging and preserves its archive and historical sibling
ok 870 - successful real package build removes its own staging and preserves its archive and historical sibling
  ---
  duration_ms: 21992.3737
  type: 'test'
  ...
# Subtest: failed real package build removes its own populated staging and preserves original error and partial preview
ok 871 - failed real package build removes its own populated staging and preserves original error and partial preview
  ---
  duration_ms: 11867.3773
  type: 'test'
  ...
# Subtest: staging lifetime removes only its own populated tree and returns the build result
ok 872 - staging lifetime removes only its own populated tree and returns the build result
  ---
  duration_ms: 100.9763
  type: 'test'
  ...
# Subtest: build failure is rethrown by identity after its staging is removed
ok 873 - build failure is rethrown by identity after its staging is removed
  ---
  duration_ms: 13.0042
  type: 'test'
  ...
# Subtest: cooperative cancellation removes staging and preserves the exact cancellation
ok 874 - cooperative cancellation removes staging and preserves the exact cancellation
  ---
  duration_ms: 14.0625
  type: 'test'
  ...
# Subtest: falsy build rejection is not mistaken for success
ok 875 - falsy build rejection is not mistaken for success
  ---
  duration_ms: 12.1542
  type: 'test'
  ...
# Subtest: staging refuses a junction parent before invoking the build
ok 876 - staging refuses a junction parent before invoking the build
  ---
  duration_ms: 7.3115
  type: 'test'
  ...
# Subtest: nested junction refuses cleanup and preserves the target and staged diagnostics
ok 877 - nested junction refuses cleanup and preserves the target and staged diagnostics
  ---
  duration_ms: 86.7552
  type: 'test'
  ...
# Subtest: cleanup refusal preserves both errors and discloses the exact retained staging path
ok 878 - cleanup refusal preserves both errors and discloses the exact retained staging path
  ---
  duration_ms: 63.4458
  type: 'test'
  ...
# Subtest: replaced staging root is not deleted even when the replacement is a normal directory
ok 879 - replaced staging root is not deleted even when the replacement is a normal directory
  ---
  duration_ms: 53.9903
  type: 'test'
  ...
# Subtest: replaced staging root junction is refused without deleting its target
ok 880 - replaced staging root junction is refused without deleting its target
  ---
  duration_ms: 23.5354
  type: 'test'
  ...
# Subtest: replaced parent refuses cleanup without deleting replacement or moved trees
ok 881 - replaced parent refuses cleanup without deleting replacement or moved trees
  ---
  duration_ms: 27.7788
  type: 'test'
  ...
# Subtest: concurrent builds clean their own staging without touching another invocation
ok 882 - concurrent builds clean their own staging without touching another invocation
  ---
  duration_ms: 25.7761
  type: 'test'
  ...
# Subtest: staged application includes the actual cold Home entry and every finite generated destination
ok 883 - staged application includes the actual cold Home entry and every finite generated destination
  ---
  duration_ms: 89.4433
  type: 'test'
  ...
# Subtest: package source allowlist refuses credentials, tests, development issuer, original source baseline and source maps
ok 884 - package source allowlist refuses credentials, tests, development issuer, original source baseline and source maps
  ---
  duration_ms: 0.6362
  type: 'test'
  ...
# Subtest: every relative native module reachable from the actual startup entry is admitted by the package allowlist
ok 885 - every relative native module reachable from the actual startup entry is admitted by the package allowlist
  ---
  duration_ms: 45.063
  type: 'test'
  ...
# Subtest: supplemental notices resolve only their exact runtime reference and verified bytes
ok 886 - supplemental notices resolve only their exact runtime reference and verified bytes
  ---
  duration_ms: 117.5694
  type: 'test'
  ...
# Subtest: runtime inventory requires known production dependency licenses and all Chromium component notices
ok 887 - runtime inventory requires known production dependency licenses and all Chromium component notices
  ---
  duration_ms: 13.6447
  type: 'test'
  ...
# Subtest: inventory preserves unresolved upstream license references without claiming distribution admission
ok 888 - inventory preserves unresolved upstream license references without claiming distribution admission
  ---
  duration_ms: 20.3924
  type: 'test'
  ...
# Subtest: actual first-session PIN crash regression gates development and copied-package qualification
ok 889 - actual first-session PIN crash regression gates development and copied-package qualification
  ---
  duration_ms: 0.9647
  type: 'test'
  ...
# Subtest: every original PIN crash receipt is retained without including protected profile data
ok 890 - every original PIN crash receipt is retained without including protected profile data
  ---
  duration_ms: 3.934
  type: 'test'
  ...
# Subtest: locked native session refuses project writes and reads even when the renderer knows an owned ID
ok 891 - locked native session refuses project writes and reads even when the renderer knows an owned ID
  ---
  duration_ms: 141.1128
  type: 'test'
  ...
# Subtest: PIN requests validate exact numeric fields before reaching native access service
ok 892 - PIN requests validate exact numeric fields before reaching native access service
  ---
  duration_ms: 0.5789
  type: 'test'
  ...
# Subtest: unlocked native session still applies owned project writer checks
ok 893 - unlocked native session still applies owned project writer checks
  ---
  duration_ms: 282.4763
  type: 'test'
  ...
# Subtest: private pipe writes must complete the full frame even when native writes are partial
ok 894 - private pipe writes must complete the full frame even when native writes are partial
  ---
  duration_ms: 2.0495
  type: 'test'
  ...
# Subtest: private protocol validates exact operation/nonce/fields, UTF8 framing, limits and canonical ciphertext
ok 895 - private protocol validates exact operation/nonce/fields, UTF8 framing, limits and canonical ciphertext
  ---
  duration_ms: 0.9411
  type: 'test'
  ...
# Subtest: protection requires encrypt close then a different decrypt close with exact payload before returning
ok 896 - protection requires encrypt close then a different decrypt close with exact payload before returning
  ---
  duration_ms: 57.3254
  type: 'test'
  ...
# Subtest: output arriving before actual process close cannot authorize persistence
ok 897 - output arriving before actual process close cannot authorize persistence
  ---
  duration_ms: 35.0654
  type: 'test'
  ...
# Subtest: refuses timeout without returning protected bytes
ok 898 - refuses timeout without returning protected bytes
  ---
  duration_ms: 115.5509
  type: 'test'
  ...
# Subtest: refuses exit without returning protected bytes
ok 899 - refuses exit without returning protected bytes
  ---
  duration_ms: 42.8244
  type: 'test'
  ...
# Subtest: refuses mismatch without returning protected bytes
ok 900 - refuses mismatch without returning protected bytes
  ---
  duration_ms: 21.4435
  type: 'test'
  ...
# Subtest: refuses oversized without returning protected bytes
ok 901 - refuses oversized without returning protected bytes
  ---
  duration_ms: 15.4228
  type: 'test'
  ...
# Subtest: a key profile lost after successful independent decrypt is never silently regenerated
ok 902 - a key profile lost after successful independent decrypt is never silently regenerated
  ---
  duration_ms: 32.8578
  type: 'test'
  ...
# Subtest: actual package entry admits both fixed startup branches and the private protocol without a renderer bridge
ok 903 - actual package entry admits both fixed startup branches and the private protocol without a renderer bridge
  ---
  duration_ms: 9.7796
  type: 'test'
  ...
# Subtest: actual worker refuses missing required key before native readiness; only first new encryption may create a key
ok 904 - actual worker refuses missing required key before native readiness; only first new encryption may create a key
  ---
  duration_ms: 4.1197
  type: 'test'
  ...
# Subtest: actual worker rejects unknown and duplicate worker flags, and occupied profiles before readiness
ok 905 - actual worker rejects unknown and duplicate worker flags, and occupied profiles before readiness
  ---
  duration_ms: 1.866
  type: 'test'
  ...
# Subtest: required-key test has a negative control against the former parent-only guard
ok 906 - required-key test has a negative control against the former parent-only guard
  ---
  duration_ms: 1.0499
  type: 'test'
  ...
# Subtest: finite deck operations preserve opaque cards/settings/notes while ordering, duplicating and editing supported content
ok 907 - finite deck operations preserve opaque cards/settings/notes while ordering, duplicating and editing supported content
  ---
  duration_ms: 2.1195
  type: 'test'
  ...
# Subtest: malformed deck operations, target ambiguity, opaque body edits and budget overflow refuse without sanitizing imported data
ok 908 - malformed deck operations, target ambiguity, opaque body edits and budget overflow refuse without sanitizing imported data
  ---
  duration_ms: 2.1767
  type: 'test'
  ...
# Subtest: public render context carries only a finite saved layout preference and never opaque layout payloads
ok 909 - public render context carries only a finite saved layout preference and never opaque layout payloads
  ---
  duration_ms: 1414.7108
  type: 'test'
  ...
# Subtest: native deck reads the exact selected diagram and genuine notes while excluding other project/private node metadata
ok 910 - native deck reads the exact selected diagram and genuine notes while excluding other project/private node metadata
  ---
  duration_ms: 122.2043
  type: 'test'
  ...
# Subtest: Audience/Docs/copied and revoked frames cannot load a deck or inherit source authority
ok 911 - Audience/Docs/copied and revoked frames cannot load a deck or inherit source authority
  ---
  duration_ms: 106.392
  type: 'test'
  ...
# Subtest: exact readback refusal detects corrupted snapshots and a selection change during load
ok 912 - exact readback refusal detects corrupted snapshots and a selection change during load
  ---
  duration_ms: 249.6009
  type: 'test'
  ...
# Subtest: empty authored sequence produces a deterministic overview without changing the stored diagram
ok 913 - empty authored sequence produces a deterministic overview without changing the stored diagram
  ---
  duration_ms: 273.7976
  type: 'test'
  ...
# Subtest: unsupported/malformed or duplicate authored slides and oversized notes are refused without replacement
ok 914 - unsupported/malformed or duplicate authored slides and oversized notes are refused without replacement
  ---
  duration_ms: 1192.2726
  type: 'test'
  ...
# Subtest: native deck projects the actual title visibility/font/style flags without copying private metadata
ok 915 - native deck projects the actual title visibility/font/style flags without copying private metadata
  ---
  duration_ms: 302.0398
  type: 'test'
  ...
# Subtest: saved Title/Text cards expose only finite public fields and prefer authored HTML over stale body
ok 916 - saved Title/Text cards expose only finite public fields and prefer authored HTML over stale body
  ---
  duration_ms: 244.9647
  type: 'test'
  ...
# Subtest: unsupported card kinds retain their public label without projecting private live-content or asset authority
ok 917 - unsupported card kinds retain their public label without projecting private live-content or asset authority
  ---
  duration_ms: 231.7448
  type: 'test'
  ...
# Subtest: malformed public text-card fields are refused without changing actual saved content
ok 918 - malformed public text-card fields are refused without changing actual saved content
  ---
  duration_ms: 1126.4729
  type: 'test'
  ...
# Subtest: saved tables project exact public cells without private asset, notes or future fields
ok 919 - saved tables project exact public cells without private asset, notes or future fields
  ---
  duration_ms: 203.9592
  type: 'test'
  ...
# Subtest: table public projection retains reveal refusal rather than silently exposing an authored reveal table
ok 920 - table public projection retains reveal refusal rather than silently exposing an authored reveal table
  ---
  duration_ms: 189.5299
  type: 'test'
  ...
# Subtest: authored node uses exact Mermaid12 render-prefixed identity and transformed geometry
ok 921 - authored node uses exact Mermaid12 render-prefixed identity and transformed geometry
  ---
  duration_ms: 1.3145
  type: 'test'
  ...
# Subtest: exact imported data-id and legacy Mermaid identity remain supported
ok 922 - exact imported data-id and legacy Mermaid identity remain supported
  ---
  duration_ms: 0.3429
  type: 'test'
  ...
# Subtest: vector semantic identity focuses only the exact renderer-derived block
ok 923 - vector semantic identity focuses only the exact renderer-derived block
  ---
  duration_ms: 0.4698
  type: 'test'
  ...
# Subtest: missing, ambiguous and lookalike node identities cannot focus an unrelated block
ok 924 - missing, ambiguous and lookalike node identities cannot focus an unrelated block
  ---
  duration_ms: 0.2302
  type: 'test'
  ...
# Subtest: Audience has only public-frame/ACK and own fullscreen methods; Presenter notes never cross roles
ok 925 - Audience has only public-frame/ACK and own fullscreen methods; Presenter notes never cross roles
  ---
  duration_ms: 5.5666
  type: 'test'
  ...
# Subtest: unregistered, subframe, same-URL replaced and other module callers cannot invoke presentation
ok 926 - unregistered, subframe, same-URL replaced and other module callers cannot invoke presentation
  ---
  duration_ms: 0.5334
  type: 'test'
  ...
# Subtest: display projection removes adapter private fields and fullscreen accepts no caller-supplied identity
ok 927 - display projection removes adapter private fields and fullscreen accepts no caller-supplied identity
  ---
  duration_ms: 1.7012
  type: 'test'
  ...
# Subtest: opening Audience binds native grants and refuses role/project/deck fields from the renderer
ok 928 - opening Audience binds native grants and refuses role/project/deck fields from the renderer
  ---
  duration_ms: 0.5245
  type: 'test'
  ...
# Subtest: revocation while an Audience factory is pending destroys its owned view instead of returning success
ok 929 - revocation while an Audience factory is pending destroys its owned view instead of returning success
  ---
  duration_ms: 0.534
  type: 'test'
  ...
# Subtest: captured notes preserve exact Unicode/newlines/blank notes, ordered slide identities and deck version
ok 930 - captured notes preserve exact Unicode/newlines/blank notes, ordered slide identities and deck version
  ---
  duration_ms: 1.796
  type: 'test'
  ...
# Subtest: all 600 slides retained; encoded output is bounded before final allocation and never truncated
ok 931 - all 600 slides retained; encoded output is bounded before final allocation and never truncated
  ---
  duration_ms: 18.4474
  type: 'test'
  ...
# Subtest: invalid captured projections refuse getters, duplicates, extras, malformed Unicode and unbounded slides
ok 932 - invalid captured projections refuse getters, duplicates, extras, malformed Unicode and unbounded slides
  ---
  duration_ms: 0.5252
  type: 'test'
  ...
# Subtest: public utility denies permissions, navigation, new windows and network and confirms both native objects destroyed
ok 933 - public utility denies permissions, navigation, new windows and network and confirms both native objects destroyed
  ---
  duration_ms: 30.4745
  type: 'test'
  ...
# Subtest: wrong entry bytes, excessive input and revoked scope create no renderer
ok 934 - wrong entry bytes, excessive input and revoked scope create no renderer
  ---
  duration_ms: 29.0552
  type: 'test'
  ...
# Subtest: entry bytes replaced during loading and substituted main frame cannot publish
ok 935 - entry bytes replaced during loading and substituted main frame cannot publish
  ---
  duration_ms: 19.8233
  type: 'test'
  ...
# Subtest: cancellation while a renderer is pending destroys it and refuses its late result
ok 936 - cancellation while a renderer is pending destroys it and refuses its late result
  ---
  duration_ms: 6.6683
  type: 'test'
  ...
# Subtest: deadline expiry and private extra fields cannot become public rendering receipts
ok 937 - deadline expiry and private extra fields cannot become public rendering receipts
  ---
  duration_ms: 49.6268
  type: 'test'
  ...
# Subtest: a successful render waits for separate webContents destruction before returning
ok 938 - a successful render waits for separate webContents destruction before returning
  ---
  duration_ms: 36.6423
  type: 'test'
  ...
# Subtest: table finite edits preserve imported fields/private notes and duplicate full public cells
ok 939 - table finite edits preserve imported fields/private notes and duplicate full public cells
  ---
  duration_ms: 3.2538
  type: 'test'
  ...
# Subtest: table edits reject sparse/ragged/getter/oversized cells and non-table targets without evaluating getters
ok 940 - table edits reject sparse/ragged/getter/oversized cells and non-table targets without evaluating getters
  ---
  duration_ms: 2.1434
  type: 'test'
  ...
# Subtest: native pause drains an actual outstanding render before admitting a transition and clears the Presenter preview
ok 941 - native pause drains an actual outstanding render before admitting a transition and clears the Presenter preview
  ---
  duration_ms: 8.5234
  type: 'test'
  ...
# Subtest: Presenter preview receives only its successfully rendered public slide, never private notes or source
ok 942 - Presenter preview receives only its successfully rendered public slide, never private notes or source
  ---
  duration_ms: 1.4889
  type: 'test'
  ...
# Subtest: genuine Presenter/Audience roles project only visible content, retaining notes solely for Presenter
ok 943 - genuine Presenter/Audience roles project only visible content, retaining notes solely for Presenter
  ---
  duration_ms: 2.1472
  type: 'test'
  ...
# Subtest: foreign/copy/retired caller, stale sequence/version and unexpected authority fields never publish
ok 944 - foreign/copy/retired caller, stale sequence/version and unexpected authority fields never publish
  ---
  duration_ms: 1.3861
  type: 'test'
  ...
# Subtest: a slow audience has one in-flight and one coalesced latest frame, independently of another audience
ok 945 - a slow audience has one in-flight and one coalesced latest frame, independently of another audience
  ---
  duration_ms: 1.4404
  type: 'test'
  ...
# Subtest: out-of-order rendering and pause/disposal never republish an older slide or cached audience data
ok 946 - out-of-order rendering and pause/disposal never republish an older slide or cached audience data
  ---
  duration_ms: 1.2746
  type: 'test'
  ...
# Subtest: explicit deck refresh preserves the current slide identity and rejects an old audience acknowledgement
ok 947 - explicit deck refresh preserves the current slide identity and rejects an old audience acknowledgement
  ---
  duration_ms: 2.588
  type: 'test'
  ...
# Subtest: public payload validation refuses private fields, executable/remote media and oversized content without replacing the current frame
ok 948 - public payload validation refuses private fields, executable/remote media and oversized content without replacing the current frame
  ---
  duration_ms: 1.2824
  type: 'test'
  ...
# Subtest: native deck corruption or changed caller during load retains the original admitted deck
ok 949 - native deck corruption or changed caller during load retains the original admitted deck
  ---
  duration_ms: 0.9625
  type: 'test'
  ...
# Subtest: render jobs have a finite native budget and cancellation signal; a refused burst does not consume its position
ok 950 - render jobs have a finite native budget and cancellation signal; a refused burst does not consume its position
  ---
  duration_ms: 1.1083
  type: 'test'
  ...
# Subtest: canonical bounded PNG content is delivered as public media while oversized geometry and malformed encoding are refused
ok 951 - canonical bounded PNG content is delivered as public media while oversized geometry and malformed encoding are refused
  ---
  duration_ms: 1.1937
  type: 'test'
  ...
# Subtest: Presenter theme changes coalesce while busy, use latest slide and leave deck immutable
ok 952 - Presenter theme changes coalesce while busy, use latest slide and leave deck immutable
  ---
  duration_ms: 10.6176
  type: 'test'
  ...
# Subtest: failed appearance render is not retried and Lock retires queued appearance work
ok 953 - failed appearance render is not retried and Lock retires queued appearance work
  ---
  duration_ms: 3.9426
  type: 'test'
  ...
# Subtest: pagehide retires theme refresh without another native navigation
ok 954 - pagehide retires theme refresh without another native navigation
  ---
  duration_ms: 2.533
  type: 'test'
  ...
# Subtest: real Presenter UI retains visible notes/slide and releases controls on thrown refresh or Audience transport
ok 955 - real Presenter UI retains visible notes/slide and releases controls on thrown refresh or Audience transport
  ---
  duration_ms: 4.4591
  type: 'test'
  ...
# Subtest: actual Presenter window mounts captured export and prepares by hiding private notes then joining pending action
ok 956 - actual Presenter window mounts captured export and prepares by hiding private notes then joining pending action
  ---
  duration_ms: 2.8384
  type: 'test'
  ...
# Subtest: Presenter playback keys preserve native button/select defaults and text editing, while canvas shortcuts still navigate
ok 957 - Presenter playback keys preserve native button/select defaults and text editing, while canvas shortcuts still navigate
  ---
  duration_ms: 1.9579
  type: 'test'
  ...
# Subtest: Lock during actual refresh follow-up read cannot repopulate private notes or render a late slide
ok 958 - Lock during actual refresh follow-up read cannot repopulate private notes or render a late slide
  ---
  duration_ms: 1.6893
  type: 'test'
  ...
# Subtest: Presenter native and genuine copied-package regression run and retain bounded original receipts on failure
ok 959 - Presenter native and genuine copied-package regression run and retain bounded original receipts on failure
  ---
  duration_ms: 2.9638
  type: 'test'
  ...
# Subtest: Presenter CI refuses missing copied execution/retention and profiles or exported data capture
ok 960 - Presenter CI refuses missing copied execution/retention and profiles or exported data capture
  ---
  duration_ms: 5.4394
  type: 'test'
  ...
# Subtest: actual Presenter export main handler tracks promise and refuses every transition fence
ok 961 - actual Presenter export main handler tracks promise and refuses every transition fence
  ---
  duration_ms: 1.8265
  type: 'test'
  ...
# Subtest: actual native barrier pauses/drains Presenter exports and refuses proof on uncertain cleanup
ok 962 - actual native barrier pauses/drains Presenter exports and refuses proof on uncertain cleanup
  ---
  duration_ms: 2.3053
  type: 'test'
  ...
# Subtest: actual native retirement refuses uncertain Presenter export cleanup before session/view destruction
ok 963 - actual native retirement refuses uncertain Presenter export cleanup before session/view destruction
  ---
  duration_ms: 1.3175
  type: 'test'
  ...
# Subtest: finite application inventory admits real Presenter export modules, refusing similarly named test/draft files
ok 964 - finite application inventory admits real Presenter export modules, refusing similarly named test/draft files
  ---
  duration_ms: 1.5471
  type: 'test'
  ...
# Subtest: actual Presenter preload alone exposes finite notes export/reveal; Audience receives no private delivery bridge
ok 965 - actual Presenter preload alone exposes finite notes export/reveal; Audience receives no private delivery bridge
  ---
  duration_ms: 6.6009
  type: 'test'
  ...
# Subtest: Presenter action submits only captured version and shows file only for exact finite acknowledged receipt
ok 966 - Presenter action submits only captured version and shows file only for exact finite acknowledged receipt
  ---
  duration_ms: 7.1808
  type: 'test'
  ...
# Subtest: unique pending action joins Lock and rejects late completion; resume cannot restore private delivery receipt
ok 967 - unique pending action joins Lock and rejects late completion; resume cannot restore private delivery receipt
  ---
  duration_ms: 2.3631
  type: 'test'
  ...
# Subtest: Refresh/current version changes and malformed responses cannot expose stale file or imply successful export
ok 968 - Refresh/current version changes and malformed responses cannot expose stale file or imply successful export
  ---
  duration_ms: 3.0411
  type: 'test'
  ...
# Subtest: unready/disposed actions refuse transport and release controls after thrown export/reveal
ok 969 - unready/disposed actions refuse transport and release controls after thrown export/reveal
  ---
  duration_ms: 1.5921
  type: 'test'
  ...
# Subtest: readonly navigation attests the exact selected envelope without creating a recovery point or content revision
ok 970 - readonly navigation attests the exact selected envelope without creating a recovery point or content revision
  ---
  duration_ms: 735.9404
  type: 'test'
  ...
# Subtest: a selected navigation seal cannot verify a changed envelope or a locked scope
ok 971 - a selected navigation seal cannot verify a changed envelope or a locked scope
  ---
  duration_ms: 671.5419
  type: 'test'
  ...
# Subtest: an unchanged acknowledged primary save reuses its independently verified recovery point
ok 972 - an unchanged acknowledged primary save reuses its independently verified recovery point
  ---
  duration_ms: 1452.2133
  type: 'test'
  ...
# Subtest: primary persistence has a native adapter
ok 973 - primary persistence has a native adapter
  ---
  duration_ms: 1.3933
  type: 'test'
  ...
# Subtest: revocation at the actual legacy selection boundary retains the previous revision and pending work
ok 974 - revocation at the actual legacy selection boundary retains the previous revision and pending work
  ---
  duration_ms: 306.8685
  type: 'test'
  ...
# Subtest: primary save verifies the selected bytes and recovery point; private draft never changes the selected project
ok 975 - primary save verifies the selected bytes and recovery point; private draft never changes the selected project
  ---
  duration_ms: 679.352
  type: 'test'
  ...
# Subtest: checkpoint failure reports the real selected commit and keeps pending attempted bytes
ok 976 - checkpoint failure reports the real selected commit and keeps pending attempted bytes
  ---
  duration_ms: 363.4786
  type: 'test'
  ...
# Subtest: foreign project, getters and stale CAS cannot mutate or publish primary work
ok 977 - foreign project, getters and stale CAS cannot mutate or publish primary work
  ---
  duration_ms: 529.5905
  type: 'test'
  ...
# Subtest: revocation during checkpoint cannot acknowledge or publish to a later selected project
ok 978 - revocation during checkpoint cannot acknowledge or publish to a later selected project
  ---
  duration_ms: 364.8637
  type: 'test'
  ...
# Subtest: legacy primary saves cannot downgrade a selected source manifest or strip source refs
ok 979 - legacy primary saves cannot downgrade a selected source manifest or strip source refs
  ---
  duration_ms: 839.6869
  type: 'test'
  ...
# Subtest: one owner orders primary and domain persistence; copied intent and revoked captures cannot cross scope
ok 980 - one owner orders primary and domain persistence; copied intent and revoked captures cannot cross scope
  ---
  duration_ms: 3.6275
  type: 'test'
  ...
# Subtest: primary capacity remains 64 MiB independently of the 16 MiB source queue; aggregate admission is bounded
ok 981 - primary capacity remains 64 MiB independently of the 16 MiB source queue; aggregate admission is bounded
  ---
  duration_ms: 291.7818
  type: 'test'
  ...
# Subtest: receipt accessors and extra fields cannot fabricate primary persistence acknowledgements
ok 982 - receipt accessors and extra fields cannot fabricate primary persistence acknowledgements
  ---
  duration_ms: 0.5221
  type: 'test'
  ...
# Subtest: native primary seals re-read real saved and private checkpoints; old or degraded receipts cannot prove latest work
ok 983 - native primary seals re-read real saved and private checkpoints; old or degraded receipts cannot prove latest work
  ---
  duration_ms: 1046.7403
  type: 'test'
  ...
# Subtest: paused primary flush accepts only its original native frame and seals both saved work and private recovery
ok 984 - paused primary flush accepts only its original native frame and seals both saved work and private recovery
  ---
  duration_ms: 607.0901
  type: 'test'
  ...
# Subtest: primary capture survives a genuine entity removal while old source authority is revoked
ok 985 - primary capture survives a genuine entity removal while old source authority is revoked
  ---
  duration_ms: 2.4528
  type: 'test'
  ...
# Subtest: a native readonly seal verifies schema-2 source recovery without rewriting or downgrading the project
ok 986 - a native readonly seal verifies schema-2 source recovery without rewriting or downgrading the project
  ---
  duration_ms: 643.9331
  type: 'test'
  ...
# Subtest: readonly preparation reuses an exact verified saved checkpoint without duplicating recovery histories
ok 987 - readonly preparation reuses an exact verified saved checkpoint without duplicating recovery histories
  ---
  duration_ms: 208.8149
  type: 'test'
  ...
# Subtest: genuine primary roster preparation requires a native persisted seal before transition authority
ok 988 - genuine primary roster preparation requires a native persisted seal before transition authority
  ---
  duration_ms: 485.2219
  type: 'test'
  ...
# Subtest: checkpoint proof reads only its owned project and exact point instead of scanning every project
ok 989 - checkpoint proof reads only its owned project and exact point instead of scanning every project
  ---
  duration_ms: 198.3317
  type: 'test'
  ...
# Subtest: native process reply preserves exact Unicode executable and creation time for the requested PID
ok 990 - native process reply preserves exact Unicode executable and creation time for the requested PID
  ---
  duration_ms: 2.5904
  type: 'test'
  ...
# Subtest: only explicit missing and exact unknown replies remain missing or unknown
ok 991 - only explicit missing and exact unknown replies remain missing or unknown
  ---
  duration_ms: 0.7366
  type: 'test'
  ...
# Subtest: malformed empty oversized and mismatched process replies cannot grant ownership
ok 992 - malformed empty oversized and mismatched process replies cannot grant ownership
  ---
  duration_ms: 1.6062
  type: 'test'
  ...
# Subtest: identity reply refusal exposes only a finite reason without response text
ok 993 - identity reply refusal exposes only a finite reason without response text
  ---
  duration_ms: 0.3283
  type: 'test'
  ...
# Subtest: drive-relative and current-drive-rooted paths cannot identify an executable
ok 994 - drive-relative and current-drive-rooted paths cannot identify an executable
  ---
  duration_ms: 0.3378
  type: 'test'
  ...
# Subtest: actual inspector distinguishes query and decode refusals, reports byte counts and never retries
ok 995 - actual inspector distinguishes query and decode refusals, reports byte counts and never retries
  ---
  duration_ms: 8.6191
  type: 'test'
  ...
# Subtest: native stderr cannot turn a refused query into missing process or grant live ownership
ok 996 - native stderr cannot turn a refused query into missing process or grant live ownership
  ---
  duration_ms: 2.2716
  type: 'test'
  ...
# Subtest: first Windows build refuses a junction output without writing into its target
ok 997 - first Windows build refuses a junction output without writing into its target
  ---
  duration_ms: 49.6149
  type: 'test'
  ...
# Subtest: build cache admits only exact source/compiler/binary receipt without mutating its bytes
ok 998 - build cache admits only exact source/compiler/binary receipt without mutating its bytes
  ---
  duration_ms: 0.7978
  type: 'test'
  ...
# Subtest: actual Windows builder compiles a missing pair once, reuses exact bytes and refuses partial or corrupted caches
ok 999 - actual Windows builder compiles a missing pair once, reuses exact bytes and refuses partial or corrupted caches
  ---
  duration_ms: 498.5963
  type: 'test'
  ...
# Subtest: source recipe, compiler change or binary replacement refuses cached native helper
ok 1000 - source recipe, compiler change or binary replacement refuses cached native helper
  ---
  duration_ms: 0.398
  type: 'test'
  ...
# Subtest: a repeated exact acknowledged workspace save retains the complete selected revision and pointer bytes
ok 1001 - a repeated exact acknowledged workspace save retains the complete selected revision and pointer bytes
  ---
  duration_ms: 520.664
  type: 'test'
  ...
# Subtest: same text with stale CAS refuses and private recovery does not suppress a real workspace commit
ok 1002 - same text with stale CAS refuses and private recovery does not suppress a real workspace commit
  ---
  duration_ms: 641.6732
  type: 'test'
  ...
# Subtest: a no-op save still refuses a failed recovery checkpoint and does not advance the original revision
ok 1003 - a no-op save still refuses a failed recovery checkpoint and does not advance the original revision
  ---
  duration_ms: 234.6126
  type: 'test'
  ...
# Subtest: choosing another damaged owned project grants its recovery and keeps the original intact
ok 1004 - choosing another damaged owned project grants its recovery and keeps the original intact
  ---
  duration_ms: 690.2765
  type: 'test'
  ...
# Subtest: exact UTF-8 workspace import survives save and fresh store readback without rewriting identities
ok 1005 - exact UTF-8 workspace import survives save and fresh store readback without rewriting identities
  ---
  duration_ms: 314.187
  type: 'test'
  ...
# Subtest: two writers at the same revision cannot both commit and stale data is retained for explicit recovery
ok 1006 - two writers at the same revision cannot both commit and stale data is retained for explicit recovery
  ---
  duration_ms: 411.5588
  type: 'test'
  ...
# Subtest: failed flush or rename cannot claim save and keeps the exact previous revision
ok 1007 - failed flush or rename cannot claim save and keeps the exact previous revision
  ---
  duration_ms: 397.0066
  type: 'test'
  ...
# Subtest: path ids and junction replacement are rejected without reading unrelated bytes
ok 1008 - path ids and junction replacement are rejected without reading unrelated bytes
  ---
  duration_ms: 106.5958
  type: 'test'
  ...
# Subtest: corrupt selected revision refuses normal load and keeps damaged bytes unchanged
ok 1009 - corrupt selected revision refuses normal load and keeps damaged bytes unchanged
  ---
  duration_ms: 101.9514
  type: 'test'
  ...
# Subtest: only a specifically acknowledged pending copy is pruned; unacknowledged attempted work stays recoverable
ok 1010 - only a specifically acknowledged pending copy is pruned; unacknowledged attempted work stays recoverable
  ---
  duration_ms: 292.2213
  type: 'test'
  ...
# Subtest: a crashed writer is reclaimed only after exact native identity proves it is no longer running
ok 1011 - a crashed writer is reclaimed only after exact native identity proves it is no longer running
  ---
  duration_ms: 333.5268
  type: 'test'
  ...
# Subtest: asynchronous native permission denial is awaited before creating or committing a project
ok 1012 - asynchronous native permission denial is awaited before creating or committing a project
  ---
  duration_ms: 160.5838
  type: 'test'
  ...
# Subtest: legacy portable import preserves reusable libraries and picture bytes in the desktop storage bag
ok 1013 - legacy portable import preserves reusable libraries and picture bytes in the desktop storage bag
  ---
  duration_ms: 2.6851
  type: 'test'
  ...
# Subtest: public section honors forced KPMG in dark OS and Matrix in light OS
ok 1014 - public section honors forced KPMG in dark OS and Matrix in light OS
  ---
  duration_ms: 2.7128
  type: 'test'
  ...
# Subtest: invalid capsule fails before any canvas publication
ok 1015 - invalid capsule fails before any canvas publication
  ---
  duration_ms: 0.7984
  type: 'test'
  ...
# Subtest: patched grammar build helper exists independently of renderer integration
ok 1016 - patched grammar build helper exists independently of renderer integration
  ---
  duration_ms: 0.6398
  type: 'test'
  ...
# Subtest: extracts exactly the admitted factory bytes and emits a deterministic module using shared installed Lezer
ok 1017 - extracts exactly the admitted factory bytes and emits a deterministic module using shared installed Lezer
  ---
  duration_ms: 147.9523
  type: 'test'
  ...
# Subtest: malformed and changed baseline bytes are refused before any output or arbitrary evaluation
ok 1018 - malformed and changed baseline bytes are refused before any output or arbitrary evaluation
  ---
  duration_ms: 70.9371
  type: 'test'
  ...
# Subtest: baseline size is bounded before extraction and existing hard-linked input is never overwritten
ok 1019 - baseline size is bounded before extraction and existing hard-linked input is never overwritten
  ---
  duration_ms: 107.8816
  type: 'test'
  ...
# Subtest: patched empty class patterns remain fixed against actual unpatched upstream control
ok 1020 - patched empty class patterns remain fixed against actual unpatched upstream control
  ---
  duration_ms: 71.1437
  type: 'test'
  ...
# Subtest: patched parenthesized with items remain fixed against upstream control
ok 1021 - patched parenthesized with items remain fixed against upstream control
  ---
  duration_ms: 56.6198
  type: 'test'
  ...
# Subtest: formfeed indentation remains fixed against upstream control
ok 1022 - formfeed indentation remains fixed against upstream control
  ---
  duration_ms: 55.2788
  type: 'test'
  ...
# Subtest: decorated async functions and multiline literals parse without executing Python
ok 1023 - decorated async functions and multiline literals parse without executing Python
  ---
  duration_ms: 44.8382
  type: 'test'
  ...
# Subtest: local grammar highlighting uses the same installed highlight properties
ok 1024 - local grammar highlighting uses the same installed highlight properties
  ---
  duration_ms: 56.7794
  type: 'test'
  ...
# Subtest: native Presenter and zero-entity Audience need exact readonly deck proofs during all-view preparation
ok 1025 - native Presenter and zero-entity Audience need exact readonly deck proofs during all-view preparation
  ---
  duration_ms: 876.9759
  type: 'test'
  ...
# Subtest: changed private notes invalidate a genuine presentation seal without giving Audience content authority
ok 1026 - changed private notes invalidate a genuine presentation seal without giving Audience content authority
  ---
  duration_ms: 790.9974
  type: 'test'
  ...
# Subtest: zero-entity Audience cannot prepare without genuine native readonly classification
ok 1027 - zero-entity Audience cannot prepare without genuine native readonly classification
  ---
  duration_ms: 684.6391
  type: 'test'
  ...
# Subtest: readonly Code seals the exact selected historical source without committing a newer private draft
ok 1028 - readonly Code seals the exact selected historical source without committing a newer private draft
  ---
  duration_ms: 1168.7967
  type: 'test'
  ...
# Subtest: readonly Docs seals only its exact selected document with native provenance and no content projection
ok 1029 - readonly Docs seals only its exact selected document with native provenance and no content projection
  ---
  duration_ms: 592.5532
  type: 'test'
  ...
# Subtest: copied native captures, writable classification and changed Lock scope cannot issue readonly seals
ok 1030 - copied native captures, writable classification and changed Lock scope cannot issue readonly seals
  ---
  duration_ms: 636.1372
  type: 'test'
  ...
# Subtest: changed selected document or removed source reference invalidates a genuine readonly receipt
ok 1031 - changed selected document or removed source reference invalidates a genuine readonly receipt
  ---
  duration_ms: 1381.621
  type: 'test'
  ...
# Subtest: readonly seal keeps actual source corruption as a refusal without manufacturing durability
ok 1032 - readonly seal keeps actual source corruption as a refusal without manufacturing durability
  ---
  duration_ms: 569.8053
  type: 'test'
  ...
# Subtest: a native readonly Code/Docs roster prepares without committing the unselected draft or pretending to save
ok 1033 - a native readonly Code/Docs roster prepares without committing the unselected draft or pretending to save
  ---
  duration_ms: 965.1974
  type: 'test'
  ...
# Subtest: an empty acknowledgement still cannot prepare a writable Code/Docs roster
ok 1034 - an empty acknowledgement still cannot prepare a writable Code/Docs roster
  ---
  duration_ms: 593.6189
  type: 'test'
  ...
# Subtest: readonly classification refuses source writes even with a genuine draining nonce
ok 1035 - readonly classification refuses source writes even with a genuine draining nonce
  ---
  duration_ms: 559.2231
  type: 'test'
  ...
# Subtest: an unversioned Code admission cannot seal whichever source version later happens to be selected
ok 1036 - an unversioned Code admission cannot seal whichever source version later happens to be selected
  ---
  duration_ms: 475.5104
  type: 'test'
  ...
# Subtest: unacknowledged conflicting work is offered and restores a new exact copy without altering either original
ok 1037 - unacknowledged conflicting work is offered and restores a new exact copy without altering either original
  ---
  duration_ms: 797.3166
  type: 'test'
  ...
# Subtest: damaged selection and revision have opaque export handles; unknown paths and changed bytes are refused
ok 1038 - damaged selection and revision have opaque export handles; unknown paths and changed bytes are refused
  ---
  duration_ms: 302.3997
  type: 'test'
  ...
# Subtest: revision pruning requires verified current checkpoint and retains ten committed copies plus damaged and future originals
ok 1039 - revision pruning requires verified current checkpoint and retains ten committed copies plus damaged and future originals
  ---
  duration_ms: 2438.9107
  type: 'test'
  ...
# Subtest: exact durability verifies the saved candidate and its source bytes, without rebuilding unrelated recovery histories
ok 1040 - exact durability verifies the saved candidate and its source bytes, without rebuilding unrelated recovery histories
  ---
  duration_ms: 1306.664
  type: 'test'
  ...
# Subtest: missing, emergency-only, damaged and replaced checkpoint records never establish saved durability or trust catalog labels
ok 1041 - missing, emergency-only, damaged and replaced checkpoint records never establish saved durability or trust catalog labels
  ---
  duration_ms: 773.401
  type: 'test'
  ...
# Subtest: diagnostic control: actual recovered-copy services and production flush acknowledge an initialization save
ok 1042 - diagnostic control: actual recovered-copy services and production flush acknowledge an initialization save
  ---
  duration_ms: 283.7939
  type: 'test'
  ...
# Subtest: verified partial workspace commit stays failed but next production save uses its exact revision
ok 1043 - verified partial workspace commit stays failed but next production save uses its exact revision
  ---
  duration_ms: 447.5135
  type: 'test'
  ...
# Subtest: recovery writer contention remains an explicit refusal while a later exact-CAS save succeeds
ok 1044 - recovery writer contention remains an explicit refusal while a later exact-CAS save succeeds
  ---
  duration_ms: 336.1399
  type: 'test'
  ...
# Subtest: recovery selection drains an old operation before changing the selected bootstrap
ok 1045 - recovery selection drains an old operation before changing the selected bootstrap
  ---
  duration_ms: 228.0909
  type: 'test'
  ...
# Subtest: old operation cannot publish into a later selection generation, even when the selected project ID matches
ok 1046 - old operation cannot publish into a later selection generation, even when the selected project ID matches
  ---
  duration_ms: 169.0192
  type: 'test'
  ...
# Subtest: failed renderer flush leaves the current recovery selection usable and a later transition can retry
ok 1047 - failed renderer flush leaves the current recovery selection usable and a later transition can retry
  ---
  duration_ms: 205.2805
  type: 'test'
  ...
# Subtest: checkpoint retention keeps 10 verified saved points, newest private draft and unacknowledged emergency
ok 1048 - checkpoint retention keeps 10 verified saved points, newest private draft and unacknowledged emergency
  ---
  duration_ms: 1987.3363
  type: 'test'
  ...
# Subtest: corrupt newest checkpoint and catalog offer an older verified copy while preserving damaged originals
ok 1049 - corrupt newest checkpoint and catalog offer an older verified copy while preserving damaged originals
  ---
  duration_ms: 716.1712
  type: 'test'
  ...
# Subtest: missing checkpoint bytes cannot be called recovered, even with a planted positive catalog entry
ok 1050 - missing checkpoint bytes cannot be called recovered, even with a planted positive catalog entry
  ---
  duration_ms: 253.9382
  type: 'test'
  ...
# Subtest: owned process killed at write phases restarts with an exact old or new selected revision
ok 1051 - owned process killed at write phases restarts with an exact old or new selected revision
  ---
  duration_ms: 1738.4559
  type: 'test'
  ...
# Subtest: three verified-dead unclean sessions within five minutes offer Recovery Mode; PID reuse is not a live session
ok 1052 - three verified-dead unclean sessions within five minutes offer Recovery Mode; PID reuse is not a live session
  ---
  duration_ms: 98.0655
  type: 'test'
  ...
# Subtest: unknown process inspection and malformed session events fail closed instead of treating them as confirmed dead
ok 1053 - unknown process inspection and malformed session events fail closed instead of treating them as confirmed dead
  ---
  duration_ms: 74.7189
  type: 'test'
  ...
# Subtest: all native graph palettes match frozen original literals and named modes
ok 1054 - all native graph palettes match frozen original literals and named modes
  ---
  duration_ms: 937.6671
  type: 'test'
  ...
# Subtest: forced named modes ignore OS mode while System resolves once
ok 1055 - forced named modes ignore OS mode while System resolves once
  ---
  duration_ms: 0.9123
  type: 'test'
  ...
# Subtest: render capsule refuses unknown names, inconsistent modes and arbitrary CSS/fields
ok 1056 - render capsule refuses unknown names, inconsistent modes and arbitrary CSS/fields
  ---
  duration_ms: 0.5444
  type: 'test'
  ...
# Subtest: repeated unchanged renderer saves preserve the actual last-good backup and native project revision
ok 1057 - repeated unchanged renderer saves preserve the actual last-good backup and native project revision
  ---
  duration_ms: 486.7895
  type: 'test'
  ...
# Subtest: a real new state rotates last-good once and further unchanged saves preserve that prior state
ok 1058 - a real new state rotates last-good once and further unchanged saves preserve that prior state
  ---
  duration_ms: 626.84
  type: 'test'
  ...
# Subtest: read-only legacy cache cleanup cannot mutate its mirror, issue schema-1 writes or poison a later Lock drain
ok 1059 - read-only legacy cache cleanup cannot mutate its mirror, issue schema-1 writes or poison a later Lock drain
  ---
  duration_ms: 5.9154
  type: 'test'
  ...
# Subtest: native adapter retains typed refusal and bounded commit receipt fields without reporting success
ok 1060 - native adapter retains typed refusal and bounded commit receipt fields without reporting success
  ---
  duration_ms: 2.9641
  type: 'test'
  ...
# Subtest: native refusal diagnostics keep CAS and reject malformed receipt metadata
ok 1061 - native refusal diagnostics keep CAS and reject malformed receipt metadata
  ---
  duration_ms: 2.7101
  type: 'test'
  ...
# Subtest: adapter reconciles only a degraded exact workspace bag with the immediate next committed revision
ok 1062 - adapter reconciles only a degraded exact workspace bag with the immediate next committed revision
  ---
  duration_ms: 8.4754
  type: 'test'
  ...
# Subtest: private Code recovery waits for a native receipt and never labels rejected writes stored
ok 1063 - private Code recovery waits for a native receipt and never labels rejected writes stored
  ---
  duration_ms: 19951.379
  type: 'test'
  ...
# Subtest: account-transition storage lock retains the acknowledged mirror and a failed flush is not hidden
ok 1064 - account-transition storage lock retains the acknowledged mirror and a failed flush is not hidden
  ---
  duration_ms: 2.0322
  type: 'test'
  ...
# Subtest: built renderer freezes final account commit, drains writes, and safely resumes after a failed flush
ok 1065 - built renderer freezes final account commit, drains writes, and safely resumes after a failed flush
  ---
  duration_ms: 11548.8561
  type: 'test'
  ...
# Subtest: accepted 64 MiB escaped work survives create, save, pending read and recovery in a fresh store
ok 1066 - accepted 64 MiB escaped work survives create, save, pending read and recovery in a fresh store
  ---
  duration_ms: 16574.9127
  type: 'test'
  ...
# Subtest: oversized serialized revision is refused before changing the current pointer or writing a revision
ok 1067 - oversized serialized revision is refused before changing the current pointer or writing a revision
  ---
  duration_ms: 953.4734
  type: 'test'
  ...
# Subtest: oversized serialized recovery point is refused before retaining an unreadable checkpoint
ok 1068 - oversized serialized recovery point is refused before retaining an unreadable checkpoint
  ---
  duration_ms: 841.256
  type: 'test'
  ...
# Subtest: overlapping journal events read and publish in request order without losing a close record
ok 1069 - overlapping journal events read and publish in request order without losing a close record
  ---
  duration_ms: 161.5639
  type: 'test'
  ...
# Subtest: a real journal refusal does not poison later explicitly requested recovery writes
ok 1070 - a real journal refusal does not poison later explicitly requested recovery writes
  ---
  duration_ms: 60.2072
  type: 'test'
  ...
# Subtest: duplicate native ready notifications share one pending journal publication: success
ok 1071 - duplicate native ready notifications share one pending journal publication: success
  ---
  duration_ms: 2.1428
  type: 'test'
  ...
# Subtest: duplicate native ready notifications share one pending journal publication: failure stays fenced
ok 1072 - duplicate native ready notifications share one pending journal publication: failure stays fenced
  ---
  duration_ms: 1.5611
  type: 'test'
  ...
# Subtest: private navigation is never shown before native admission or on its refusal
ok 1073 - private navigation is never shown before native admission or on its refusal
  ---
  duration_ms: 7.0952
  type: 'test'
  ...
# Subtest: a genuine Studio theme choice before the shared bar mounts still persists and wins startup
ok 1074 - a genuine Studio theme choice before the shared bar mounts still persists and wins startup
  ---
  duration_ms: 4.071
  type: 'test'
  ...
# Subtest: wrong baseline refuses before creating any renderer output
ok 1075 - wrong baseline refuses before creating any renderer output
  ---
  duration_ms: 65.111
  type: 'test'
  ...
# Subtest: CSP hashes the script after HTML tokenization, including NULL and CRLF normalization
ok 1076 - CSP hashes the script after HTML tokenization, including NULL and CRLF normalization
  ---
  duration_ms: 13184.713
  type: 'test'
  ...
# Subtest: local protocol serves app bytes but refuses hostile raw paths
ok 1077 - local protocol serves app bytes but refuses hostile raw paths
  ---
  duration_ms: 10.1588
  type: 'test'
  ...
# Subtest: local protocol rejects renderer symlink escapes
ok 1078 - local protocol rejects renderer symlink escapes
  ---
  duration_ms: 5.4461
  type: 'test'
  ...
# Subtest: IPC rejects remote/subframe senders and malformed save requests before dispatch
ok 1079 - IPC rejects remote/subframe senders and malformed save requests before dispatch
  ---
  duration_ms: 2.344
  type: 'test'
  ...
# Subtest: an unusable portable data root requires explicit choice; cancel never redirects silently
ok 1080 - an unusable portable data root requires explicit choice; cancel never redirects silently
  ---
  duration_ms: 18.5112
  type: 'test'
  ...
# Subtest: text has an explicit Python limitation while visible Compare routes to saved diff
ok 1081 - text has an explicit Python limitation while visible Compare routes to saved diff
  ---
  duration_ms: 7.2059
  type: 'test'
  ...
# Subtest: actual structure controller pages 64 literal labels and navigates exact offsets only for current immutable ref
ok 1082 - actual structure controller pages 64 literal labels and navigates exact offsets only for current immutable ref
  ---
  duration_ms: 20.1389
  type: 'test'
  ...
# Subtest: comparison uses a real window choice, paints literal A/B snapshots and explicit approximation, and navigates only current A
ok 1083 - comparison uses a real window choice, paints literal A/B snapshots and explicit approximation, and navigates only current A
  ---
  duration_ms: 5.3376
  type: 'test'
  ...
# Subtest: late cancelled/Lock/stale replies never repopulate the real panel
ok 1084 - late cancelled/Lock/stale replies never repopulate the real panel
  ---
  duration_ms: 10.04
  type: 'test'
  ...
# Subtest: dirty/pending edits refuse analysis; selected range request contains immutable metadata and offsets, never text/path
ok 1085 - dirty/pending edits refuse analysis; selected range request contains immutable metadata and offsets, never text/path
  ---
  duration_ms: 2.539
  type: 'test'
  ...
# Subtest: Cancel keeps its click target after completion and becomes Clear, so a finishing job cannot redirect the click
ok 1086 - Cancel keeps its click target after completion and becomes Clear, so a finishing job cannot redirect the click
  ---
  duration_ms: 3.6568
  type: 'test'
  ...
# Subtest: starting a fresh job enables the genuine Cancel control even after changing analysis scope
ok 1087 - starting a fresh job enables the genuine Cancel control even after changing analysis scope
  ---
  duration_ms: 3.0455
  type: 'test'
  ...
# Subtest: selected map sends only genuine range metadata, draws literal bounded nesting and supports collapse/navigation
ok 1088 - selected map sends only genuine range metadata, draws literal bounded nesting and supports collapse/navigation
  ---
  duration_ms: 3.3015
  type: 'test'
  ...
# Subtest: a type annotation has a specific explanation without pretending to assign or observe a value
ok 1089 - a type annotation has a specific explanation without pretending to assign or observe a value
  ---
  duration_ms: 2.4864
  type: 'test'
  ...
# Subtest: actual patched worker indexes decorated classes/async functions/match/multiline and Unicode ranges without executing source
ok 1090 - actual patched worker indexes decorated classes/async functions/match/multiline and Unicode ranges without executing source
  ---
  duration_ms: 209.7901
  type: 'test'
  ...
# Subtest: malformed Python reports partial syntax coverage; arbitrary source stays literal
ok 1091 - malformed Python reports partial syntax coverage; arbitrary source stays literal
  ---
  duration_ms: 58.3828
  type: 'test'
  ...
# Subtest: finite UTF16 prefix/range and definition limits label partial coverage, never full support for truncated source
ok 1092 - finite UTF16 prefix/range and definition limits label partial coverage, never full support for truncated source
  ---
  duration_ms: 104.1685
  type: 'test'
  ...
# Subtest: invalid payload/getters/surrogate ranges/duplicate jobs are refused before additional I/O
ok 1093 - invalid payload/getters/surrogate ranges/duplicate jobs are refused before additional I/O
  ---
  duration_ms: 95.5786
  type: 'test'
  ...
# Subtest: cancel during genuine load retains job until I/O drains and rejects its late result
ok 1094 - cancel during genuine load retains job until I/O drains and rejects its late result
  ---
  duration_ms: 12.0469
  type: 'test'
  ...
# Subtest: finite job evidence records pre-worker cancellation only after genuine held source I/O drains
ok 1095 - finite job evidence records pre-worker cancellation only after genuine held source I/O drains
  ---
  duration_ms: 10.8507
  type: 'test'
  ...
# Subtest: stale results and corruption after a successful immutable read are refused, never cached
ok 1096 - stale results and corruption after a successful immutable read are refused, never cached
  ---
  duration_ms: 51.6439
  type: 'test'
  ...
# Subtest: hard deadline kills actual worker and cancellation/drain leaves no owned threads
ok 1097 - hard deadline kills actual worker and cancellation/drain leaves no owned threads
  ---
  duration_ms: 15.4818
  type: 'test'
  ...
# Subtest: worker artifact bytes are bound to build receipt and tampered identity never starts a worker
ok 1098 - worker artifact bytes are bound to build receipt and tampered identity never starts a worker
  ---
  duration_ms: 4.4716
  type: 'test'
  ...
# Subtest: BOM/CRLF immutable offsets and long-token/node budgets remain exact and explicit
ok 1099 - BOM/CRLF immutable offsets and long-token/node budgets remain exact and explicit
  ---
  duration_ms: 143.2087
  type: 'test'
  ...
# Subtest: actual worker crash is joined and deadline-expired worker can be replaced by a fresh successful job
ok 1100 - actual worker crash is joined and deadline-expired worker can be replaced by a fresh successful job
  ---
  duration_ms: 126.1065
  type: 'test'
  ...
# Subtest: oversized worker artifact is refused by bounded owned-file read before worker creation
ok 1101 - oversized worker artifact is refused by bounded owned-file read before worker creation
  ---
  duration_ms: 11.4687
  type: 'test'
  ...
# Subtest: source bundle admission uses its dedicated metadata method and disposes the validator
ok 1102 - source bundle admission uses its dedicated metadata method and disposes the validator
  ---
  duration_ms: 2.2923
  type: 'test'
  ...
# Subtest: stale source bundle metadata admission creates no validator resource
ok 1103 - stale source bundle metadata admission creates no validator resource
  ---
  duration_ms: 0.6243
  type: 'test'
  ...
# Subtest: invalid metadata encoding, shape and native file name are refused before resource creation
ok 1104 - invalid metadata encoding, shape and native file name are refused before resource creation
  ---
  duration_ms: 1.1911
  type: 'test'
  ...
# Subtest: Lock while bundle metadata is pending refuses its reply and destroys the validator
ok 1105 - Lock while bundle metadata is pending refuses its reply and destroys the validator
  ---
  duration_ms: 0.2727
  type: 'test'
  ...
# Subtest: unavailable dedicated method, malformed reply and failed disposal cannot admit a copy
ok 1106 - unavailable dedicated method, malformed reply and failed disposal cannot admit a copy
  ---
  duration_ms: 0.3846
  type: 'test'
  ...
# Subtest: real exported source versions copy to independent version-one identities with exact bytes provenance and global recovery intact
ok 1107 - real exported source versions copy to independent version-one identities with exact bytes provenance and global recovery intact
  ---
  duration_ms: 2315.2903
  type: 'test'
  ...
# Subtest: source mutation or dangling admitted pointer is refused before allocation
ok 1108 - source mutation or dangling admitted pointer is refused before allocation
  ---
  duration_ms: 2518.1584
  type: 'test'
  ...
# Subtest: initial revoked authority or missing recovery creates no copy
ok 1109 - initial revoked authority or missing recovery creates no copy
  ---
  duration_ms: 709.5165
  type: 'test'
  ...
# Subtest: revocation after source allocation leaves an explicit unselected incomplete copy and preserves original
ok 1110 - revocation after source allocation leaves an explicit unselected incomplete copy and preserves original
  ---
  duration_ms: 1052.0758
  type: 'test'
  ...
# Subtest: failure during initial selector allocation reports only the actual fresh copy identity
ok 1111 - failure during initial selector allocation reports only the actual fresh copy identity
  ---
  duration_ms: 983.6842
  type: 'test'
  ...
# Subtest: checkpoint failure cannot produce completed import and cannot damage existing global recovery points
ok 1112 - checkpoint failure cannot produce completed import and cannot damage existing global recovery points
  ---
  duration_ms: 1224.536
  type: 'test'
  ...
# Subtest: an already verified checkpoint is acknowledged despite a later checkpoint hook error
ok 1113 - an already verified checkpoint is acknowledged despite a later checkpoint hook error
  ---
  duration_ms: 1178.6493
  type: 'test'
  ...
# Subtest: unsupported raw source bytes are preserved in a new imported copy
ok 1114 - unsupported raw source bytes are preserved in a new imported copy
  ---
  duration_ms: 831.6117
  type: 'test'
  ...
# Subtest: validator-admitted metadata changes are retained while source pointer identities are remapped
ok 1115 - validator-admitted metadata changes are retained while source pointer identities are remapped
  ---
  duration_ms: 1360.761
  type: 'test'
  ...
# Subtest: substituting another valid bundled pointer at the same metadata path is refused before allocation
ok 1116 - substituting another valid bundled pointer at the same metadata path is refused before allocation
  ---
  duration_ms: 510.8216
  type: 'test'
  ...
# Subtest: completed import status remains valid after a genuine later manifest save
ok 1117 - completed import status remains valid after a genuine later manifest save
  ---
  duration_ms: 1042.2343
  type: 'test'
  ...
# Subtest: absent status is normal while corrupted unknown oversized or mismatched status fails closed
ok 1118 - absent status is normal while corrupted unknown oversized or mismatched status fails closed
  ---
  duration_ms: 363.6575
  type: 'test'
  ...
# Subtest: final completion publication failure is unconfirmed while actual owned marker still verifies incomplete
ok 1119 - final completion publication failure is unconfirmed while actual owned marker still verifies incomplete
  ---
  duration_ms: 815.3763
  type: 'test'
  ...
# Subtest: post-rename completion hook failure retains a complete verified copy without claiming incomplete or successful selection
ok 1120 - post-rename completion hook failure retains a complete verified copy without claiming incomplete or successful selection
  ---
  duration_ms: 819.7215
  type: 'test'
  ...
# Subtest: authority revoked after final marker publication retains complete copy unselected with unconfirmed result
ok 1121 - authority revoked after final marker publication retains complete copy unselected with unconfirmed result
  ---
  duration_ms: 997.5239
  type: 'test'
  ...
# Subtest: equal bytes with distinct original source identities and provenance remain distinct in the copy
ok 1122 - equal bytes with distinct original source identities and provenance remain distinct in the copy
  ---
  duration_ms: 906.3292
  type: 'test'
  ...
# Subtest: actual source export uses metadata-only admission and retains exact native source bytes
ok 1123 - actual source export uses metadata-only admission and retains exact native source bytes
  ---
  duration_ms: 485.9674
  type: 'test'
  ...
# Subtest: a declared corrupt bundle refuses before isolated resources and cannot fall through to legacy
ok 1124 - a declared corrupt bundle refuses before isolated resources and cannot fall through to legacy
  ---
  duration_ms: 407.9864
  type: 'test'
  ...
# Subtest: metadata admission cannot substitute a source pointer or become current again after revocation
ok 1125 - metadata admission cannot substitute a source pointer or become current again after revocation
  ---
  duration_ms: 714.2836
  type: 'test'
  ...
# Subtest: the existing legacy project path still uses its frozen validation method
ok 1126 - the existing legacy project path still uses its frozen validation method
  ---
  duration_ms: 0.8387
  type: 'test'
  ...
# Subtest: a real RecoveryStore source export is admitted with exact bytes metadata and unknown provenance
ok 1127 - a real RecoveryStore source export is admitted with exact bytes metadata and unknown provenance
  ---
  duration_ms: 944.7243
  type: 'test'
  ...
# Subtest: only valid legacy JSON falls back; declared invalid bundles never fall back
ok 1128 - only valid legacy JSON falls back; declared invalid bundles never fall back
  ---
  duration_ms: 0.4911
  type: 'test'
  ...
# Subtest: wire source aggregate reference and metadata budgets are checked using lower injected caps
ok 1129 - wire source aggregate reference and metadata budgets are checked using lower injected caps
  ---
  duration_ms: 657.9483
  type: 'test'
  ...
# Subtest: snapshot hash source hash full provenance and actual metrics must agree
ok 1130 - snapshot hash source hash full provenance and actual metrics must agree
  ---
  duration_ms: 542.0136
  type: 'test'
  ...
# Subtest: base64 is canonical rather than accepting whitespace junk excess padding or omitted padding
ok 1131 - base64 is canonical rather than accepting whitespace junk excess padding or omitted padding
  ---
  duration_ms: 628.8531
  type: 'test'
  ...
# Subtest: operational unknown fields duplicates missing and extra records are refused without discarding opaque metadata
ok 1132 - operational unknown fields duplicates missing and extra records are refused without discarding opaque metadata
  ---
  duration_ms: 479.2648
  type: 'test'
  ...
# Subtest: traversal identities and unknown metadata source pointers cannot be admitted
ok 1133 - traversal identities and unknown metadata source pointers cannot be admitted
  ---
  duration_ms: 573.8779
  type: 'test'
  ...
# Subtest: unsupported source encoding remains exact raw bytes and reference metrics
ok 1134 - unsupported source encoding remains exact raw bytes and reference metrics
  ---
  duration_ms: 533.78
  type: 'test'
  ...
# Subtest: parser owns input source bytes independently of the chosen wire buffer
ok 1135 - parser owns input source bytes independently of the chosen wire buffer
  ---
  duration_ms: 529.0557
  type: 'test'
  ...
# Subtest: canonical base64 validation admits a bounded multi-megabyte real export without regex stack overflow
ok 1136 - canonical base64 validation admits a bounded multi-megabyte real export without regex stack overflow
  ---
  duration_ms: 768.6986
  type: 'test'
  ...
# Subtest: actual 300k-line Unicode Python export parses without regex stack overflow and retains exact bytes
ok 1137 - actual 300k-line Unicode Python export parses without regex stack overflow and retains exact bytes
  ---
  duration_ms: 1677.9427
  type: 'test'
  ...
# Subtest: flat base64 validation keeps empty and all padding shapes canonical and refuses malformed padding or unused bits
ok 1138 - flat base64 validation keeps empty and all padding shapes canonical and refuses malformed padding or unused bits
  ---
  duration_ms: 2002.6546
  type: 'test'
  ...
# Subtest: dedicated gate preserves sparse native metadata and unknown opaque data
ok 1139 - dedicated gate preserves sparse native metadata and unknown opaque data
  ---
  duration_ms: 6.6771
  type: 'test'
  ...
# Subtest: only validation projection receives placeholders; pointers and opaque row fields survive
ok 1140 - only validation projection receives placeholders; pointers and opaque row fields survive
  ---
  duration_ms: 1.98
  type: 'test'
  ...
# Subtest: explicit known loss and array dropping are rejected; original input stays unchanged
ok 1141 - explicit known loss and array dropping are rejected; original input stays unchanged
  ---
  duration_ms: 3.0483
  type: 'test'
  ...
# Subtest: absent defaults are allowed without replacing original document or review
ok 1142 - absent defaults are allowed without replacing original document or review
  ---
  duration_ms: 1.5177
  type: 'test'
  ...
# Subtest: frozen workspace context is candidate-bound and restored after rejection
ok 1143 - frozen workspace context is candidate-bound and restored after rejection
  ---
  duration_ms: 2.2482
  type: 'test'
  ...
# Subtest: inline source collision, malformed pointer and invalid draft cannot cross the gate
ok 1144 - inline source collision, malformed pointer and invalid draft cannot cross the gate
  ---
  duration_ms: 4.4496
  type: 'test'
  ...
# Subtest: historical linked release/revision sources and private draft pointers are preserved
ok 1145 - historical linked release/revision sources and private draft pointers are preserved
  ---
  duration_ms: 1.5369
  type: 'test'
  ...
# Subtest: prototype-named opaque keys remain data without changing object prototypes
ok 1146 - prototype-named opaque keys remain data without changing object prototypes
  ---
  duration_ms: 1.158
  type: 'test'
  ...
# Subtest: concurrent invocation is refused while frozen validation awaits, and can retry after completion
ok 1147 - concurrent invocation is refused while frozen validation awaits, and can retry after completion
  ---
  duration_ms: 1.589
  type: 'test'
  ...
# Subtest: source-aware zero-diagram path keeps Code and Docs gates without inventing a diagram
ok 1148 - source-aware zero-diagram path keeps Code and Docs gates without inventing a diagram
  ---
  duration_ms: 2.4629
  type: 'test'
  ...
# Subtest: selection refuses revocation immediately before pointer publication and retains original bytes
ok 1149 - selection refuses revocation immediately before pointer publication and retains original bytes
  ---
  duration_ms: 67.981
  type: 'test'
  ...
# Subtest: already renamed selection finishes readback and state handoff while tracked in the Lock drain
ok 1150 - already renamed selection finishes readback and state handoff while tracked in the Lock drain
  ---
  duration_ms: 49.2819
  type: 'test'
  ...
# Subtest: post-rename failure reports uncertain selection in readonly recovery instead of claiming rollback
ok 1151 - post-rename failure reports uncertain selection in readonly recovery instead of claiming rollback
  ---
  duration_ms: 47.9534
  type: 'test'
  ...
# Subtest: explicit readonly client loads exact large Unicode/CRLF CM text through real reader leases without mutation adapters
ok 1152 - explicit readonly client loads exact large Unicode/CRLF CM text through real reader leases without mutation adapters
  ---
  duration_ms: 704.8619
  type: 'test'
  ...
# Subtest: readonly selection is explicit boolean and default writable clients still require mutation adapters
ok 1153 - readonly selection is explicit boolean and default writable clients still require mutation adapters
  ---
  duration_ms: 0.8259
  type: 'test'
  ...
# Subtest: client loads verified CM Text with exact identity and no retained text in its state
ok 1154 - client loads verified CM Text with exact identity and no retained text in its state
  ---
  duration_ms: 431.263
  type: 'test'
  ...
# Subtest: disposal cancels a pending document load without publishing retained text
ok 1155 - disposal cancels a pending document load without publishing retained text
  ---
  duration_ms: 332.5375
  type: 'test'
  ...
# Subtest: reset cancels an old load; its result cannot publish after identity generation changes
ok 1156 - reset cancels an old load; its result cannot publish after identity generation changes
  ---
  duration_ms: 328.8041
  type: 'test'
  ...
# Subtest: a durable edit cancels an in-flight initial load and preserves the exact newer source
ok 1157 - a durable edit cancels an in-flight initial load and preserves the exact newer source
  ---
  duration_ms: 506.8273
  type: 'test'
  ...
# Subtest: external cancellation before the final client continuation cannot publish a verified document
ok 1158 - external cancellation before the final client continuation cannot publish a verified document
  ---
  duration_ms: 273.0283
  type: 'test'
  ...
# Subtest: source client exists before any integration
ok 1159 - source client exists before any integration
  ---
  duration_ms: 1.5106
  type: 'test'
  ...
# Subtest: only an exact successful commit can replay its native operation; edit reuse and changed identities stay fenced
ok 1160 - only an exact successful commit can replay its native operation; edit reuse and changed identities stay fenced
  ---
  duration_ms: 2.2316
  type: 'test'
  ...
# Subtest: view pause rejects new edits without fencing admitted local edits; drain waits for every native receipt
ok 1161 - view pause rejects new edits without fencing admitted local edits; drain waits for every native receipt
  ---
  duration_ms: 1.2456
  type: 'test'
  ...
# Subtest: failed or disposed paused queues cannot report a successful drain or reset themselves clean
ok 1162 - failed or disposed paused queues cannot report a successful drain or reset themselves clean
  ---
  duration_ms: 0.5605
  type: 'test'
  ...
# Subtest: pause invalidates pending reads while an unpaused drain refuses a false barrier
ok 1163 - pause invalidates pending reads while an unpaused drain refuses a false barrier
  ---
  duration_ms: 0.821
  type: 'test'
  ...
# Subtest: resume and a new pause retire an older drain even when both have the same source identity
ok 1164 - resume and a new pause retire an older drain even when both have the same source identity
  ---
  duration_ms: 0.4617
  type: 'test'
  ...
# Subtest: real paused local queue drains edits and an already admitted commit with exact fresh disk bytes
ok 1165 - real paused local queue drains edits and an already admitted commit with exact fresh disk bytes
  ---
  duration_ms: 1185.3611
  type: 'test'
  ...
# Subtest: copies immutable identity and refuses malformed references or bridge
ok 1166 - copies immutable identity and refuses malformed references or bridge
  ---
  duration_ms: 1.5236
  type: 'test'
  ...
# Subtest: bounded Unicode reads use bound identity and never accept mismatched receipt coordinates
ok 1167 - bounded Unicode reads use bound identity and never accept mismatched receipt coordinates
  ---
  duration_ms: 0.7317
  type: 'test'
  ...
# Subtest: metrics validate full identity and numeric/encoding shape without provenance publication
ok 1168 - metrics validate full identity and numeric/encoding shape without provenance publication
  ---
  duration_ms: 0.8157
  type: 'test'
  ...
# Subtest: serializes queued edits and commit; advances only after exact durable acknowledgements
ok 1169 - serializes queued edits and commit; advances only after exact durable acknowledgements
  ---
  duration_ms: 0.6928
  type: 'test'
  ...
# Subtest: failed edit fences queued edits and commit until explicit same-source reset
ok 1170 - failed edit fences queued edits and commit until explicit same-source reset
  ---
  duration_ms: 0.4034
  type: 'test'
  ...
# Subtest: malformed mutation identity, operation, version, hash or durability never advances
ok 1171 - malformed mutation identity, operation, version, hash or durability never advances
  ---
  duration_ms: 0.6263
  type: 'test'
  ...
# Subtest: commit must preserve exact current hash/version and reports degraded recovery explicitly
ok 1172 - commit must preserve exact current hash/version and reports degraded recovery explicitly
  ---
  duration_ms: 0.4135
  type: 'test'
  ...
# Subtest: stale and duplicate operation requests cannot rebase or double-apply
ok 1173 - stale and duplicate operation requests cannot rebase or double-apply
  ---
  duration_ms: 0.251
  type: 'test'
  ...
# Subtest: mutation request validation prevents unpaired or oversized input and accessor evaluation
ok 1174 - mutation request validation prevents unpaired or oversized input and accessor evaluation
  ---
  duration_ms: 0.4182
  type: 'test'
  ...
# Subtest: accepts the IPC 8MiB insertion byte boundary and refuses multibyte overflow
ok 1175 - accepts the IPC 8MiB insertion byte boundary and refuses multibyte overflow
  ---
  duration_ms: 40.287
  type: 'test'
  ...
# Subtest: stalled authority cannot retain an unbounded mutation queue
ok 1176 - stalled authority cannot retain an unbounded mutation queue
  ---
  duration_ms: 1.9838
  type: 'test'
  ...
# Subtest: pending inserted bytes are bounded separately from operation count
ok 1177 - pending inserted bytes are bounded separately from operation count
  ---
  duration_ms: 59.8658
  type: 'test'
  ...
# Subtest: late range and metric replies after disposal/reset contain no source data
ok 1178 - late range and metric replies after disposal/reset contain no source data
  ---
  duration_ms: 0.3787
  type: 'test'
  ...
# Subtest: read started before an edit cannot publish stale text after durable version changes
ok 1179 - read started before an edit cannot publish stale text after durable version changes
  ---
  duration_ms: 0.201
  type: 'test'
  ...
# Subtest: dispose discards in-flight reads/mutations and notifications; queued mutations never call bridge
ok 1180 - dispose discards in-flight reads/mutations and notifications; queued mutations never call bridge
  ---
  duration_ms: 0.2142
  type: 'test'
  ...
# Subtest: reset invalidates late completions without altering another source or queued work
ok 1181 - reset invalidates late completions without altering another source or queued work
  ---
  duration_ms: 0.1852
  type: 'test'
  ...
# Subtest: subscriber teardown and throwing observers cannot change receipt acceptance
ok 1182 - subscriber teardown and throwing observers cannot change receipt acceptance
  ---
  duration_ms: 1.6101
  type: 'test'
  ...
# Subtest: bounded recent operation cache does not stop normal editing after 4096 acknowledgements
ok 1183 - bounded recent operation cache does not stop normal editing after 4096 acknowledgements
  ---
  duration_ms: 85.5852
  type: 'test'
  ...
# Subtest: subscriber reset invalidates older notification delivery to remaining observers
ok 1184 - subscriber reset invalidates older notification delivery to remaining observers
  ---
  duration_ms: 0.3091
  type: 'test'
  ...
# Subtest: transport failures and malformed failures fence without publishing bridge secrets
ok 1185 - transport failures and malformed failures fence without publishing bridge secrets
  ---
  duration_ms: 0.3137
  type: 'test'
  ...
# Subtest: real repository byte receipts survive Unicode edit, no-op and commit without source copying
ok 1186 - real repository byte receipts survive Unicode edit, no-op and commit without source copying
  ---
  duration_ms: 665.2419
  type: 'test'
  ...
# Subtest: draft with a materialized blob is not a native commit; proof never writes or updates Docs
ok 1187 - draft with a materialized blob is not a native commit; proof never writes or updates Docs
  ---
  duration_ms: 559.6502
  type: 'test'
  ...
# Subtest: fresh native proof resolves exact selected historical commits without substituting latest source
ok 1188 - fresh native proof resolves exact selected historical commits without substituting latest source
  ---
  duration_ms: 893.3585
  type: 'test'
  ...
# Subtest: recovery-degraded remains degraded in a fresh proof rather than accepting claimed durable status
ok 1189 - recovery-degraded remains degraded in a fresh proof rather than accepting claimed durable status
  ---
  duration_ms: 397.2541
  type: 'test'
  ...
# Subtest: corrupted committed blob or commit journal cannot yield a proof
ok 1190 - corrupted committed blob or commit journal cannot yield a proof
  ---
  duration_ms: 827.9551
  type: 'test'
  ...
# Subtest: proof copies its request before awaits and rechecks native access before publication
ok 1191 - proof copies its request before awaits and rechecks native access before publication
  ---
  duration_ms: 462.5774
  type: 'test'
  ...
# Subtest: source context distinguishes exact, earlier and same-name/hash foreign associations without private bodies
ok 1192 - source context distinguishes exact, earlier and same-name/hash foreign associations without private bodies
  ---
  duration_ms: 1.6926
  type: 'test'
  ...
# Subtest: metadata requires admitted references and safe own names; unknown language never becomes Python from source contents
ok 1193 - metadata requires admitted references and safe own names; unknown language never becomes Python from source contents
  ---
  duration_ms: 0.2453
  type: 'test'
  ...
# Subtest: relationship previews and scans are finite and disclose incompleteness instead of claiming unlinked
ok 1194 - relationship previews and scans are finite and disclose incompleteness instead of claiming unlinked
  ---
  duration_ms: 38.2448
  type: 'test'
  ...
# Subtest: exact Docs Python claims work without standalone files; conflicting claims stay unknown
ok 1195 - exact Docs Python claims work without standalone files; conflicting claims stay unknown
  ---
  duration_ms: 0.3457
  type: 'test'
  ...
# Subtest: exact file language outranks a stale fileId name and duplicate Doc rows still contribute conflicts
ok 1196 - exact file language outranks a stale fileId name and duplicate Doc rows still contribute conflicts
  ---
  duration_ms: 13.7458
  type: 'test'
  ...
# Subtest: relationship filters inspect admitted associations beyond the eight preview captions
ok 1197 - relationship filters inspect admitted associations beyond the eight preview captions
  ---
  duration_ms: 1.0832
  type: 'test'
  ...
# Subtest: native Docs txt classification and unsafe descriptive filenames cannot conceal an explicit text conflict
ok 1198 - native Docs txt classification and unsafe descriptive filenames cannot conceal an explicit text conflict
  ---
  duration_ms: 0.3943
  type: 'test'
  ...
# Subtest: actual owned diff worker compares two immutable hashes and exact EOF changes in 300k-line source
ok 1199 - actual owned diff worker compares two immutable hashes and exact EOF changes in 300k-line source
  ---
  duration_ms: 492.0648
  type: 'test'
  ...
# Subtest: missing/forged right ref, right corruption and left-buffer mutation during second read cannot publish a diff
ok 1200 - missing/forged right ref, right corruption and left-buffer mutation during second read cannot publish a diff
  ---
  duration_ms: 4.3403
  type: 'test'
  ...
# Subtest: cancellation during right-version read waits for actual I/O and starts no late worker
ok 1201 - cancellation during right-version read waits for actual I/O and starts no late worker
  ---
  duration_ms: 0.9804
  type: 'test'
  ...
# Subtest: exact bounded LCS produces independent before/after ranges with CRLF, Unicode and EOF endings intact
ok 1202 - exact bounded LCS produces independent before/after ranges with CRLF, Unicode and EOF endings intact
  ---
  duration_ms: 3.7313
  type: 'test'
  ...
# Subtest: real 300k-line localized EOF change is an exact complete comparison beyond prefix budgets
ok 1203 - real 300k-line localized EOF change is an exact complete comparison beyond prefix budgets
  ---
  duration_ms: 239.102
  type: 'test'
  ...
# Subtest: dense region and hunk/preview budgets explicitly aggregate approximation, preserving full comparison coverage
ok 1204 - dense region and hunk/preview budgets explicitly aggregate approximation, preserving full comparison coverage
  ---
  duration_ms: 0.975
  type: 'test'
  ...
# Subtest: identical and empty sources remain exact; UTF16 preview never splits a surrogate and invalid budgets are refused
ok 1205 - identical and empty sources remain exact; UTF16 preview never splits a surrogate and invalid budgets are refused
  ---
  duration_ms: 1.838
  type: 'test'
  ...
# Subtest: unlinked Code explicitly creates one exact source-pointer block in chosen Docs and duplicate never adds a second
ok 1206 - unlinked Code explicitly creates one exact source-pointer block in chosen Docs and duplicate never adds a second
  ---
  duration_ms: 1074.2653
  type: 'test'
  ...
# Subtest: new Code Docs target refuses stale CAS, forged source proof, malformed fields and late revocation without changing existing Docs
ok 1207 - new Code Docs target refuses stale CAS, forged source proof, malformed fields and late revocation without changing existing Docs
  ---
  duration_ms: 873.1728
  type: 'test'
  ...
# Subtest: explicit Docs save links exact committed source while preserving other Docs, agent, release and source bytes
ok 1208 - explicit Docs save links exact committed source while preserving other Docs, agent, release and source bytes
  ---
  duration_ms: 869.707
  type: 'test'
  ...
# Subtest: new Code row refuses the native 300-block budget and never manufactures room by removing existing blocks
ok 1209 - new Code row refuses the native 300-block budget and never manufactures room by removing existing blocks
  ---
  duration_ms: 786.2787
  type: 'test'
  ...
# Subtest: distinct document content tokens permit sequential owner saves without refreshing stale envelopes
ok 1210 - distinct document content tokens permit sequential owner saves without refreshing stale envelopes
  ---
  duration_ms: 1112.6161
  type: 'test'
  ...
# Subtest: exact duplicate returns selected historical receipt after other changes; operation reuse refuses
ok 1211 - exact duplicate returns selected historical receipt after other changes; operation reuse refuses
  ---
  duration_ms: 1088.3423
  type: 'test'
  ...
# Subtest: forged commit and unknown/foreign targets refuse with unchanged native Docs selection
ok 1212 - forged commit and unknown/foreign targets refuse with unchanged native Docs selection
  ---
  duration_ms: 610.8764
  type: 'test'
  ...
# Subtest: active storage envelope is updated without changing unrelated bag keys
ok 1213 - active storage envelope is updated without changing unrelated bag keys
  ---
  duration_ms: 684.0405
  type: 'test'
  ...
# Subtest: revocation inside native before-select hook cannot publish a linked Docs revision
ok 1214 - revocation inside native before-select hook cannot publish a linked Docs revision
  ---
  duration_ms: 648.5184
  type: 'test'
  ...
# Subtest: recovery-degraded source cannot produce an unqualified committed Docs receipt
ok 1215 - recovery-degraded source cannot produce an unqualified committed Docs receipt
  ---
  duration_ms: 633.1301
  type: 'test'
  ...
# Subtest: strict link input rejects getters and extra fields without evaluating user code
ok 1216 - strict link input rejects getters and extra fields without evaluating user code
  ---
  duration_ms: 464.0463
  type: 'test'
  ...
# Subtest: one native owner serializes concurrent distinct Docs and publishes only immutable matching document receipts
ok 1217 - one native owner serializes concurrent distinct Docs and publishes only immutable matching document receipts
  ---
  duration_ms: 922.75
  type: 'test'
  ...
# Subtest: unsafe Docs adapter output is refused before publication instead of forwarding text or forged refs
ok 1218 - unsafe Docs adapter output is refused before publication instead of forwarding text or forged refs
  ---
  duration_ms: 620.3899
  type: 'test'
  ...
# Subtest: selected marker without the actual linked document cannot fabricate a successful historical operation
ok 1219 - selected marker without the actual linked document cannot fabricate a successful historical operation
  ---
  duration_ms: 519.7795
  type: 'test'
  ...
# Subtest: unselected orphan operation cannot manufacture an acknowledgement; explicit retry must select and read back
ok 1220 - unselected orphan operation cannot manufacture an acknowledgement; explicit retry must select and read back
  ---
  duration_ms: 509.3013
  type: 'test'
  ...
# Subtest: strict data-only payloads and only four methods reject before repository dispatch
ok 1221 - strict data-only payloads and only four methods reject before repository dispatch
  ---
  duration_ms: 372.5341
  type: 'test'
  ...
# Subtest: native registry authority fences forged senders, subframes, wrong source, roles, epoch and locked access
ok 1222 - native registry authority fences forged senders, subframes, wrong source, roles, epoch and locked access
  ---
  duration_ms: 1149.9097
  type: 'test'
  ...
# Subtest: readonly Code can read bounded immutable versions; metadata and read receipts expose no provenance
ok 1223 - readonly Code can read bounded immutable versions; metadata and read receipts expose no provenance
  ---
  duration_ms: 205.3689
  type: 'test'
  ...
# Subtest: range, version, Unicode and exact UTF8 insertion caps reject before dispatch; TextModel protects split surrogates
ok 1224 - range, version, Unicode and exact UTF8 insertion caps reject before dispatch; TextModel protects split surrogates
  ---
  duration_ms: 657.24
  type: 'test'
  ...
# Subtest: per-call guard binds repository context to captured project/source/action and rejects asynchronous access policy
ok 1225 - per-call guard binds repository context to captured project/source/action and rejects asynchronous access policy
  ---
  duration_ms: 331.4336
  type: 'test'
  ...
# Subtest: real edits and blob commits are durable and idempotent; stale versions and operation ID reuse refuse without manifest save
ok 1226 - real edits and blob commits are durable and idempotent; stale versions and operation ID reuse refuse without manifest save
  ---
  duration_ms: 806.6914
  type: 'test'
  ...
# Subtest: revocation after awaited read or mutation withholds every stale byte and acknowledgement
ok 1227 - revocation after awaited read or mutation withholds every stale byte and acknowledgement
  ---
  duration_ms: 1461.3456
  type: 'test'
  ...
# Subtest: publication fault revokes during native before-select guard and leaves the selected source pointer unchanged
ok 1228 - publication fault revokes during native before-select guard and leaves the selected source pointer unchanged
  ---
  duration_ms: 1284.4293
  type: 'test'
  ...
# Subtest: actual owned writer contention and native version/budget failures keep fixed sanitized codes
ok 1229 - actual owned writer contention and native version/budget failures keep fixed sanitized codes
  ---
  duration_ms: 282.6337
  type: 'test'
  ...
# Subtest: checkpoint degradation remains explicit blob durability and unsafe repository outputs cannot disclose data
ok 1230 - checkpoint degradation remains explicit blob durability and unsafe repository outputs cannot disclose data
  ---
  duration_ms: 331.8258
  type: 'test'
  ...
# Subtest: main-only diagnostics retain native failure code without exposing private errors or logging rejected renderer authority
ok 1231 - main-only diagnostics retain native failure code without exposing private errors or logging rejected renderer authority
  ---
  duration_ms: 337.1258
  type: 'test'
  ...
# Subtest: verified loader builds CodeMirror Text without normalizing BOM, CRLF, bare CR or Unicode
ok 1232 - verified loader builds CodeMirror Text without normalizing BOM, CRLF, bare CR or Unicode
  ---
  duration_ms: 60.7734
  type: 'test'
  ...
# Subtest: loader detects equal-length text corruption against the independent full hash
ok 1233 - loader detects equal-length text corruption against the independent full hash
  ---
  duration_ms: 3.7388
  type: 'test'
  ...
# Subtest: cancel after a progress callback never exposes a partial document and closes the read
ok 1234 - cancel after a progress callback never exposes a partial document and closes the read
  ---
  duration_ms: 1.9044
  type: 'test'
  ...
# Subtest: wrong reader/version/boundaries and stalled chunks refuse rather than append or loop
ok 1235 - wrong reader/version/boundaries and stalled chunks refuse rather than append or loop
  ---
  duration_ms: 3.384
  type: 'test'
  ...
# Subtest: failure to close a successful read is reported rather than presenting a verified document
ok 1236 - failure to close a successful read is reported rather than presenting a verified document
  ---
  duration_ms: 2.3833
  type: 'test'
  ...
# Subtest: a read opened after cancellation is closed when its delayed native receipt arrives
ok 1237 - a read opened after cancellation is closed when its delayed native receipt arrives
  ---
  duration_ms: 31.5248
  type: 'test'
  ...
# Subtest: native read refusal remains an attributed error, without a partial document
ok 1238 - native read refusal remains an attributed error, without a partial document
  ---
  duration_ms: 0.7124
  type: 'test'
  ...
# Subtest: the captured source identity cannot be changed by a bridge adapter
ok 1239 - the captured source identity cannot be changed by a bridge adapter
  ---
  duration_ms: 0.921
  type: 'test'
  ...
# Subtest: a bridge cannot rewrite the expected close identity and acknowledge a different read
ok 1240 - a bridge cannot rewrite the expected close identity and acknowledge a different read
  ---
  duration_ms: 2.3623
  type: 'test'
  ...
# Subtest: manifest validates exact bounded reference identities and refuses inline or missing sources
ok 1241 - manifest validates exact bounded reference identities and refuses inline or missing sources
  ---
  duration_ms: 333.0619
  type: 'test'
  ...
# Subtest: commit materializes exact old source versions before selecting schema 2 manifest
ok 1242 - commit materializes exact old source versions before selecting schema 2 manifest
  ---
  duration_ms: 506.4272
  type: 'test'
  ...
# Subtest: manifest refuses forged metrics and provenance without selecting a new project revision
ok 1243 - manifest refuses forged metrics and provenance without selecting a new project revision
  ---
  duration_ms: 439.6597
  type: 'test'
  ...
# Subtest: idempotent manifests survive newer commits and changed payload IDs refuse reuse
ok 1244 - idempotent manifests survive newer commits and changed payload IDs refuse reuse
  ---
  duration_ms: 528.111
  type: 'test'
  ...
# Subtest: unselected orphan revisions cannot produce a successful duplicate acknowledgement
ok 1245 - unselected orphan revisions cannot produce a successful duplicate acknowledgement
  ---
  duration_ms: 529.9576
  type: 'test'
  ...
# Subtest: after-selection fault acknowledges exact selected manifest while checkpoint failure remains degraded
ok 1246 - after-selection fault acknowledges exact selected manifest while checkpoint failure remains degraded
  ---
  duration_ms: 448.6027
  type: 'test'
  ...
# Subtest: source verification fault leaves original selection and retains attempted files
ok 1247 - source verification fault leaves original selection and retains attempted files
  ---
  duration_ms: 280.6902
  type: 'test'
  ...
# Subtest: unsupported raw source bytes remain exactly referenced and exportable after a manifest commit
ok 1248 - unsupported raw source bytes remain exactly referenced and exportable after a manifest commit
  ---
  duration_ms: 540.8698
  type: 'test'
  ...
# Subtest: access revoked after source materialization refuses manifest publication
ok 1249 - access revoked after source materialization refuses manifest publication
  ---
  duration_ms: 412.5411
  type: 'test'
  ...
# Subtest: concurrent manifest owners cannot both publish against one project revision
ok 1250 - concurrent manifest owners cannot both publish against one project revision
  ---
  duration_ms: 347.7134
  type: 'test'
  ...
# Subtest: identical orphan and successful retry records still prove selected ancestry for duplicate receipts
ok 1251 - identical orphan and successful retry records still prove selected ancestry for duplicate receipts
  ---
  duration_ms: 716.4373
  type: 'test'
  ...
# Subtest: native restore purpose permits new manifest selection when ordinary workspace saves are refused
ok 1252 - native restore purpose permits new manifest selection when ordinary workspace saves are refused
  ---
  duration_ms: 429.5171
  type: 'test'
  ...
# Subtest: permission revoked in the awaited before-select hook cannot publish a new manifest
ok 1253 - permission revoked in the awaited before-select hook cannot publish a new manifest
  ---
  duration_ms: 364.4667
  type: 'test'
  ...
# Subtest: selected parent identity distinguishes an orphan with a different checkpoint policy
ok 1254 - selected parent identity distinguishes an orphan with a different checkpoint policy
  ---
  duration_ms: 512.3925
  type: 'test'
  ...
# Subtest: real admitted parser projects values, annotations without values and updates distinctly
ok 1255 - real admitted parser projects values, annotations without values and updates distinctly
  ---
  duration_ms: 7.8169
  type: 'test'
  ...
# Subtest: annotation classification follows direct parser operator, not equals in strings or nested calls
ok 1256 - annotation classification follows direct parser operator, not equals in strings or nested calls
  ---
  duration_ms: 1.6447
  type: 'test'
  ...
# Subtest: chained, destructured, attribute, subscript and Unicode assignments retain exact source ranges
ok 1257 - chained, destructured, attribute, subscript and Unicode assignments retain exact source ranges
  ---
  duration_ms: 1.6832
  type: 'test'
  ...
# Subtest: function and branch containment includes assignments without claiming execution or data flow
ok 1258 - function and branch containment includes assignments without claiming execution or data flow
  ---
  duration_ms: 1.4817
  type: 'test'
  ...
# Subtest: existing yield, await and call blocks survive assignment projection
ok 1259 - existing yield, await and call blocks survive assignment projection
  ---
  duration_ms: 0.9112
  type: 'test'
  ...
# Subtest: syntax errors retain absolute locations and bounded diagnostics, not successful runtime claims
ok 1260 - syntax errors retain absolute locations and bounded diagnostics, not successful runtime claims
  ---
  duration_ms: 35.5265
  type: 'test'
  ...
# Subtest: new assignment blocks honor graph, edge and visit caps
ok 1261 - new assignment blocks honor graph, edge and visit caps
  ---
  duration_ms: 13.1707
  type: 'test'
  ...
# Subtest: shortened assignment labels never split a Unicode surrogate pair
ok 1262 - shortened assignment labels never split a Unicode surrogate pair
  ---
  duration_ms: 0.42
  type: 'test'
  ...
# Subtest: actual map view accepts annotation literally with an accurate explanation and immutable navigation
ok 1263 - actual map view accepts annotation literally with an accurate explanation and immutable navigation
  ---
  duration_ms: 28.7375
  type: 'test'
  ...
# Subtest: actual patched worker maps selected Python syntax containment and exact navigation without claiming execution
ok 1264 - actual patched worker maps selected Python syntax containment and exact navigation without claiming execution
  ---
  duration_ms: 202.0978
  type: 'test'
  ...
# Subtest: selected syntax map uses exact EOF ranges/lines beyond 300k and refuses a missing range before I/O
ok 1265 - selected syntax map uses exact EOF ranges/lines beyond 300k and refuses a missing range before I/O
  ---
  duration_ms: 193.524
  type: 'test'
  ...
# Subtest: actual isolated analysis worker preserves assignment, update and annotation distinctions in the exact stored version
ok 1266 - actual isolated analysis worker preserves assignment, update and annotation distinctions in the exact stored version
  ---
  duration_ms: 55.9589
  type: 'test'
  ...
# Subtest: finite map budgets, incomplete syntax and literal labels remain explicitly partial and retain immutable bytes
ok 1267 - finite map budgets, incomplete syntax and literal labels remain explicitly partial and retain immutable bytes
  ---
  duration_ms: 89.5699
  type: 'test'
  ...
# Subtest: metrics distinguish UTF-8 bytes, UTF-16 offsets and CRLF line width
ok 1268 - metrics distinguish UTF-8 bytes, UTF-16 offsets and CRLF line width
  ---
  duration_ms: 1.5075
  type: 'test'
  ...
# Subtest: empty and unterminated long lines count without adding terminator width
ok 1269 - empty and unterminated long lines count without adding terminator width
  ---
  duration_ms: 0.4388
  type: 'test'
  ...
# Subtest: metrics refuse unpaired surrogate input rather than replacement encoding
ok 1270 - metrics refuse unpaired surrogate input rather than replacement encoding
  ---
  duration_ms: 0.992
  type: 'test'
  ...
# Subtest: migration writes a new schema 2 project and leaves every original project file byte-identical
ok 1271 - migration writes a new schema 2 project and leaves every original project file byte-identical
  ---
  duration_ms: 1164.6903
  type: 'test'
  ...
# Subtest: two Docs referencing one original source share a blob while distinct release identities stay separate
ok 1272 - two Docs referencing one original source share a blob while distinct release identities stay separate
  ---
  duration_ms: 731.0946
  type: 'test'
  ...
# Subtest: actual desktop storage bag migrates linked files, release snapshots and private draft keys
ok 1273 - actual desktop storage bag migrates linked files, release snapshots and private draft keys
  ---
  duration_ms: 700.6705
  type: 'test'
  ...
# Subtest: partial source import failure reports the retained new project without admitting migration
ok 1274 - partial source import failure reports the retained new project without admitting migration
  ---
  duration_ms: 363.6008
  type: 'test'
  ...
# Subtest: remapping updates only exact source pointers including JSON-valued storage without changing owner IDs
ok 1275 - remapping updates only exact source pointers including JSON-valued storage without changing owner IDs
  ---
  duration_ms: 1.2803
  type: 'test'
  ...
# Subtest: migration keeps current linked files bound to current rows when a retained backup has older text
ok 1276 - migration keeps current linked files bound to current rows when a retained backup has older text
  ---
  duration_ms: 932.9357
  type: 'test'
  ...
# Subtest: source remapping preserves special JSON keys as data without prototype mutation
ok 1277 - source remapping preserves special JSON keys as data without prototype mutation
  ---
  duration_ms: 0.5093
  type: 'test'
  ...
# Subtest: satellite native metadata observer rejects source text, authority, accessors and invalid refs and unsubscribes exactly
ok 1278 - satellite native metadata observer rejects source text, authority, accessors and invalid refs and unsubscribes exactly
  ---
  duration_ms: 8.9495
  type: 'test'
  ...
# Subtest: other-window notices coalesce and refresh only a clean idle view, ignoring unrelated and old versions
ok 1279 - other-window notices coalesce and refresh only a clean idle view, ignoring unrelated and old versions
  ---
  duration_ms: 2.5267
  type: 'test'
  ...
# Subtest: failed clean refresh retains its notice without an unbounded retry loop; a newer native version may try once
ok 1280 - failed clean refresh retains its notice without an unbounded retry loop; a newer native version may try once
  ---
  duration_ms: 3.009
  type: 'test'
  ...
# Subtest: dirty, pending, fenced or retiring view preserves local work and never silently reloads it
ok 1281 - dirty, pending, fenced or retiring view preserves local work and never silently reloads it
  ---
  duration_ms: 1.7786
  type: 'test'
  ...
# Subtest: native read admission reflects genuine private captures, owner pause and access revocation without creating writes
ok 1282 - native read admission reflects genuine private captures, owner pause and access revocation without creating writes
  ---
  duration_ms: 625.9366
  type: 'test'
  ...
# Subtest: production reads require an explicit selected version and cannot disclose a newer unselected draft
ok 1283 - production reads require an explicit selected version and cannot disclose a newer unselected draft
  ---
  duration_ms: 644.9438
  type: 'test'
  ...
# Subtest: native Code reads exact versioned bytes and metrics without project, Docs or another source content
ok 1284 - native Code reads exact versioned bytes and metrics without project, Docs or another source content
  ---
  duration_ms: 629.3585
  type: 'test'
  ...
# Subtest: write and unknown methods are refused before obtaining any native source repository
ok 1285 - write and unknown methods are refused before obtaining any native source repository
  ---
  duration_ms: 612.2813
  type: 'test'
  ...
# Subtest: Docs, copied same-URL sender, subframe, foreign source and locked callers cannot read native source bytes
ok 1286 - Docs, copied same-URL sender, subframe, foreign source and locked callers cannot read native source bytes
  ---
  duration_ms: 631.4341
  type: 'test'
  ...
# Subtest: Home cannot reuse the workspace role to obtain source data and malformed payloads cannot evaluate accessors
ok 1287 - Home cannot reuse the workspace role to obtain source data and malformed payloads cannot evaluate accessors
  ---
  duration_ms: 628.5454
  type: 'test'
  ...
# Subtest: read bridge obeys owner pause and cannot lift a transition fence
ok 1288 - read bridge obeys owner pause and cannot lift a transition fence
  ---
  duration_ms: 630.6476
  type: 'test'
  ...
# Subtest: typed read receipt streams exact source with Unicode-safe acknowledged boundaries and no provenance
ok 1289 - typed read receipt streams exact source with Unicode-safe acknowledged boundaries and no provenance
  ---
  duration_ms: 315.6212
  type: 'test'
  ...
# Subtest: another registered view cannot consume or close a copied read ID
ok 1290 - another registered view cannot consume or close a copied read ID
  ---
  duration_ms: 273.6619
  type: 'test'
  ...
# Subtest: source/hash/version confusion and renderer authority fields refuse without disclosing text
ok 1291 - source/hash/version confusion and renderer authority fields refuse without disclosing text
  ---
  duration_ms: 225.4701
  type: 'test'
  ...
# Subtest: service bounds opening and active handles; disposal fences pending admission
ok 1292 - service bounds opening and active handles; disposal fences pending admission
  ---
  duration_ms: 304.7838
  type: 'test'
  ...
# Subtest: destroying one native reader window immediately releases its budget without closing another window lease
ok 1293 - destroying one native reader window immediately releases its budget without closing another window lease
  ---
  duration_ms: 292.9155
  type: 'test'
  ...
# Subtest: a native window lost while a reader opens cannot publish bytes or retain the opening budget
ok 1294 - a native window lost while a reader opens cannot publish bytes or retain the opening budget
  ---
  duration_ms: 267.5755
  type: 'test'
  ...
# Subtest: legitimate disk corruption retains its error attribution and releases the failed open
ok 1295 - legitimate disk corruption retains its error attribution and releases the failed open
  ---
  duration_ms: 331.0785
  type: 'test'
  ...
# Subtest: a null native rejection becomes a sanitized failure rather than rejecting the invocation
ok 1296 - a null native rejection becomes a sanitized failure rather than rejecting the invocation
  ---
  duration_ms: 235.8393
  type: 'test'
  ...
# Subtest: native adapter extensions cannot add private fields to typed open or chunk receipts
ok 1297 - native adapter extensions cannot add private fields to typed open or chunk receipts
  ---
  duration_ms: 277.6582
  type: 'test'
  ...
# Subtest: actual native main owner allows verified selected schema-2 reads in readonly while preserving legacy write gates
ok 1298 - actual native main owner allows verified selected schema-2 reads in readonly while preserving legacy write gates
  ---
  duration_ms: 571.1641
  type: 'test'
  ...
# Subtest: actual main source gate refuses PIN transitions, shell failures, quiescence, legacy source IDs and unselected source refs
ok 1299 - actual main source gate refuses PIN transitions, shell failures, quiescence, legacy source IDs and unselected source refs
  ---
  duration_ms: 3444.2063
  type: 'test'
  ...
# Subtest: actual main mounts the finite read-only source channel and tracks its pending operation in the shared write/drain set
ok 1300 - actual main mounts the finite read-only source channel and tracks its pending operation in the shared write/drain set
  ---
  duration_ms: 573.7633
  type: 'test'
  ...
# Subtest: primary source API stays readonly; satellite mutations use a distinct finite native channel
ok 1301 - primary source API stays readonly; satellite mutations use a distinct finite native channel
  ---
  duration_ms: 4.9402
  type: 'test'
  ...
# Subtest: actual main confines a Code window to its admitted version even when another version is selected in the same project
ok 1302 - actual main confines a Code window to its admitted version even when another version is selected in the same project
  ---
  duration_ms: 607.913
  type: 'test'
  ...
# Subtest: bounded chunks preserve every BOM/newline/Unicode byte and the captured version after a later edit
ok 1303 - bounded chunks preserve every BOM/newline/Unicode byte and the captured version after a later edit
  ---
  duration_ms: 441.0554
  type: 'test'
  ...
# Subtest: snapshot reads stay immutable; subsequent readers verify disk integrity again
ok 1304 - snapshot reads stay immutable; subsequent readers verify disk integrity again
  ---
  duration_ms: 289.3144
  type: 'test'
  ...
# Subtest: Lock revokes snapshot reads and disposal closes access rather than returning retained text
ok 1305 - Lock revokes snapshot reads and disposal closes access rather than returning retained text
  ---
  duration_ms: 257.4294
  type: 'test'
  ...
# Subtest: reader limits include pending opens; failure/disposal reclaim capacity without changing source bytes
ok 1306 - reader limits include pending opens; failure/disposal reclaim capacity without changing source bytes
  ---
  duration_ms: 315.1982
  type: 'test'
  ...
# Subtest: unsupported UTF-8 cannot create a reader and does not consume its slots
ok 1307 - unsupported UTF-8 cannot create a reader and does not consume its slots
  ---
  duration_ms: 338.0888
  type: 'test'
  ...
# Subtest: pool capacity cannot be expanded by overwriting exposed configuration
ok 1308 - pool capacity cannot be expanded by overwriting exposed configuration
  ---
  duration_ms: 260.3319
  type: 'test'
  ...
# Subtest: an expired pending open keeps its capacity until the original I/O settles
ok 1309 - an expired pending open keeps its capacity until the original I/O settles
  ---
  duration_ms: 272.878
  type: 'test'
  ...
# Subtest: dispose during the final read guard suppresses already computed private text
ok 1310 - dispose during the final read guard suppresses already computed private text
  ---
  duration_ms: 308.7917
  type: 'test'
  ...
# Subtest: pool expiry cannot be postponed by overwriting exposed configuration
ok 1311 - pool expiry cannot be postponed by overwriting exposed configuration
  ---
  duration_ms: 2488.6742
  type: 'test'
  ...
# Subtest: microtask disposal immediately before read publication suppresses private text
ok 1312 - microtask disposal immediately before read publication suppresses private text
  ---
  duration_ms: 227.8968
  type: 'test'
  ...
# Subtest: microtask disposal immediately before open publication suppresses the reader grant
ok 1313 - microtask disposal immediately before open publication suppresses the reader grant
  ---
  duration_ms: 201.9742
  type: 'test'
  ...
# Subtest: schema 2 refuses old renderer workspace save without changing the source manifest
ok 1314 - schema 2 refuses old renderer workspace save without changing the source manifest
  ---
  duration_ms: 473.4048
  type: 'test'
  ...
# Subtest: selecting schema 2 exposes a read-only legacy view instead of allowing metadata-only edits
ok 1315 - selecting schema 2 exposes a read-only legacy view instead of allowing metadata-only edits
  ---
  duration_ms: 331.8134
  type: 'test'
  ...
# Subtest: schema 2 checkpoints and exports bind referenced bytes, not only metadata JSON
ok 1316 - schema 2 checkpoints and exports bind referenced bytes, not only metadata JSON
  ---
  duration_ms: 570.9637
  type: 'test'
  ...
# Subtest: restoring schema 2 creates independent sources and preserves every byte of the original project
ok 1317 - restoring schema 2 creates independent sources and preserves every byte of the original project
  ---
  duration_ms: 1116.6432
  type: 'test'
  ...
# Subtest: source collection preserves emergency references and selected private drafts, removing only unselected import debris
ok 1318 - source collection preserves emergency references and selected private drafts, removing only unselected import debris
  ---
  duration_ms: 915.5342
  type: 'test'
  ...
# Subtest: damaged recovery scan refuses collection and retains original source/debris bytes
ok 1319 - damaged recovery scan refuses collection and retains original source/debris bytes
  ---
  duration_ms: 492.5283
  type: 'test'
  ...
# Subtest: missing bytes of a selected unlinked source refuse collection instead of classifying it as an import orphan
ok 1320 - missing bytes of a selected unlinked source refuse collection instead of classifying it as an import orphan
  ---
  duration_ms: 488.5868
  type: 'test'
  ...
# Subtest: an unscanned checkpoint temporary refuses collection because recovery coverage is incomplete
ok 1321 - an unscanned checkpoint temporary refuses collection because recovery coverage is incomplete
  ---
  duration_ms: 402.4602
  type: 'test'
  ...
# Subtest: verified read never reuses bytes after the owned source blob changes or disappears
ok 1322 - verified read never reuses bytes after the owned source blob changes or disappears
  ---
  duration_ms: 347.564
  type: 'test'
  ...
# Subtest: verified version reads exact original or edited bytes with one genuine replay and rechecks read/export authority after it
ok 1323 - verified version reads exact original or edited bytes with one genuine replay and rechecks read/export authority after it
  ---
  duration_ms: 454.6146
  type: 'test'
  ...
# Subtest: exact BOM, mixed newline and Unicode bytes survive import, durable draft, commit and fresh reopen
ok 1324 - exact BOM, mixed newline and Unicode bytes survive import, durable draft, commit and fresh reopen
  ---
  duration_ms: 532.5132
  type: 'test'
  ...
# Subtest: duplicate operations survive restart; stale writes and ID reuse cannot replace selected bytes
ok 1325 - duplicate operations survive restart; stale writes and ID reuse cannot replace selected bytes
  ---
  duration_ms: 711.0387
  type: 'test'
  ...
# Subtest: split surrogate, unpaired input and out-of-range edits preserve original version and bytes
ok 1326 - split surrogate, unpaired input and out-of-range edits preserve original version and bytes
  ---
  duration_ms: 447.371
  type: 'test'
  ...
# Subtest: malformed UTF-8 stays exactly exportable and refuses editing without implicit conversion
ok 1327 - malformed UTF-8 stays exactly exportable and refuses editing without implicit conversion
  ---
  duration_ms: 301.9839
  type: 'test'
  ...
# Subtest: 32 MiB source boundary is accepted, +1 refused; growing edit also obeys bytes rather than lines
ok 1328 - 32 MiB source boundary is accepted, +1 refused; growing edit also obeys bytes rather than lines
  ---
  duration_ms: 1345.3155
  type: 'test'
  ...
# Subtest: project disk budget includes retained distinct blobs and journal overhead, refusing before publication
ok 1329 - project disk budget includes retained distinct blobs and journal overhead, refusing before publication
  ---
  duration_ms: 265.2054
  type: 'test'
  ...
# Subtest: blob, journal and preselection faults keep old version; postselection ACK states the durable new version
ok 1330 - blob, journal and preselection faults keep old version; postselection ACK states the durable new version
  ---
  duration_ms: 1070.0578
  type: 'test'
  ...
# Subtest: checkpoint failure after source commit returns committed version with recovery-degraded durability
ok 1331 - checkpoint failure after source commit returns committed version with recovery-degraded durability
  ---
  duration_ms: 459.7068
  type: 'test'
  ...
# Subtest: edit and commit share an operation identity namespace, refusing cross-kind reuse
ok 1332 - edit and commit share an operation identity namespace, refusing cross-kind reuse
  ---
  duration_ms: 290.1141
  type: 'test'
  ...
# Subtest: default 256 MiB disk budget refuses the eighth distinct 32 MiB blob and preserves the seven admitted originals
ok 1333 - default 256 MiB disk budget refuses the eighth distinct 32 MiB blob and preserves the seven admitted originals
  ---
  duration_ms: 5567.5346
  type: 'test'
  ...
# Subtest: PIN/access, IDs, unknown project and junctions cannot bypass owned-source access
ok 1334 - PIN/access, IDs, unknown project and junctions cannot bypass owned-source access
  ---
  duration_ms: 134.2073
  type: 'test'
  ...
# Subtest: concurrent owners cannot both select edits from the same source version
ok 1335 - concurrent owners cannot both select edits from the same source version
  ---
  duration_ms: 190.4988
  type: 'test'
  ...
# Subtest: access lost immediately before pointer selection cannot publish a new draft
ok 1336 - access lost immediately before pointer selection cannot publish a new draft
  ---
  duration_ms: 193.1033
  type: 'test'
  ...
# Subtest: a successful checkpoint receipt is durable and idempotent after restart
ok 1337 - a successful checkpoint receipt is durable and idempotent after restart
  ---
  duration_ms: 242.1625
  type: 'test'
  ...
# Subtest: an unselected durable commit journal does not poison its operation ID after another commit
ok 1338 - an unselected durable commit journal does not poison its operation ID after another commit
  ---
  duration_ms: 377.6793
  type: 'test'
  ...
# Subtest: native source mutation bridge preserves two independent Unicode/CRLF sources and leaves Docs/project untouched
ok 1339 - native source mutation bridge preserves two independent Unicode/CRLF sources and leaves Docs/project untouched
  ---
  duration_ms: 972.008
  type: 'test'
  ...
# Subtest: native duplicate and stale mutation retain exact CAS semantics and immutable original
ok 1340 - native duplicate and stale mutation retain exact CAS semantics and immutable original
  ---
  duration_ms: 602.5126
  type: 'test'
  ...
# Subtest: historical Code, Docs, foreign entity, copied sender and subframe cannot gain edit authority
ok 1341 - historical Code, Docs, foreign entity, copied sender and subframe cannot gain edit authority
  ---
  duration_ms: 521.9997
  type: 'test'
  ...
# Subtest: mutation payloads cannot smuggle project/epoch/nonce, methods or getters before native repository admission
ok 1342 - mutation payloads cannot smuggle project/epoch/nonce, methods or getters before native repository admission
  ---
  duration_ms: 387.4751
  type: 'test'
  ...
# Subtest: Lock during pending edit suppresses successful disclosure and preserves the selected source
ok 1343 - Lock during pending edit suppresses successful disclosure and preserves the selected source
  ---
  duration_ms: 516.424
  type: 'test'
  ...
# Subtest: paused mutation requires the genuine frame drain ticket and seals an actual committed source
ok 1344 - paused mutation requires the genuine frame drain ticket and seals an actual committed source
  ---
  duration_ms: 679.9521
  type: 'test'
  ...
# Subtest: actual main mutation channel refuses normal readonly/historical/foreign views and tracks genuine admitted draft writes
ok 1345 - actual main mutation channel refuses normal readonly/historical/foreign views and tracks genuine admitted draft writes
  ---
  duration_ms: 801.9435
  type: 'test'
  ...
# Subtest: satellite preparation keeps the source drain nonce private and never exposes it in the public bridge
ok 1346 - satellite preparation keeps the source drain nonce private and never exposes it in the public bridge
  ---
  duration_ms: 7.6321
  type: 'test'
  ...
# Subtest: actual startup retains readonly identity refusal and records bounded diagnostics without native paths
ok 1347 - actual startup retains readonly identity refusal and records bounded diagnostics without native paths
  ---
  duration_ms: 5.822
  type: 'test'
  ...
# Subtest: startup reports finite native query/decode reasons and byte counts without returned text
ok 1348 - startup reports finite native query/decode reasons and byte counts without returned text
  ---
  duration_ms: 1.9494
  type: 'test'
  ...
# Subtest: exact ten Terminal methods accept only their complete typed request and normalize an immutable copy
ok 1349 - exact ten Terminal methods accept only their complete typed request and normalize an immutable copy
  ---
  duration_ms: 4.39
  type: 'test'
  ...
# Subtest: Terminal requests reject unsafe identifiers, numeric coercion, omitted fields and dimension overflow
ok 1350 - Terminal requests reject unsafe identifiers, numeric coercion, omitted fields and dimension overflow
  ---
  duration_ms: 0.5402
  type: 'test'
  ...
# Subtest: prototype-bearing, accessor, symbol and hidden payload fields are refused without executing getters
ok 1351 - prototype-bearing, accessor, symbol and hidden payload fields are refused without executing getters
  ---
  duration_ms: 0.3276
  type: 'test'
  ...
# Subtest: terminal input is bounded by exact UTF-8 bytes and refuses malformed UTF-16 without partial normalization
ok 1352 - terminal input is bounded by exact UTF-8 bytes and refuses malformed UTF-16 without partial normalization
  ---
  duration_ms: 3.5211
  type: 'test'
  ...
# Subtest: invalid Terminal payload is refused before dispatch and valid dispatch receives only the immutable copy
ok 1353 - invalid Terminal payload is refused before dispatch and valid dispatch receives only the immutable copy
  ---
  duration_ms: 1.1023
  type: 'test'
  ...
# Subtest: frozen Terminal default budgets equal the approved finite limits
ok 1354 - frozen Terminal default budgets equal the approved finite limits
  ---
  duration_ms: 0.1893
  type: 'test'
  ...
# Subtest: per-lease256KiB and global2MiB output credits are exact and bounded across8 views
ok 1355 - per-lease256KiB and global2MiB output credits are exact and bounded across8 views
  ---
  duration_ms: 1.2207
  type: 'test'
  ...
# Subtest: only observed delivery boundaries refund credit; duplicate ACK never refunds twice
ok 1356 - only observed delivery boundaries refund credit; duplicate ACK never refunds twice
  ---
  duration_ms: 1.1813
  type: 'test'
  ...
# Subtest: detach releases exactly its credit and stale lease cannot ACK a new attachment
ok 1357 - detach releases exactly its credit and stale lease cannot ACK a new attachment
  ---
  duration_ms: 0.2747
  type: 'test'
  ...
# Subtest: strict byte offsets, finite frame metadata and gaps never grant hidden credit
ok 1358 - strict byte offsets, finite frame metadata and gaps never grant hidden credit
  ---
  duration_ms: 0.6774
  type: 'test'
  ...
# Subtest: unknown, duplicate and exhausted cursors refuse without mutating credit state
ok 1359 - unknown, duplicate and exhausted cursors refuse without mutating credit state
  ---
  duration_ms: 0.8503
  type: 'test'
  ...
# Subtest: cwd defaults refuse authority before invoking picker or filesystem
ok 1360 - cwd defaults refuse authority before invoking picker or filesystem
  ---
  duration_ms: 6.3493
  type: 'test'
  ...
# Subtest: cwd returns only immutable public grant and resolves same-project eligible peer
ok 1361 - cwd returns only immutable public grant and resolves same-project eligible peer
  ---
  duration_ms: 3.5709
  type: 'test'
  ...
# Subtest: cwd literal native paths preserve drive roots Unicode and shell punctuation
ok 1362 - cwd literal native paths preserve drive roots Unicode and shell punctuation
  ---
  duration_ms: 4.2333
  type: 'test'
  ...
# Subtest: cwd cancellation and empty or multiple picker results never choose a fallback
ok 1363 - cwd cancellation and empty or multiple picker results never choose a fallback
  ---
  duration_ms: 0.8674
  type: 'test'
  ...
# Subtest: cwd denies malformed path namespaces components and invalid Unicode
ok 1364 - cwd denies malformed path namespaces components and invalid Unicode
  ---
  duration_ms: 3.0125
  type: 'test'
  ...
# Subtest: cwd refuses protected root equality descendants case aliases and normalized traversal
ok 1365 - cwd refuses protected root equality descendants case aliases and normalized traversal
  ---
  duration_ms: 1.1351
  type: 'test'
  ...
# Subtest: cwd refuses redirected leaf or reparse ancestors without trusting canonical label
ok 1366 - cwd refuses redirected leaf or reparse ancestors without trusting canonical label
  ---
  duration_ms: 2.1374
  type: 'test'
  ...
# Subtest: cwd revalidates selected identity and every ancestor instead of silently retargeting
ok 1367 - cwd revalidates selected identity and every ancestor instead of silently retargeting
  ---
  duration_ms: 1.9872
  type: 'test'
  ...
# Subtest: cwd missing inaccessible or file directory provider never returns an alternate path
ok 1368 - cwd missing inaccessible or file directory provider never returns an alternate path
  ---
  duration_ms: 0.542
  type: 'test'
  ...
# Subtest: cwd guards reject copied foreign stale and disallowed role grants
ok 1369 - cwd guards reject copied foreign stale and disallowed role grants
  ---
  duration_ms: 0.8537
  type: 'test'
  ...
# Subtest: cwd locked readonly recovery and nonwritable views cannot select or resolve
ok 1370 - cwd locked readonly recovery and nonwritable views cannot select or resolve
  ---
  duration_ms: 1.5482
  type: 'test'
  ...
# Subtest: cwd picker completion cannot survive admission rollback or revoke
ok 1371 - cwd picker completion cannot survive admission rollback or revoke
  ---
  duration_ms: 0.5299
  type: 'test'
  ...
# Subtest: cwd admission is rechecked after each protected-root and selected-directory await
ok 1372 - cwd admission is rechecked after each protected-root and selected-directory await
  ---
  duration_ms: 0.5529
  type: 'test'
  ...
# Subtest: cwd resolve rechecks authority after every filesystem await
ok 1373 - cwd resolve rechecks authority after every filesystem await
  ---
  duration_ms: 1.3759
  type: 'test'
  ...
# Subtest: cwd revoke and dispose invalidate old tokens and in-flight work permanently
ok 1374 - cwd revoke and dispose invalidate old tokens and in-flight work permanently
  ---
  duration_ms: 0.5773
  type: 'test'
  ...
# Subtest: cwd bounded tokens never evict live authority and concurrent picker capacity is finite
ok 1375 - cwd bounded tokens never evict live authority and concurrent picker capacity is finite
  ---
  duration_ms: 1.2863
  type: 'test'
  ...
# Subtest: cwd stale completion after revoke cannot consume the new generation capacity
ok 1376 - cwd stale completion after revoke cannot consume the new generation capacity
  ---
  duration_ms: 0.5706
  type: 'test'
  ...
# Subtest: cwd provider getters and asynchronous truthy authority are refused
ok 1377 - cwd provider getters and asynchronous truthy authority are refused
  ---
  duration_ms: 0.4614
  type: 'test'
  ...
# Subtest: cwd missing protection or inspection provider never grants a token
ok 1378 - cwd missing protection or inspection provider never grants a token
  ---
  duration_ms: 0.3317
  type: 'test'
  ...
# Subtest: cwd final authorization cannot revoke the scope and then return a late token
ok 1379 - cwd final authorization cannot revoke the scope and then return a late token
  ---
  duration_ms: 0.8315
  type: 'test'
  ...
# Subtest: cwd final resolve guard cannot dispose authority and still deliver a path
ok 1380 - cwd final resolve guard cannot dispose authority and still deliver a path
  ---
  duration_ms: 0.7525
  type: 'test'
  ...
# Subtest: cwd current guard cannot reentrantly revoke admission on the final return check
ok 1381 - cwd current guard cannot reentrantly revoke admission on the final return check
  ---
  duration_ms: 0.4153
  type: 'test'
  ...
# Subtest: cwd native device aliases are outside the admitted local pathname policy
ok 1382 - cwd native device aliases are outside the admitted local pathname policy
  ---
  duration_ms: 0.327
  type: 'test'
  ...
# Subtest: cwd rejected inspections redact provider exceptions and retain capacity
ok 1383 - cwd rejected inspections redact provider exceptions and retain capacity
  ---
  duration_ms: 0.3859
  type: 'test'
  ...
# Subtest: cwd malformed provider reflection cannot leak private exceptions as receipts
ok 1384 - cwd malformed provider reflection cannot leak private exceptions as receipts
  ---
  duration_ms: 0.3232
  type: 'test'
  ...
# Subtest: cwd hard grant capacity is finite and unknown forged ids never resolve
ok 1385 - cwd hard grant capacity is finite and unknown forged ids never resolve
  ---
  duration_ms: 13.222
  type: 'test'
  ...
# Subtest: cwd bounds path prefix expansion before malformed evidence can exhaust64MiB
ok 1386 - cwd bounds path prefix expansion before malformed evidence can exhaust64MiB
  ---
  duration_ms: 185.2302
  type: 'test'
  ...
# Subtest: Terminal output component exports the specified pure interfaces
ok 1387 - Terminal output component exports the specified pure interfaces
  ---
  duration_ms: 1.5249
  type: 'test'
  ...
# Subtest: ring retains an exact 4 MiB tail of a 10 MiB line and reports exact cursor gap
ok 1388 - ring retains an exact 4 MiB tail of a 10 MiB line and reports exact cursor gap
  ---
  duration_ms: 21.1352
  type: 'test'
  ...
# Subtest: UTF-8 deliveries never cut a scalar and resume exactly from their byte cursor
ok 1389 - UTF-8 deliveries never cut a scalar and resume exactly from their byte cursor
  ---
  duration_ms: 0.7007
  type: 'test'
  ...
# Subtest: small writes pack into finite blocks and saturation preserves bounded metadata
ok 1390 - small writes pack into finite blocks and saturation preserves bounded metadata
  ---
  duration_ms: 6.9095
  type: 'test'
  ...
# Subtest: producer keeps appending without a consumer and clear preserves sequence/gap accounting
ok 1391 - producer keeps appending without a consumer and clear preserves sequence/gap accounting
  ---
  duration_ms: 0.3345
  type: 'test'
  ...
# Subtest: invalid options, data and future cursors refuse without changing retained output
ok 1392 - invalid options, data and future cursors refuse without changing retained output
  ---
  duration_ms: 0.5071
  type: 'test'
  ...
# Subtest: VT filter holds a split sequence until complete and preserves ordinary ANSI/Unicode
ok 1393 - VT filter holds a split sequence until complete and preserves ordinary ANSI/Unicode
  ---
  duration_ms: 0.4363
  type: 'test'
  ...
# Subtest: oversized OSC is omitted across pushes through a split ST without retaining payload
ok 1394 - oversized OSC is omitted across pushes through a split ST without retaining payload
  ---
  duration_ms: 2.1529
  type: 'test'
  ...
# Subtest: CSI and C1 DCS/SOS/PM/APC budgets recover after their actual terminators
ok 1395 - CSI and C1 DCS/SOS/PM/APC budgets recover after their actual terminators
  ---
  duration_ms: 4.953
  type: 'test'
  ...
# Subtest: CAN cancels discarded VT data and parser reset drops a bounded incomplete sequence
ok 1396 - CAN cancels discarded VT data and parser reset drops a bounded incomplete sequence
  ---
  duration_ms: 0.8327
  type: 'test'
  ...
# Subtest: filter output deliveries are capped even when a pending sequence completes with a full input chunk
ok 1397 - filter output deliveries are capped even when a pending sequence completes with a full input chunk
  ---
  duration_ms: 4.5852
  type: 'test'
  ...
# Subtest: Terminal policy defaults to refusing sender identity; matching plain fields never mint native authority
ok 1398 - Terminal policy defaults to refusing sender identity; matching plain fields never mint native authority
  ---
  duration_ms: 1.2422
  type: 'test'
  ...
# Subtest: workspace may configure/list/create/stop, but only terminal role may attach/input/resize/ACK/detach
ok 1399 - workspace may configure/list/create/stop, but only terminal role may attach/input/resize/ACK/detach
  ---
  duration_ms: 1.457
  type: 'test'
  ...
# Subtest: PIN and epoch are checked on every call, including passive session metadata
ok 1400 - PIN and epoch are checked on every call, including passive session metadata
  ---
  duration_ms: 0.2899
  type: 'test'
  ...
# Subtest: readonly and recovery expose only passive eligible metadata; unknown modes refuse everything
ok 1401 - readonly and recovery expose only passive eligible metadata; unknown modes refuse everything
  ---
  duration_ms: 0.2874
  type: 'test'
  ...
# Subtest: native session, project and current attachment identity are required for leased operations
ok 1402 - native session, project and current attachment identity are required for leased operations
  ---
  duration_ms: 0.3299
  type: 'test'
  ...
# Subtest: failed or asynchronous authority providers cannot authorize a synchronous input fence
ok 1403 - failed or asynchronous authority providers cannot authorize a synchronous input fence
  ---
  duration_ms: 0.3506
  type: 'test'
  ...
# Subtest: normal app mode never upgrades a current read-only view to shell execution
ok 1404 - normal app mode never upgrades a current read-only view to shell execution
  ---
  duration_ms: 0.2186
  type: 'test'
  ...
# Subtest: profile defaults do not discover files or issue a usable executable
ok 1405 - profile defaults do not discover files or issue a usable executable
  ---
  duration_ms: 2.3976
  type: 'test'
  ...
# Subtest: profile list is immutable and exposes no native executable argv or environment
ok 1406 - profile list is immutable and exposes no native executable argv or environment
  ---
  duration_ms: 1.7823
  type: 'test'
  ...
# Subtest: profile resolver returns absolute fixed interactive PowerShell envelope without commands
ok 1407 - profile resolver returns absolute fixed interactive PowerShell envelope without commands
  ---
  duration_ms: 1.5758
  type: 'test'
  ...
# Subtest: profile missing native OS root or executable remains unavailable without PATH fallback
ok 1408 - profile missing native OS root or executable remains unavailable without PATH fallback
  ---
  duration_ms: 1.1053
  type: 'test'
  ...
# Subtest: profile unknown optional ids and caller startup arguments cannot select a shell
ok 1409 - profile unknown optional ids and caller startup arguments cannot select a shell
  ---
  duration_ms: 0.4369
  type: 'test'
  ...
# Subtest: profile revalidates pinned executable and directory identities after discovery
ok 1410 - profile revalidates pinned executable and directory identities after discovery
  ---
  duration_ms: 1.7828
  type: 'test'
  ...
# Subtest: profile refuses native file evidence with missing ancestry identity or accessor fields
ok 1411 - profile refuses native file evidence with missing ancestry identity or accessor fields
  ---
  duration_ms: 0.6504
  type: 'test'
  ...
# Subtest: profile environment strips injection keys without mutating native OS snapshot
ok 1412 - profile environment strips injection keys without mutating native OS snapshot
  ---
  duration_ms: 0.5
  type: 'test'
  ...
# Subtest: profile refuses duplicate case-folded environment variables and non-data snapshots
ok 1413 - profile refuses duplicate case-folded environment variables and non-data snapshots
  ---
  duration_ms: 1.627
  type: 'test'
  ...
# Subtest: profile total environment budget refuses oversized aggregate without silent truncation
ok 1414 - profile total environment budget refuses oversized aggregate without silent truncation
  ---
  duration_ms: 0.7147
  type: 'test'
  ...
# Subtest: profile scope is checked after OS-directory and executable awaits on list
ok 1415 - profile scope is checked after OS-directory and executable awaits on list
  ---
  duration_ms: 0.3126
  type: 'test'
  ...
# Subtest: profile scope is checked after each resolve await including environment snapshot
ok 1416 - profile scope is checked after each resolve await including environment snapshot
  ---
  duration_ms: 0.4278
  type: 'test'
  ...
# Subtest: profile revoke never revives an old asynchronous discovery and dispose is permanent
ok 1417 - profile revoke never revives an old asynchronous discovery and dispose is permanent
  ---
  duration_ms: 0.4793
  type: 'test'
  ...
# Subtest: profile concurrent operations are bounded without permanently consuming capacity on failure
ok 1418 - profile concurrent operations are bounded without permanently consuming capacity on failure
  ---
  duration_ms: 0.4754
  type: 'test'
  ...
# Subtest: profile asynchronous truthy or throwing authorization cannot discover a shell
ok 1419 - profile asynchronous truthy or throwing authorization cannot discover a shell
  ---
  duration_ms: 0.3966
  type: 'test'
  ...
# Subtest: usable native profile envelope never becomes a renderer supplied create authority
ok 1420 - usable native profile envelope never becomes a renderer supplied create authority
  ---
  duration_ms: 0.5068
  type: 'test'
  ...
# Subtest: profile final scope check cannot reentrantly revoke and deliver executable or env
ok 1421 - profile final scope check cannot reentrantly revoke and deliver executable or env
  ---
  duration_ms: 0.4817
  type: 'test'
  ...
# Subtest: profile final native guard cannot dispose and still return a usable envelope
ok 1422 - profile final native guard cannot dispose and still return a usable envelope
  ---
  duration_ms: 0.4557
  type: 'test'
  ...
# Subtest: profile replacement during environment await is rechecked before returning envelope
ok 1423 - profile replacement during environment await is rechecked before returning envelope
  ---
  duration_ms: 0.3043
  type: 'test'
  ...
# Subtest: profile concurrent discovery never accepts two different pinned native identities
ok 1424 - profile concurrent discovery never accepts two different pinned native identities
  ---
  duration_ms: 0.8308
  type: 'test'
  ...
# Subtest: profile missing required OS variables or malformed private-key policy refuses
ok 1425 - profile missing required OS variables or malformed private-key policy refuses
  ---
  duration_ms: 0.6752
  type: 'test'
  ...
# Subtest: profile discovery refuses native device aliases before trusting executable evidence
ok 1426 - profile discovery refuses native device aliases before trusting executable evidence
  ---
  duration_ms: 0.2864
  type: 'test'
  ...
# Subtest: profile malformed provider reflection never leaks private errors through list or resolve
ok 1427 - profile malformed provider reflection never leaks private errors through list or resolve
  ---
  duration_ms: 0.4885
  type: 'test'
  ...
# Subtest: profile final executable check is fenced after its own native await
ok 1428 - profile final executable check is fenced after its own native await
  ---
  duration_ms: 0.2181
  type: 'test'
  ...
# Subtest: profiles bounds path prefix expansion before malformed evidence can exhaust64MiB
ok 1429 - profiles bounds path prefix expansion before malformed evidence can exhaust64MiB
  ---
  duration_ms: 183.3965
  type: 'test'
  ...
# Subtest: Terminal session state starts closed and never pretends it owns native processes
ok 1430 - Terminal session state starts closed and never pretends it owns native processes
  ---
  duration_ms: 1.1247
  type: 'test'
  ...
# Subtest: one project/window lease and immutable bounded session metadata; no foreign session attach
ok 1431 - one project/window lease and immutable bounded session metadata; no foreign session attach
  ---
  duration_ms: 0.5822
  type: 'test'
  ...
# Subtest: exact Unicode input is written once; duplicates, conflicting data and sequence gaps do not replay
ok 1432 - exact Unicode input is written once; duplicates, conflicting data and sequence gaps do not replay
  ---
  duration_ms: 1.6838
  type: 'test'
  ...
# Subtest: latest256 input receipts stay bounded; expired inputs cannot be resubmitted
ok 1433 - latest256 input receipts stay bounded; expired inputs cannot be resubmitted
  ---
  duration_ms: 9.2282
  type: 'test'
  ...
# Subtest: Lock fences synchronously, drops queued input, keeps an already delivered command untouched
ok 1434 - Lock fences synchronously, drops queued input, keeps an already delivered command untouched
  ---
  duration_ms: 4.6413
  type: 'test'
  ...
# Subtest: pending duplicate receives one receipt, bounded queue refuses a whole paste and drains serially
ok 1435 - pending duplicate receives one receipt, bounded queue refuses a whole paste and drains serially
  ---
  duration_ms: 3.9574
  type: 'test'
  ...
# Subtest: zero-byte pending input metadata is bounded and malformed input has zero writer effects
ok 1436 - zero-byte pending input metadata is bounded and malformed input has zero writer effects
  ---
  duration_ms: 5.6336
  type: 'test'
  ...
# Subtest: transport failure is ambiguous, closes the lease and never retries or replays a command
ok 1437 - transport failure is ambiguous, closes the lease and never retries or replays a command
  ---
  duration_ms: 0.5353
  type: 'test'
  ...
# Subtest: detach or host loss revokes pending work without issuing process commands
ok 1438 - detach or host loss revokes pending work without issuing process commands
  ---
  duration_ms: 0.5125
  type: 'test'
  ...
# Subtest: known host loss immediately settles active and queued input as unavailable; late ACK cannot resurrect state
ok 1439 - known host loss immediately settles active and queued input as unavailable; late ACK cannot resurrect state
  ---
  duration_ms: 2.1545
  type: 'test'
  ...
# Subtest: eight real rings keep32MiB after512MiB output while stalled consumers cannot grow credited deliveries
ok 1440 - eight real rings keep32MiB after512MiB output while stalled consumers cannot grow credited deliveries
  ---
  duration_ms: 1180.7453
  type: 'test'
  ...
# {"scope":"Pure Node rings/credits only; no PTY/renderer/native latency qualification","producedUtf8Bytes":536870912,"retainedUtf8Bytes":33554432,"peakCreditedUtf8Bytes":2097152,"peakAllocatedRingBytes":33554432,"visibleGaps":80,"peakObservedRss":173469696,"elapsedMs":1178}
# Subtest: beginning, middle and EOF edits preserve exact BOM, emoji and CRLF
ok 1441 - beginning, middle and EOF edits preserve exact BOM, emoji and CRLF
  ---
  duration_ms: 4.2437
  type: 'test'
  ...
# Subtest: duplicate identity returns original result and changed payload refuses reuse
ok 1442 - duplicate identity returns original result and changed payload refuses reuse
  ---
  duration_ms: 0.6352
  type: 'test'
  ...
# Subtest: invalid UTF-16 boundaries, unpaired insertions and invalid ranges leave state unchanged
ok 1443 - invalid UTF-16 boundaries, unpaired insertions and invalid ranges leave state unchanged
  ---
  duration_ms: 1.001
  type: 'test'
  ...
# Subtest: validate prepares an inverse without consuming operation identity or mutating state
ok 1444 - validate prepares an inverse without consuming operation identity or mutating state
  ---
  duration_ms: 1.5926
  type: 'test'
  ...
# Subtest: undo and redo use unique action IDs with monotonic versions and clear redo on branch
ok 1445 - undo and redo use unique action IDs with monotonic versions and clear redo on branch
  ---
  duration_ms: 1.0623
  type: 'test'
  ...
# Subtest: history budget retains recent operations and refuses undo once older entries are evicted
ok 1446 - history budget retains recent operations and refuses undo once older entries are evicted
  ---
  duration_ms: 0.9822
  type: 'test'
  ...
# Subtest: unique no-op edits advance journal versions without adding undo history
ok 1447 - unique no-op edits advance journal versions without adding undo history
  ---
  duration_ms: 0.3614
  type: 'test'
  ...
# Subtest: returned inverses cannot mutate retained history
ok 1448 - returned inverses cannot mutate retained history
  ---
  duration_ms: 0.3768
  type: 'test'
  ...
# Subtest: malformed numeric and source payloads return typed refusal without throwing
ok 1449 - malformed numeric and source payloads return typed refusal without throwing
  ---
  duration_ms: 0.3258
  type: 'test'
  ...
# Subtest: line metrics update when edits join CRLF boundaries and remove longest lines
ok 1450 - line metrics update when edits join CRLF boundaries and remove longest lines
  ---
  duration_ms: 0.5779
  type: 'test'
  ...
# Subtest: all short newline boundary edits retain exact text and independently derived metrics
ok 1451 - all short newline boundary edits retain exact text and independently derived metrics
  ---
  duration_ms: 15.1407
  type: 'test'
  ...
# Subtest: repeated long-line edits and undo preserve widths and bytes without snapshot histories
ok 1452 - repeated long-line edits and undo preserve widths and bytes without snapshot histories
  ---
  duration_ms: 11.8849
  type: 'test'
  ...
# Subtest: mixed repeated Unicode and newline edits match an independent string oracle
ok 1453 - mixed repeated Unicode and newline edits match an independent string oracle
  ---
  duration_ms: 11.0705
  type: 'test'
  ...
# Subtest: exhausted versions refuse changes and evicted history still remembers operation identity
ok 1454 - exhausted versions refuse changes and evicted history still remembers operation identity
  ---
  duration_ms: 0.4796
  type: 'test'
  ...
# Subtest: real anonymous release discovery stages only a complete signed package and an independently readable receipt
ok 1455 - real anonymous release discovery stages only a complete signed package and an independently readable receipt
  ---
  duration_ms: 205.5918
  type: 'test'
  ...
# Subtest: 404, rate limit, server outage, draft and prerelease never report current
ok 1456 - 404, rate limit, server outage, draft and prerelease never report current
  ---
  duration_ms: 82.5279
  type: 'test'
  ...
# Subtest: HTTP success with a short or corrupt body never produces a ready receipt
ok 1457 - HTTP success with a short or corrupt body never produces a ready receipt
  ---
  duration_ms: 6099.1864
  type: 'test'
  ...
# Subtest: cancel stops an actual paused response without admitting it or switching the application
ok 1458 - cancel stops an actual paused response without admitting it or switching the application
  ---
  duration_ms: 71.3416
  type: 'test'
  ...
# Subtest: durable high-water refuses rollback and corrupt trust state without silently resetting
ok 1459 - durable high-water refuses rollback and corrupt trust state without silently resetting
  ---
  duration_ms: 51.9476
  type: 'test'
  ...
# Subtest: production transport refuses arbitrary hosts, HTTP, credentials, unsafe TLS and redirected private destinations
ok 1460 - production transport refuses arbitrary hosts, HTTP, credentials, unsafe TLS and redirected private destinations
  ---
  duration_ms: 1.5339
  type: 'test'
  ...
# Subtest: automatic discovery waits for online status and durably runs at most once per 24 hours without downloading
ok 1461 - automatic discovery waits for online status and durably runs at most once per 24 hours without downloading
  ---
  duration_ms: 140.2903
  type: 'test'
  ...
# Subtest: publisher signature verifies exact bytes; changed bytes, signature reuse and unknown key fail
ok 1462 - publisher signature verifies exact bytes; changed bytes, signature reuse and unknown key fail
  ---
  duration_ms: 20.5416
  type: 'test'
  ...
# Subtest: authenticated but unsafe metadata fails independently of a valid publisher signature
    # Subtest: expired
    ok 1 - expired
      ---
      duration_ms: 1.2559
      type: 'test'
      ...
    # Subtest: product
    ok 2 - product
      ---
      duration_ms: 1.1272
      type: 'test'
      ...
    # Subtest: arch
    ok 3 - arch
      ---
      duration_ms: 1.0791
      type: 'test'
      ...
    # Subtest: channel
    ok 4 - channel
      ---
      duration_ms: 0.9519
      type: 'test'
      ...
    # Subtest: schema
    ok 5 - schema
      ---
      duration_ms: 1.0872
      type: 'test'
      ...
    # Subtest: semver
    ok 6 - semver
      ---
      duration_ms: 1.221
      type: 'test'
      ...
    # Subtest: prerelease
    ok 7 - prerelease
      ---
      duration_ms: 0.9467
      type: 'test'
      ...
    # Subtest: overflow
    ok 8 - overflow
      ---
      duration_ms: 1.2036
      type: 'test'
      ...
    # Subtest: extractedOverflow
    ok 9 - extractedOverflow
      ---
      duration_ms: 1.0823
      type: 'test'
      ...
    # Subtest: duplicate
    ok 10 - duplicate
      ---
      duration_ms: 0.8403
      type: 'test'
      ...
    # Subtest: caseCollision
    ok 11 - caseCollision
      ---
      duration_ms: 0.9056
      type: 'test'
      ...
    # Subtest: prefixCollision
    ok 12 - prefixCollision
      ---
      duration_ms: 0.7152
      type: 'test'
      ...
    # Subtest: traversal
    ok 13 - traversal
      ---
      duration_ms: 1.5424
      type: 'test'
      ...
    # Subtest: reserved
    ok 14 - reserved
      ---
      duration_ms: 0.6626
      type: 'test'
      ...
    # Subtest: ADS
    ok 15 - ADS
      ---
      duration_ms: 0.7268
      type: 'test'
      ...
    # Subtest: trailingDot
    ok 16 - trailingDot
      ---
      duration_ms: 0.7262
      type: 'test'
      ...
    # Subtest: userData
    ok 17 - userData
      ---
      duration_ms: 0.5935
      type: 'test'
      ...
    # Subtest: assetMismatch
    ok 18 - assetMismatch
      ---
      duration_ms: 0.4696
      type: 'test'
      ...
    # Subtest: floorAboveRelease
    ok 19 - floorAboveRelease
      ---
      duration_ms: 0.5784
      type: 'test'
      ...
    1..19
ok 1463 - authenticated but unsafe metadata fails independently of a valid publisher signature
  ---
  duration_ms: 23.0613
  type: 'test'
  ...
# Subtest: duplicate JSON fields, comments, trailing commas and invalid UTF-8 are rejected before use
ok 1464 - duplicate JSON fields, comments, trailing commas and invalid UTF-8 are rejected before use
  ---
  duration_ms: 2.6028
  type: 'test'
  ...
# SIREN_VIEW_PREPARE_STAGE {"stage":"sent","role":"code","elapsedMs":0}
# SIREN_VIEW_PREPARE_STAGE {"stage":"acknowledged","role":"code","elapsedMs":1}
# SIREN_VIEW_PREPARE_STAGE {"stage":"sealing","role":"code","elapsedMs":1}
# SIREN_VIEW_PREPARE_STAGE {"stage":"prepared","role":"code","elapsedMs":33}
# SIREN_VIEW_PREPARE_FAILURE {"role":"code","code":"CONTROL_STALE","rendererCode":null}
# Subtest: actual main control seals a selected readonly Code version and refuses satellite primary draining
ok 1465 - actual main control seals a selected readonly Code version and refuses satellite primary draining
  ---
  duration_ms: 748.9007
  type: 'test'
  ...
# Subtest: production package includes the mounted control, barrier and immutable proof modules
ok 1466 - production package includes the mounted control, barrier and immutable proof modules
  ---
  duration_ms: 0.4574
  type: 'test'
  ...
# Subtest: native Code view control exists
ok 1467 - native Code view control exists
  ---
  duration_ms: 1.2547
  type: 'test'
  ...
# Subtest: native seal rather than a renderer supplied receipt establishes flush success
ok 1468 - native seal rather than a renderer supplied receipt establishes flush success
  ---
  duration_ms: 3.9797
  type: 'test'
  ...
# Subtest: unresponsive view reaches a native deadline and late acknowledgements cannot become success
ok 1469 - unresponsive view reaches a native deadline and late acknowledgements cannot become success
  ---
  duration_ms: 16.3364
  type: 'test'
  ...
# Subtest: actual frame destruction refuses pending preparation and cancels its finite allowance
ok 1470 - actual frame destruction refuses pending preparation and cancels its finite allowance
  ---
  duration_ms: 1.2918
  type: 'test'
  ...
# Subtest: one view is not prepared twice and independent views have independent acknowledgements
ok 1471 - one view is not prepared twice and independent views have independent acknowledgements
  ---
  duration_ms: 0.7915
  type: 'test'
  ...
# Subtest: deadline covers the native seal and never publishes its delayed success
ok 1472 - deadline covers the native seal and never publishes its delayed success
  ---
  duration_ms: 16.0248
  type: 'test'
  ...
# Subtest: disposing control refuses every outstanding request and never records a clean close
ok 1473 - disposing control refuses every outstanding request and never records a clean close
  ---
  duration_ms: 0.7821
  type: 'test'
  ...
# Subtest: bounded native preparation diagnostics distinguish delayed renderer from delayed seal without granting authority
ok 1474 - bounded native preparation diagnostics distinguish delayed renderer from delayed seal without granting authority
  ---
  duration_ms: 17.9354
  type: 'test'
  ...
# Subtest: preload.cjs bounds native preparation and keeps the draining nonce private
ok 1475 - preload.cjs bounds native preparation and keeps the draining nonce private
  ---
  duration_ms: 8.0764
  type: 'test'
  ...
# Subtest: windows/preload.cjs bounds native preparation and keeps the draining nonce private
ok 1476 - windows/preload.cjs bounds native preparation and keeps the draining nonce private
  ---
  duration_ms: 3.4441
  type: 'test'
  ...
# Subtest: all captured views are covered before mutable flushes; immutable and Home seals describe the final saved revision
ok 1477 - all captured views are covered before mutable flushes; immutable and Home seals describe the final saved revision
  ---
  duration_ms: 5.8587
  type: 'test'
  ...
# Subtest: workspaceEntities implementation exists
ok 1478 - workspaceEntities implementation exists
  ---
  duration_ms: 1.0877
  type: 'test'
  ...
# Subtest: schema 1 native direct workpapers grant Docs but never infer legacy Code file IDs
ok 1479 - schema 1 native direct workpapers grant Docs but never infer legacy Code file IDs
  ---
  duration_ms: 1.3139
  type: 'test'
  ...
# Subtest: schema 2 sourceRefs produce unique Code IDs independently from provenance docs
ok 1480 - schema 2 sourceRefs produce unique Code IDs independently from provenance docs
  ---
  duration_ms: 0.3149
  type: 'test'
  ...
# Subtest: actual desktop primary bag outranks imported state, direct workpapers and old caches
ok 1481 - actual desktop primary bag outranks imported state, direct workpapers and old caches
  ---
  duration_ms: 0.2314
  type: 'test'
  ...
# Subtest: imported bag.state and direct active workpapers are recognized without recursive crawling
ok 1482 - imported bag.state and direct active workpapers are recognized without recursive crawling
  ---
  duration_ms: 0.1695
  type: 'test'
  ...
# Subtest: storage bag without primary and unrelated/release/draft arrays grant no Docs
ok 1483 - storage bag without primary and unrelated/release/draft arrays grant no Docs
  ---
  duration_ms: 0.2169
  type: 'test'
  ...
# Subtest: invalid present primary or imported state fails closed instead of falling back
ok 1484 - invalid present primary or imported state fails closed instead of falling back
  ---
  duration_ms: 0.5672
  type: 'test'
  ...
# Subtest: malformed snapshots, schemas and outer JSON return empty without throwing
ok 1485 - malformed snapshots, schemas and outer JSON return empty without throwing
  ---
  duration_ms: 0.2156
  type: 'test'
  ...
# Subtest: invalid IDs, versions and hashes are filtered without numeric coercion
ok 1486 - invalid IDs, versions and hashes are filtered without numeric coercion
  ---
  duration_ms: 0.2249
  type: 'test'
  ...
# Subtest: missing or malformed sourceRefs yield no Code while actual Docs remain scoped
ok 1487 - missing or malformed sourceRefs yield no Code while actual Docs remain scoped
  ---
  duration_ms: 0.2987
  type: 'test'
  ...
# Subtest: own data descriptors avoid snapshot/ref getters and inherited authority
ok 1488 - own data descriptors avoid snapshot/ref getters and inherited authority
  ---
  duration_ms: 0.3336
  type: 'test'
  ...
# Subtest: array accessors and inherited sparse entries cannot contribute Code IDs
ok 1489 - array accessors and inherited sparse entries cannot contribute Code IDs
  ---
  duration_ms: 0.2005
  type: 'test'
  ...
# Subtest: JSON special keys never create inherited workpapers or pollute prototypes
ok 1490 - JSON special keys never create inherited workpapers or pollute prototypes
  ---
  duration_ms: 0.1444
  type: 'test'
  ...
# Subtest: workspace UTF-8 byte cap rejects oversized multibyte JSON before parsing/granting
ok 1491 - workspace UTF-8 byte cap rejects oversized multibyte JSON before parsing/granting
  ---
  duration_ms: 77.7158
  type: 'test'
  ...
# Subtest: roster contains only fresh ID arrays and preserves frozen native inputs
ok 1492 - roster contains only fresh ID arrays and preserves frozen native inputs
  ---
  duration_ms: 0.3624
  type: 'test'
  ...
# Subtest: actual ProjectStore-verifiable schema 1 and schema 2 snapshots produce native rosters
ok 1493 - actual ProjectStore-verifiable schema 1 and schema 2 snapshots produce native rosters
  ---
  duration_ms: 1.5584
  type: 'test'
  ...
# Subtest: renderer emits only data-free hashed role entrypoints and exact packaged modules
ok 1494 - renderer emits only data-free hashed role entrypoints and exact packaged modules
  ---
  duration_ms: 11293.4647
  type: 'test'
  ...
# Subtest: native role factory remains hidden and denies navigation, subframes, popups and webviews
ok 1495 - native role factory remains hidden and denies navigation, subframes, popups and webviews
  ---
  duration_ms: 2.9093
  type: 'test'
  ...
# Subtest: close active view targets its captured native shell, never the main workspace or another view
ok 1496 - close active view targets its captured native shell, never the main workspace or another view
  ---
  duration_ms: 3.5406
  type: 'test'
  ...
# Subtest: close from main targets only the selected attached view; no selection is a harmless no-op
ok 1497 - close from main targets only the selected attached view; no selection is a harmless no-op
  ---
  duration_ms: 0.7116
  type: 'test'
  ...
# Subtest: close refuses foreign, revoked and mid-selection transition origins; native veto remains intact
ok 1498 - close refuses foreign, revoked and mid-selection transition origins; native veto remains intact
  ---
  duration_ms: 0.6774
  type: 'test'
  ...
# Subtest: Quit requests the permanent main close path from any captured native role and also from locked main
ok 1499 - Quit requests the permanent main close path from any captured native role and also from locked main
  ---
  duration_ms: 0.4811
  type: 'test'
  ...
# Subtest: Ctrl+W and Ctrl+Q use the genuine input origin once, suppress repeat/menu duplicates and preserve composing keys
ok 1500 - Ctrl+W and Ctrl+Q use the genuine input origin once, suppress repeat/menu duplicates and preserve composing keys
  ---
  duration_ms: 0.7172
  type: 'test'
  ...
# Subtest: native cycling restores the selected minimized neighbour and wraps both directions without opening a view
ok 1501 - native cycling restores the selected minimized neighbour and wraps both directions without opening a view
  ---
  duration_ms: 0.7131
  type: 'test'
  ...
# Subtest: main return restores only the permanent window while locked without authorizing a data view
ok 1502 - main return restores only the permanent window while locked without authorizing a data view
  ---
  duration_ms: 0.4931
  type: 'test'
  ...
# Subtest: transition fences and invalid directions never restore a minimized data view
ok 1503 - transition fences and invalid directions never restore a minimized data view
  ---
  duration_ms: 0.3405
  type: 'test'
  ...
# Subtest: same-URL replacement frames and changed native permissions are excluded from the focus roster
ok 1504 - same-URL replacement frames and changed native permissions are excluded from the focus roster
  ---
  duration_ms: 0.3983
  type: 'test'
  ...
# Subtest: a foreign focused native handle is never brought into the registered cycle
ok 1505 - a foreign focused native handle is never brought into the registered cycle
  ---
  duration_ms: 0.6795
  type: 'test'
  ...
# Subtest: native window lookup cannot alias another grant and access is rechecked after gathering the roster
ok 1506 - native window lookup cannot alias another grant and access is rechecked after gathering the roster
  ---
  duration_ms: 0.5951
  type: 'test'
  ...
# Subtest: native key handling uses its genuine source window and consumes the menu accelerator once
ok 1507 - native key handling uses its genuine source window and consumes the menu accelerator once
  ---
  duration_ms: 0.3395
  type: 'test'
  ...
# Subtest: native key handling preserves unrelated keys and cannot cycle from an unregistered handle
ok 1508 - native key handling preserves unrelated keys and cannot cycle from an unregistered handle
  ---
  duration_ms: 0.4046
  type: 'test'
  ...
# Subtest: preserves reachable negative DIP coordinates on a monitor left of origin
ok 1509 - preserves reachable negative DIP coordinates on a monitor left of origin
  ---
  duration_ms: 3.8006
  type: 'test'
  ...
# Subtest: uses workArea DIP unchanged across 100, 150 and 200 percent scaling
ok 1510 - uses workArea DIP unchanged across 100, 150 and 200 percent scaling
  ---
  duration_ms: 0.4711
  type: 'test'
  ...
# Subtest: current overlap outranks a stale display hint and largest overlap chooses the monitor
ok 1511 - current overlap outranks a stale display hint and largest overlap chooses the monitor
  ---
  duration_ms: 0.3614
  type: 'test'
  ...
# Subtest: display hint breaks equal overlaps and otherwise primary breaks ties
ok 1512 - display hint breaks equal overlaps and otherwise primary breaks ties
  ---
  duration_ms: 0.2509
  type: 'test'
  ...
# Subtest: removed monitor rehomes offscreen normal bounds to the primary workArea
ok 1513 - removed monitor rehomes offscreen normal bounds to the primary workArea
  ---
  duration_ms: 0.204
  type: 'test'
  ...
# Subtest: existing display hint rehomes an offscreen window to that display
ok 1514 - existing display hint rehomes an offscreen window to that display
  ---
  duration_ms: 0.2007
  type: 'test'
  ...
# Subtest: taskbar and resolution changes keep the titlebar and entire normal window reachable
ok 1515 - taskbar and resolution changes keep the titlebar and entire normal window reachable
  ---
  duration_ms: 0.221
  type: 'test'
  ...
# Subtest: tiny workAreas win over default or remembered sizes without an offscreen minimum
ok 1516 - tiny workAreas win over default or remembered sizes without an offscreen minimum
  ---
  duration_ms: 0.2384
  type: 'test'
  ...
# Subtest: malformed saved bounds fall back to centered capped defaults
ok 1517 - malformed saved bounds fall back to centered capped defaults
  ---
  duration_ms: 0.3528
  type: 'test'
  ...
# Subtest: fractional stored bounds round to DIP integers and fractional workAreas round inward
ok 1518 - fractional stored bounds round to DIP integers and fractional workAreas round inward
  ---
  duration_ms: 0.2203
  type: 'test'
  ...
# Subtest: maximized and fullscreen restoration retains a usable normal rectangle and literal flags
ok 1519 - maximized and fullscreen restoration retains a usable normal rectangle and literal flags
  ---
  duration_ms: 0.1413
  type: 'test'
  ...
# Subtest: invalid displays are excluded and no usable current display is an explicit failure
ok 1520 - invalid displays are excluded and no usable current display is an explicit failure
  ---
  duration_ms: 0.5267
  type: 'test'
  ...
# Subtest: restoration neither mutates inputs nor reads or copies unrelated content
ok 1521 - restoration neither mutates inputs nor reads or copies unrelated content
  ---
  duration_ms: 0.241
  type: 'test'
  ...
# Subtest: malformed numeric fields cannot execute coercion or accessor code
ok 1522 - malformed numeric fields cannot execute coercion or accessor code
  ---
  duration_ms: 0.3392
  type: 'test'
  ...
# Subtest: varied disconnected and changed layouts always contain the restored normal window
ok 1523 - varied disconnected and changed layouts always contain the restored normal window
  ---
  duration_ms: 9.407
  type: 'test'
  ...
# Subtest: different sources serialize through one owner and preserve exact independent texts and linked Docs
ok 1524 - different sources serialize through one owner and preserve exact independent texts and linked Docs
  ---
  duration_ms: 848.0623
  type: 'test'
  ...
# Subtest: same entity stale updates and duplicate operation IDs retain native conflict semantics across fresh repositories
ok 1525 - same entity stale updates and duplicate operation IDs retain native conflict semantics across fresh repositories
  ---
  duration_ms: 663.9212
  type: 'test'
  ...
# Subtest: pause refuses new admission while accepted in-flight work drains with its actual receipt
ok 1526 - pause refuses new admission while accepted in-flight work drains with its actual receipt
  ---
  duration_ms: 615.6074
  type: 'test'
  ...
# Subtest: a paused owner admits only bounded source flushes from the captured native frame
ok 1527 - a paused owner admits only bounded source flushes from the captured native frame
  ---
  duration_ms: 531.2235
  type: 'test'
  ...
# Subtest: a flush ticket is not a successful save when only a draft or a failed operation was received
ok 1528 - a flush ticket is not a successful save when only a draft or a failed operation was received
  ---
  duration_ms: 437.7139
  type: 'test'
  ...
# Subtest: flush sealing waits for native selection and prevents additional work while it waits
ok 1529 - flush sealing waits for native selection and prevents additional work while it waits
  ---
  duration_ms: 484.2726
  type: 'test'
  ...
# Subtest: flush admission rejects reads, foreign sources, byte overflow and stale pause generations
ok 1530 - flush admission rejects reads, foreign sources, byte overflow and stale pause generations
  ---
  duration_ms: 307.5572
  type: 'test'
  ...
# Subtest: resuming authority inside a flush write fences publication and cannot seal a stale success
ok 1531 - resuming authority inside a flush write fences publication and cannot seal a stale success
  ---
  duration_ms: 378.4255
  type: 'test'
  ...
# Subtest: native cancellation refuses clone or foreign frame and fences a pending flush publication
ok 1532 - native cancellation refuses clone or foreign frame and fences a pending flush publication
  ---
  duration_ms: 390.895
  type: 'test'
  ...
# Subtest: captured frame revocation inside source write prevents late selection and receipt disclosure
ok 1533 - captured frame revocation inside source write prevents late selection and receipt disclosure
  ---
  duration_ms: 359.2877
  type: 'test'
  ...
# Subtest: bounded owner queue includes pending native I/O and does not admit cloned grants or foreign entities
ok 1534 - bounded owner queue includes pending native I/O and does not admit cloned grants or foreign entities
  ---
  duration_ms: 469.5699
  type: 'test'
  ...
# Subtest: same native frame cannot submit a queued source edit after its access policy becomes readonly
ok 1535 - same native frame cannot submit a queued source edit after its access policy becomes readonly
  ---
  duration_ms: 448.9471
  type: 'test'
  ...
# Subtest: queued payload is copied before awaits and a renderer getter is never evaluated
ok 1536 - queued payload is copied before awaits and a renderer getter is never evaluated
  ---
  duration_ms: 575.8351
  type: 'test'
  ...
# Subtest: subscriptions contain only verified scoped source receipts and stop on dispose or native revocation
ok 1537 - subscriptions contain only verified scoped source receipts and stop on dispose or native revocation
  ---
  duration_ms: 433.715
  type: 'test'
  ...
# Subtest: required window IPC implementation exists
ok 1538 - required window IPC implementation exists
  ---
  duration_ms: 1.0037
  type: 'test'
  ...
# Subtest: getView returns only the native caller grant despite forged event identity
ok 1539 - getView returns only the native caller grant despite forged event identity
  ---
  duration_ms: 2.638
  type: 'test'
  ...
# Subtest: missing, unregistered, forged-object and subframe senders are refused
ok 1540 - missing, unregistered, forged-object and subframe senders are refused
  ---
  duration_ms: 0.5482
  type: 'test'
  ...
# Subtest: exact payloads reject unknown keys, symbols, prototypes, accessors and identity fields
ok 1541 - exact payloads reject unknown keys, symbols, prototypes, accessors and identity fields
  ---
  duration_ms: 0.9802
  type: 'test'
  ...
# Subtest: empty requests accept omitted, null and empty-object payloads only
ok 1542 - empty requests accept omitted, null and empty-object payloads only
  ---
  duration_ms: 0.2844
  type: 'test'
  ...
# Subtest: workspace opens scoped Code/Docs and finite Diagram with exact nonnegative source version
ok 1543 - workspace opens scoped Code/Docs and finite Diagram with exact nonnegative source version
  ---
  duration_ms: 0.9354
  type: 'test'
  ...
# Subtest: foreign entity requests and every satellite opening or global listing are refused
ok 1544 - foreign entity requests and every satellite opening or global listing are refused
  ---
  duration_ms: 0.6595
  type: 'test'
  ...
# Subtest: Audience gets its grant with empty entityIds and no project, notes or source content
ok 1545 - Audience gets its grant with empty entityIds and no project, notes or source content
  ---
  duration_ms: 0.4406
  type: 'test'
  ...
# Subtest: listViews filters project and epoch and strips non-record data
ok 1546 - listViews filters project and epoch and strips non-record data
  ---
  duration_ms: 0.6051
  type: 'test'
  ...
# Subtest: workspace focuses and closes scoped satellites but cannot close workspace
ok 1547 - workspace focuses and closes scoped satellites but cannot close workspace
  ---
  duration_ms: 1.0318
  type: 'test'
  ...
# Subtest: satellites focus and close only themselves with no global shelf grant
ok 1548 - satellites focus and close only themselves with no global shelf grant
  ---
  duration_ms: 0.4836
  type: 'test'
  ...
# Subtest: foreign project, epoch and unknown targets refuse before native actions
ok 1549 - foreign project, epoch and unknown targets refuse before native actions
  ---
  duration_ms: 0.3544
  type: 'test'
  ...
# Subtest: canceled close stays registered and never reports successful close
ok 1550 - canceled close stays registered and never reports successful close
  ---
  duration_ms: 0.2439
  type: 'test'
  ...
# Subtest: workspace and satellite self-close acknowledge actual asynchronous native closure
ok 1551 - workspace and satellite self-close acknowledge actual asynchronous native closure
  ---
  duration_ms: 0.4611
  type: 'test'
  ...
# Subtest: asynchronous self-close cannot acknowledge a changed access epoch, project or sender
ok 1552 - asynchronous self-close cannot acknowledge a changed access epoch, project or sender
  ---
  duration_ms: 0.6856
  type: 'test'
  ...
# Subtest: self-close revalidates native scope at the final IPC continuation
ok 1553 - self-close revalidates native scope at the final IPC continuation
  ---
  duration_ms: 1.117
  type: 'test'
  ...
# Subtest: navigation and crash disposal never count as an intentional pending self-close
ok 1554 - navigation and crash disposal never count as an intentional pending self-close
  ---
  duration_ms: 0.8933
  type: 'test'
  ...
# Subtest: native close deadline reports unknown completion separately from cancellation
ok 1555 - native close deadline reports unknown completion separately from cancellation
  ---
  duration_ms: 15.5715
  type: 'test'
  ...
# Subtest: renderer unload veto cancels close while an overridden veto waits for native closed
ok 1556 - renderer unload veto cancels close while an overridden veto waits for native closed
  ---
  duration_ms: 0.6325
  type: 'test'
  ...
# Subtest: open caller revocation discards the newly registered view even when close is canceled
ok 1557 - open caller revocation discards the newly registered view even when close is canceled
  ---
  duration_ms: 0.4556
  type: 'test'
  ...
# Subtest: late open caller revocation and failed disposal report sanitized destruction failure
ok 1558 - late open caller revocation and failed disposal report sanitized destruction failure
  ---
  duration_ms: 0.3198
  type: 'test'
  ...
# Subtest: project and epoch revocation while open is pending refuse without publishing a grant
ok 1559 - project and epoch revocation while open is pending refuse without publishing a grant
  ---
  duration_ms: 0.4351
  type: 'test'
  ...
# Subtest: async metadata reads recheck native caller object and frame after awaiting
ok 1560 - async metadata reads recheck native caller object and frame after awaiting
  ---
  duration_ms: 0.4388
  type: 'test'
  ...
# Subtest: async target lookup rechecks caller before executing focus
ok 1561 - async target lookup rechecks caller before executing focus
  ---
  duration_ms: 0.1918
  type: 'test'
  ...
# Subtest: native errors never expose stack, path, notes or arbitrary error code
ok 1562 - native errors never expose stack, path, notes or arbitrary error code
  ---
  duration_ms: 0.1716
  type: 'test'
  ...
# Subtest: rejected asynchronous operations also recheck caller before returning a receipt
ok 1563 - rejected asynchronous operations also recheck caller before returning a receipt
  ---
  duration_ms: 0.285
  type: 'test'
  ...
# Subtest: layout metadata survives a fresh store read without project/source data and retains negative DIP bounds
ok 1564 - layout metadata survives a fresh store read without project/source data and retains negative DIP bounds
  ---
  duration_ms: 47.4056
  type: 'test'
  ...
# Subtest: malformed or oversized saved layout defaults safely and is retained without overwrite
ok 1565 - malformed or oversized saved layout defaults safely and is retained without overwrite
  ---
  duration_ms: 22.9156
  type: 'test'
  ...
# Subtest: duplicate native entity views reserve separate stable slots, restore after restart and rehome a missing display
ok 1566 - duplicate native entity views reserve separate stable slots, restore after restart and rehome a missing display
  ---
  duration_ms: 158.3131
  type: 'test'
  ...
# Subtest: layout identity accepts the native registry entity alphabet, including imported uppercase and leading underscore IDs
ok 1567 - layout identity accepts the native registry entity alphabet, including imported uppercase and leading underscore IDs
  ---
  duration_ms: 2.5868
  type: 'test'
  ...
# Subtest: native geometry events coalesce metadata only, revoke on disposal and keep the last actual normal/max/full state
ok 1568 - native geometry events coalesce metadata only, revoke on disposal and keep the last actual normal/max/full state
  ---
  duration_ms: 18.9906
  type: 'test'
  ...
# Subtest: cancelled native placement retains last stable fullscreen metadata instead of persisting its temporary exit
ok 1569 - cancelled native placement retains last stable fullscreen metadata instead of persisting its temporary exit
  ---
  duration_ms: 44.3691
  type: 'test'
  ...
# Subtest: native factory consumes saved geometry while hidden and releases a failed creation slot; package includes the memory module
ok 1570 - native factory consumes saved geometry while hidden and releases a failed creation slot; package includes the memory module
  ---
  duration_ms: 14.1172
  type: 'test'
  ...
# Subtest: hidden native factory verifies and corrects constructor frame drift before a saved maximized/fullscreen view can be admitted
ok 1571 - hidden native factory verifies and corrects constructor frame drift before a saved maximized/fullscreen view can be admitted
  ---
  duration_ms: 68.3998
  type: 'test'
  ...
# Subtest: hidden frame sizing compensates one stable native scale rounding offset while still requiring exact final DIP readback
ok 1572 - hidden frame sizing compensates one stable native scale rounding offset while still requiring exact final DIP readback
  ---
  duration_ms: 101.2695
  type: 'test'
  ...
# Subtest: native placement suspends mode persistence before fullscreen exit and cancels that metadata transaction at Lock
ok 1573 - native placement suspends mode persistence before fullscreen exit and cancels that metadata transaction at Lock
  ---
  duration_ms: 22.761
  type: 'test'
  ...
# Subtest: monitor chooser moves only its captured native Code to the selected negative-coordinate display and preserves modes
ok 1574 - monitor chooser moves only its captured native Code to the selected negative-coordinate display and preserves modes
  ---
  duration_ms: 102.8983
  type: 'test'
  ...
# Subtest: monitor chooser refuses copied tickets, forged displays, retired frames and changed display topology before mutation
ok 1575 - monitor chooser refuses copied tickets, forged displays, retired frames and changed display topology before mutation
  ---
  duration_ms: 1.9655
  type: 'test'
  ...
# Subtest: cross-DPI monitor movement uses actual DIP bounds and positions before sizing on the destination display
ok 1576 - cross-DPI monitor movement uses actual DIP bounds and positions before sizing on the destination display
  ---
  duration_ms: 150.2346
  type: 'test'
  ...
# Subtest: native completion matches the exact OS DIP-pixel projection while preserving the requested size and rejecting out-of-area projections
ok 1577 - native completion matches the exact OS DIP-pixel projection while preserving the requested size and rejecting out-of-area projections
  ---
  duration_ms: 181.8375
  type: 'test'
  ...
# Subtest: native monitor popup uses radio choices and a captured one-use origin without exposing renderer move authority
ok 1578 - native monitor popup uses radio choices and a captured one-use origin without exposing renderer move authority
  ---
  duration_ms: 0.7933
  type: 'test'
  ...
# Subtest: removed-display recovery rehomes actual admitted native handles without focus, navigation or grants
ok 1579 - removed-display recovery rehomes actual admitted native handles without focus, navigation or grants
  ---
  duration_ms: 296.8391
  type: 'test'
  ...
# Subtest: automatic metrics recovery preserves reachable windows and minimized, maximized and fullscreen states
ok 1580 - automatic metrics recovery preserves reachable windows and minimized, maximized and fullscreen states
  ---
  duration_ms: 198.0448
  type: 'test'
  ...
# Subtest: explicit bring-back moves admitted windows to primary and restores minimized views without selecting or saving
ok 1581 - explicit bring-back moves admitted windows to primary and restores minimized views without selecting or saving
  ---
  duration_ms: 297.4524
  type: 'test'
  ...
# Subtest: Lock and transition retain only permanent PIN window geometry and never reveal retained native data handles
ok 1582 - Lock and transition retain only permanent PIN window geometry and never reveal retained native data handles
  ---
  duration_ms: 196.3005
  type: 'test'
  ...
# Subtest: replacement frames and aliased native handles cannot enter display recovery
ok 1583 - replacement frames and aliased native handles cannot enter display recovery
  ---
  duration_ms: 201.5095
  type: 'test'
  ...
# Subtest: per-view grant and transition are rechecked after native normal bounds are read
ok 1584 - per-view grant and transition are rechecked after native normal bounds are read
  ---
  duration_ms: 100.4347
  type: 'test'
  ...
# Subtest: tiny current workArea reduces native minimum constraints and no usable display makes no changes
ok 1585 - tiny current workArea reduces native minimum constraints and no usable display makes no changes
  ---
  duration_ms: 296.2672
  type: 'test'
  ...
# Subtest: native failure does not prevent independent live windows from recovering and reports incomplete outcome
ok 1586 - native failure does not prevent independent live windows from recovering and reports incomplete outcome
  ---
  duration_ms: 229.4786
  type: 'test'
  ...
# Subtest: native bring-back shortcut is consumed once from the genuine originating window and repeats do not act
ok 1587 - native bring-back shortcut is consumed once from the genuine originating window and repeats do not act
  ---
  duration_ms: 294.7711
  type: 'test'
  ...
# Subtest: actual display-event binding recovers on removed/geometry metrics only and can be disposed
ok 1588 - actual display-event binding recovers on removed/geometry metrics only and can be disposed
  ---
  duration_ms: 394.055
  type: 'test'
  ...
# Subtest: fullscreen normal geometry is positioned outside fullscreen before that native state is restored
ok 1589 - fullscreen normal geometry is positioned outside fullscreen before that native state is restored
  ---
  duration_ms: 297.5163
  type: 'test'
  ...
# Subtest: restored minimized native dimensions are read again before explicit rehome
ok 1590 - restored minimized native dimensions are read again before explicit rehome
  ---
  duration_ms: 297.6071
  type: 'test'
  ...
# Subtest: native placement completes in a later turn before maximize can cache the new normal bounds
ok 1591 - native placement completes in a later turn before maximize can cache the new normal bounds
  ---
  duration_ms: 299.4239
  type: 'test'
  ...
# Subtest: later native frame replacement cancels a captured target before geometry mutation
ok 1592 - later native frame replacement cancels a captured target before geometry mutation
  ---
  duration_ms: 199.0766
  type: 'test'
  ...
# Subtest: concurrent explicit recovery is refused rather than interleaved into native state transitions
ok 1593 - concurrent explicit recovery is refused rather than interleaved into native state transitions
  ---
  duration_ms: 296.5732
  type: 'test'
  ...
# Subtest: native bounds failure conditionally restores fullscreen while reporting incomplete recovery
ok 1594 - native bounds failure conditionally restores fullscreen while reporting incomplete recovery
  ---
  duration_ms: 231.2383
  type: 'test'
  ...
# Subtest: Lock during a native await never restores fullscreen or reveals a retired handle
ok 1595 - Lock during a native await never restores fullscreen or reveals a retired handle
  ---
  duration_ms: 214.9812
  type: 'test'
  ...
# Subtest: request origin is captured before scheduling and a replaced originating frame cancels the whole operation
ok 1596 - request origin is captured before scheduling and a replaced originating frame cancels the whole operation
  ---
  duration_ms: 0.466
  type: 'test'
  ...
# Subtest: controller disposal cancels queued recovery without native mutations or new requests
ok 1597 - controller disposal cancels queued recovery without native mutations or new requests
  ---
  duration_ms: 0.3612
  type: 'test'
  ...
# Subtest: superseded display recovery cancels the old result and completes one coalesced latest-workArea operation
ok 1598 - superseded display recovery cancels the old result and completes one coalesced latest-workArea operation
  ---
  duration_ms: 298.7344
  type: 'test'
  ...
# Subtest: origin retirement during native completion cancels all remaining mutations and main focus
ok 1599 - origin retirement during native completion cancels all remaining mutations and main focus
  ---
  duration_ms: 49.7942
  type: 'test'
  ...
# Subtest: dispose during native completion prevents restoration, following target moves and focus
ok 1600 - dispose during native completion prevents restoration, following target moves and focus
  ---
  duration_ms: 51.7493
  type: 'test'
  ...
# Subtest: disposing a queued coalesced completion resolves false without leaving a pending listener or moving targets
ok 1601 - disposing a queued coalesced completion resolves false without leaving a pending listener or moving targets
  ---
  duration_ms: 0.4427
  type: 'test'
  ...
# Subtest: native captured callers cannot be cloned and retire on frame epoch or permission changes
ok 1602 - native captured callers cannot be cloned and retire on frame epoch or permission changes
  ---
  duration_ms: 2.4359
  type: 'test'
  ...
# Subtest: captured same-URL frame is retired when native main frame identity changes
ok 1603 - captured same-URL frame is retired when native main frame identity changes
  ---
  duration_ms: 0.7521
  type: 'test'
  ...
# Subtest: a pinned native workspace stays locked without a data grant and explicitly rebinds a new epoch after reload
ok 1604 - a pinned native workspace stays locked without a data grant and explicitly rebinds a new epoch after reload
  ---
  duration_ms: 1.11
  type: 'test'
  ...
# Subtest: workspace-preserving Lock revokes every grant and destroys minimized satellites before any new activation
ok 1605 - workspace-preserving Lock revokes every grant and destroys minimized satellites before any new activation
  ---
  duration_ms: 0.7509
  type: 'test'
  ...
# Subtest: modern native navigation details revoke a satellite and trusted discard bypasses canceled close
ok 1606 - modern native navigation details revoke a satellite and trusted discard bypasses canceled close
  ---
  duration_ms: 0.8007
  type: 'test'
  ...
# Subtest: an in-flight workspace factory cannot become a second owner after native binding
ok 1607 - an in-flight workspace factory cannot become a second owner after native binding
  ---
  duration_ms: 0.4235
  type: 'test'
  ...
# Subtest: pinned inactive native owner identities cannot be reused by a factory or new binding
ok 1608 - pinned inactive native owner identities cannot be reused by a factory or new binding
  ---
  duration_ms: 0.6939
  type: 'test'
  ...
# Subtest: workspace preservation cannot forgive a prior failed native destruction
ok 1609 - workspace preservation cannot forgive a prior failed native destruction
  ---
  duration_ms: 0.5871
  type: 'test'
  ...
# Subtest: opens distinct native views with trusted project scope and serializable records
ok 1610 - opens distinct native views with trusted project scope and serializable records
  ---
  duration_ms: 0.7731
  type: 'test'
  ...
# Subtest: refuses forged scope, unsupported roles and malformed versions before creating a window
ok 1611 - refuses forged scope, unsupported roles and malformed versions before creating a window
  ---
  duration_ms: 0.4817
  type: 'test'
  ...
# Subtest: refuses cross-project entities and absent or malformed native authorization
ok 1612 - refuses cross-project entities and absent or malformed native authorization
  ---
  duration_ms: 0.338
  type: 'test'
  ...
# Subtest: locked and readonly write authorization cannot create data windows
ok 1613 - locked and readonly write authorization cannot create data windows
  ---
  duration_ms: 0.2254
  type: 'test'
  ...
# Subtest: readonly and recovery read authorization admits eligible views without overriding safety
ok 1614 - readonly and recovery read authorization admits eligible views without overriding safety
  ---
  duration_ms: 0.1884
  type: 'test'
  ...
# Subtest: workspace scope permits no entity while audience requires presentation authorization
ok 1615 - workspace scope permits no entity while audience requires presentation authorization
  ---
  duration_ms: 0.2655
  type: 'test'
  ...
# Subtest: caller derives its grant from registered native objects and ignores forged payload identity
ok 1616 - caller derives its grant from registered native objects and ignores forged payload identity
  ---
  duration_ms: 0.2135
  type: 'test'
  ...
# Subtest: same URL and numeric renderer ID never grant an unregistered sender native object
ok 1617 - same URL and numeric renderer ID never grant an unregistered sender native object
  ---
  duration_ms: 0.1821
  type: 'test'
  ...
# Subtest: subframes and role, query or fragment URL substitutions never authorize IPC
ok 1618 - subframes and role, query or fragment URL substitutions never authorize IPC
  ---
  duration_ms: 0.241
  type: 'test'
  ...
# Subtest: live caller authorization refuses closed, destroyed or native ID replacement
ok 1619 - live caller authorization refuses closed, destroyed or native ID replacement
  ---
  duration_ms: 0.3322
  type: 'test'
  ...
# Subtest: caller revalidates trusted current project, entity ownership, mode and access
ok 1620 - caller revalidates trusted current project, entity ownership, mode and access
  ---
  duration_ms: 0.4045
  type: 'test'
  ...
# Subtest: entity grants are isolated immutable snapshots and audience receives no source IDs
ok 1621 - entity grants are isolated immutable snapshots and audience receives no source IDs
  ---
  duration_ms: 0.2768
  type: 'test'
  ...
# Subtest: authorization exceptions and asynchronous policy never grant renderer access
ok 1622 - authorization exceptions and asynchronous policy never grant renderer access
  ---
  duration_ms: 0.2212
  type: 'test'
  ...
# Subtest: focus restores a minimized native view and closing one view preserves the others
ok 1623 - focus restores a minimized native view and closing one view preserves the others
  ---
  duration_ms: 0.5628
  type: 'test'
  ...
# Subtest: cancelled native close retains the registered view and its grant
ok 1624 - cancelled native close retains the registered view and its grant
  ---
  duration_ms: 0.3265
  type: 'test'
  ...
# Subtest: native close waits for actual asynchronous destruction without revoking a retained grant early
ok 1625 - native close waits for actual asynchronous destruction without revoking a retained grant early
  ---
  duration_ms: 0.2886
  type: 'test'
  ...
# Subtest: a pending close has a bounded deadline and keeps a canceled or unresponsive native view intact
ok 1626 - a pending close has a bounded deadline and keeps a canceled or unresponsive native view intact
  ---
  duration_ms: 16.2095
  type: 'test'
  ...
# Subtest: native destruction, crash and main navigation permanently revoke the renderer grant
ok 1627 - native destruction, crash and main navigation permanently revoke the renderer grant
  ---
  duration_ms: 0.4246
  type: 'test'
  ...
# Subtest: subframe navigation cannot revoke the unrelated main-frame view
ok 1628 - subframe navigation cannot revoke the unrelated main-frame view
  ---
  duration_ms: 0.1183
  type: 'test'
  ...
# Subtest: epoch invalidation destroys minimized and audience views and locked policy blocks new grants
ok 1629 - epoch invalidation destroys minimized and audience views and locked policy blocks new grants
  ---
  duration_ms: 0.2558
  type: 'test'
  ...
# Subtest: pending creation cannot publish after epoch invalidation or a native policy change
ok 1630 - pending creation cannot publish after epoch invalidation or a native policy change
  ---
  duration_ms: 0.4552
  type: 'test'
  ...
# Subtest: a destroyed or reused factory renderer cannot acquire a second view grant
ok 1631 - a destroyed or reused factory renderer cannot acquire a second view grant
  ---
  duration_ms: 0.2251
  type: 'test'
  ...
# Subtest: returned view records cannot mutate registry role, epoch or lifecycle state
ok 1632 - returned view records cannot mutate registry role, epoch or lifecycle state
  ---
  duration_ms: 0.1573
  type: 'test'
  ...
# Subtest: a replacement main-frame object at the same URL cannot inherit a prior grant
ok 1633 - a replacement main-frame object at the same URL cannot inherit a prior grant
  ---
  duration_ms: 0.0742
  type: 'test'
  ...
# Subtest: factory identity collisions reject the new view without destroying an existing renderer
ok 1634 - factory identity collisions reject the new view without destroying an existing renderer
  ---
  duration_ms: 0.2584
  type: 'test'
  ...
# Subtest: failed epoch destruction revokes every grant and blocks new windows until destruction completes
ok 1635 - failed epoch destruction revokes every grant and blocks new windows until destruction completes
  ---
  duration_ms: 0.2451
  type: 'test'
  ...
# Subtest: sparse trusted entity lists and malformed native windows fail closed without publishing
ok 1636 - sparse trusted entity lists and malformed native windows fail closed without publishing
  ---
  duration_ms: 0.2282
  type: 'test'
  ...
# Subtest: a failed stale factory disposal is retained for epoch retry and never gains a grant
ok 1637 - a failed stale factory disposal is retained for epoch retry and never gains a grant
  ---
  duration_ms: 0.3363
  type: 'test'
  ...
# Subtest: navigation destruction failure revokes synchronously and prevents new grants until retry
ok 1638 - navigation destruction failure revokes synchronously and prevents new grants until retry
  ---
  duration_ms: 0.2861
  type: 'test'
  ...
# Subtest: a pending factory cannot publish after another view fails navigation destruction
ok 1639 - a pending factory cannot publish after another view fails navigation destruction
  ---
  duration_ms: 0.2676
  type: 'test'
  ...
# Subtest: registry exposes a private immutable roster fence
ok 1640 - registry exposes a private immutable roster fence
  ---
  duration_ms: 254.9771
  type: 'test'
  ...
# Subtest: roster captures every real minimized frame and refuses cloned proofs or new opens
ok 1641 - roster captures every real minimized frame and refuses cloned proofs or new opens
  ---
  duration_ms: 249.179
  type: 'test'
  ...
# Subtest: a pre-fence pending factory cannot join even after the fence is released
ok 1642 - a pre-fence pending factory cannot join even after the fence is released
  ---
  duration_ms: 391.4119
  type: 'test'
  ...
# Subtest: retirement, policy change, same URL frame replacement and epoch changes invalidate the roster
ok 1643 - retirement, policy change, same URL frame replacement and epoch changes invalidate the roster
  ---
  duration_ms: 988.8045
  type: 'test'
  ...
# Subtest: native source receipt reconciliation exists
ok 1644 - native source receipt reconciliation exists
  ---
  duration_ms: 0.1597
  type: 'test'
  ...
# Subtest: an older per-view commit does not represent the final shared source draft
ok 1645 - an older per-view commit does not represent the final shared source draft
  ---
  duration_ms: 370.8788
  type: 'test'
  ...
# Subtest: two native commits reconcile to the genuinely latest shared selected version
ok 1646 - two native commits reconcile to the genuinely latest shared selected version
  ---
  duration_ms: 476.1799
  type: 'test'
  ...
# Subtest: old-only, forged commit, cross-project and failed receipts cannot establish latest persistence
ok 1647 - old-only, forged commit, cross-project and failed receipts cannot establish latest persistence
  ---
  duration_ms: 441.0925
  type: 'test'
  ...
# Subtest: reconciliation refuses live allowances and guards its asynchronous proof reads
ok 1648 - reconciliation refuses live allowances and guards its asynchronous proof reads
  ---
  duration_ms: 269.4808
  type: 'test'
  ...
# Subtest: empty receipts or a missing Code entity cannot establish complete roster persistence
ok 1649 - empty receipts or a missing Code entity cannot establish complete roster persistence
  ---
  duration_ms: 427.4865
  type: 'test'
  ...
# Subtest: native source barrier exists
ok 1650 - native source barrier exists
  ---
  duration_ms: 0.2376
  type: 'test'
  ...
# Subtest: every minimized Code view must flush before a native-only prepared proof can be issued
ok 1651 - every minimized Code view must flush before a native-only prepared proof can be issued
  ---
  duration_ms: 369.7125
  type: 'test'
  ...
# Subtest: one failed or throwing view cannot produce a clean close and remains honestly fenced
ok 1652 - one failed or throwing view cannot produce a clean close and remains honestly fenced
  ---
  duration_ms: 545.5124
  type: 'test'
  ...
# Subtest: Docs or workspace routes are explicitly refused until their domain barriers are admitted
ok 1653 - Docs or workspace routes are explicitly refused until their domain barriers are admitted
  ---
  duration_ms: 227.7409
  type: 'test'
  ...
# Subtest: retirement after view ACK but before final proof cannot become successful preparation
ok 1654 - retirement after view ACK but before final proof cannot become successful preparation
  ---
  duration_ms: 432.6485
  type: 'test'
  ...
# Subtest: resuming the owner or beginning another native allowance invalidates prepared authority
ok 1655 - resuming the owner or beginning another native allowance invalidates prepared authority
  ---
  duration_ms: 809.6335
  type: 'test'
  ...
# Subtest: overall deadline cancels outstanding preparation and delayed success cannot issue a proof
ok 1656 - overall deadline cancels outstanding preparation and delayed success cannot issue a proof
  ---
  duration_ms: 215.1093
  type: 'test'
  ...
# Subtest: shared shelf names only current owned native views and reports real minimized state without source reads
ok 1657 - shared shelf names only current owned native views and reports real minimized state without source reads
  ---
  duration_ms: 9.0892
  type: 'test'
  ...
# Subtest: title metadata cannot cross a retired grant, navigate a view or execute getters in IPC payloads
ok 1658 - title metadata cannot cross a retired grant, navigate a view or execute getters in IPC payloads
  ---
  duration_ms: 1.1485
  type: 'test'
  ...
# Subtest: Diagram docking retains its renderer and captured grant while refusing borrowed IDs and stale peers
ok 1659 - Diagram docking retains its renderer and captured grant while refusing borrowed IDs and stale peers
  ---
  duration_ms: 2.4239
  type: 'test'
  ...
# Subtest: two attached native views retain independent renderer draft/selection/history and only the selected one is visible
ok 1660 - two attached native views retain independent renderer draft/selection/history and only the selected one is visible
  ---
  duration_ms: 1.0676
  type: 'test'
  ...
# Subtest: a stale attached peer refuses a new attachment before changing native ownership or visibility
ok 1661 - a stale attached peer refuses a new attachment before changing native ownership or visibility
  ---
  duration_ms: 0.4579
  type: 'test'
  ...
# Subtest: release of a preparation roster and focusing an attached view catch up a host resize without reattachment
ok 1662 - release of a preparation roster and focusing an attached view catch up a host resize without reattachment
  ---
  duration_ms: 0.8801
  type: 'test'
  ...
# Subtest: returning to the main workspace hides attached pixels without navigating or discarding them
ok 1663 - returning to the main workspace hides attached pixels without navigating or discarding them
  ---
  duration_ms: 0.582
  type: 'test'
  ...
# Subtest: retired grants and a frozen writer roster refuse movement or activation before native changes
ok 1664 - retired grants and a frozen writer roster refuse movement or activation before native changes
  ---
  duration_ms: 0.8782
  type: 'test'
  ...
# Subtest: dock IPC derives actual caller identity and rejects borrowed IDs, getters, subframes and revoked grants
ok 1665 - dock IPC derives actual caller identity and rejects borrowed IDs, getters, subframes and revoked grants
  ---
  duration_ms: 0.9409
  type: 'test'
  ...
# Subtest: prepared same-project entry rotation retires only the old primary capture and preserves minimized satellites
ok 1666 - prepared same-project entry rotation retires only the old primary capture and preserves minimized satellites
  ---
  duration_ms: 7.9631
  type: 'test'
  ...
# Subtest: matching target URL is insufficient while the genuine native document is still loading
ok 1667 - matching target URL is insufficient while the genuine native document is still loading
  ---
  duration_ms: 1.0782
  type: 'test'
  ...
# Subtest: native barrier permits entry retirement only after real persisted preparation and holds writes until the fresh entry is complete
ok 1668 - native barrier permits entry retirement only after real persisted preparation and holds writes until the fresh entry is complete
  ---
  duration_ms: 320.0704
  type: 'test'
  ...
# Subtest: a failed load cannot lift the paused owner or reuse its old proof; disposal retires navigation authority without resuming writes
ok 1669 - a failed load cannot lift the paused owner or reuse its old proof; disposal retires navigation authority without resuming writes
  ---
  duration_ms: 406.6475
  type: 'test'
  ...
# Subtest: new native work, Lock or consumed roster after entry completion prevents the prepared transition from resuming the owner
ok 1670 - new native work, Lock or consumed roster after entry completion prevents the prepared transition from resuming the owner
  ---
  duration_ms: 847.1883
  type: 'test'
  ...
# Subtest: forged/stale roster, copied tickets and reused tickets cannot rotate or activate the bound workspace
ok 1671 - forged/stale roster, copied tickets and reused tickets cannot rotate or activate the bound workspace
  ---
  duration_ms: 0.5923
  type: 'test'
  ...
# Subtest: Lock, changed selected project, policy change and satellite loss refuse navigation completion without a fresh primary grant
ok 1672 - Lock, changed selected project, policy change and satellite loss refuse navigation completion without a fresh primary grant
  ---
  duration_ms: 0.9122
  type: 'test'
  ...
# Subtest: only the expected finite target can complete rotation; unexpected navigation remains fenced even after returning to it
ok 1673 - only the expected finite target can complete rotation; unexpected navigation remains fenced even after returning to it
  ---
  duration_ms: 0.3649
  type: 'test'
  ...
# Subtest: rotation validates native option descriptors before retiring any existing view
ok 1674 - rotation validates native option descriptors before retiring any existing view
  ---
  duration_ms: 0.2939
  type: 'test'
  ...
# Subtest: actual setupPin waits for native load before mutation or successful ACK
ok 1675 - actual setupPin waits for native load before mutation or successful ACK
  ---
  duration_ms: 2.88
  type: 'test'
  ...
# Subtest: actual unlockPin waits for native load before mutation or successful ACK
ok 1676 - actual unlockPin waits for native load before mutation or successful ACK
  ---
  duration_ms: 1.287
  type: 'test'
  ...
# Subtest: actual startup services refuse a new access transition while waiting and do not mutate on load failure
ok 1677 - actual startup services refuse a new access transition while waiting and do not mutate on load failure
  ---
  duration_ms: 2.2778
  type: 'test'
  ...
# Subtest: PIN side effects and acknowledgement wait for the native main-frame load boundary
ok 1678 - PIN side effects and acknowledgement wait for the native main-frame load boundary
  ---
  duration_ms: 2.7476
  type: 'test'
  ...
# Subtest: a loaded live workspace runs once without adding a delayed acknowledgement
ok 1679 - a loaded live workspace runs once without adding a delayed acknowledgement
  ---
  duration_ms: 0.2681
  type: 'test'
  ...
# Subtest: load failure, crash, destruction or navigation refuses before PIN mutation
ok 1680 - load failure, crash, destruction or navigation refuses before PIN mutation
  ---
  duration_ms: 1.0898
  type: 'test'
  ...
# Subtest: readiness deadline refuses without changing the PIN and removes listeners
ok 1681 - readiness deadline refuses without changing the PIN and removes listeners
  ---
  duration_ms: 10.3608
  type: 'test'
  ...
# Subtest: a main-frame recheck closes the event-subscription race and failed native identity refuses
ok 1682 - a main-frame recheck closes the event-subscription race and failed native identity refuses
  ---
  duration_ms: 0.6491
  type: 'test'
  ...
# Subtest: renderer loss or fresh navigation after finish but before continuation still refuses PIN mutation
ok 1683 - renderer loss or fresh navigation after finish but before continuation still refuses PIN mutation
  ---
  duration_ms: 0.3965
  type: 'test'
  ...
# Subtest: native did-finish-load can precede the end of main-frame loading; stop event completes the gate
ok 1684 - native did-finish-load can precede the end of main-frame loading; stop event completes the gate
  ---
  duration_ms: 0.2838
  type: 'test'
  ...
# Subtest: factory opts Code/Docs/Diagram into the same owned surface while presentation roles stay isolated
ok 1685 - factory opts Code/Docs/Diagram into the same owned surface while presentation roles stay isolated
  ---
  duration_ms: 4.8476
  type: 'test'
  ...
# Subtest: a failed surface load rejects only after actual renderer and shell cleanup
ok 1686 - a failed surface load rejects only after actual renderer and shell cleanup
  ---
  duration_ms: 1.0283
  type: 'test'
  ...
# Subtest: a failed unregistered surface cleanup preserves the concrete owned handle on its refusal
ok 1687 - a failed unregistered surface cleanup preserves the concrete owned handle on its refusal
  ---
  duration_ms: 21.6153
  type: 'test'
  ...
# Subtest: synchronous epoch retirement refuses confirmation while a surface renderer survives
ok 1688 - synchronous epoch retirement refuses confirmation while a surface renderer survives
  ---
  duration_ms: 5.2734
  type: 'test'
  ...
# Subtest: a factory error cannot dispose a previously admitted surface using a reused native handle
ok 1689 - a factory error cannot dispose a previously admitted surface using a reused native handle
  ---
  duration_ms: 0.9967
  type: 'test'
  ...
# Subtest: async epoch retirement fences before awaiting and confirms only contents plus shell destruction
ok 1690 - async epoch retirement fences before awaiting and confirms only contents plus shell destruction
  ---
  duration_ms: 0.535
  type: 'test'
  ...
# Subtest: async trusted discard retires one surface without renewing another primary grant
ok 1691 - async trusted discard retires one surface without renewing another primary grant
  ---
  duration_ms: 0.6523
  type: 'test'
  ...
# Subtest: timed out async retirement retains its fence and a later actual close can recover it
ok 1692 - timed out async retirement retains its fence and a later actual close can recover it
  ---
  duration_ms: 15.7088
  type: 'test'
  ...
# Subtest: self-close waits for contents destruction before issuing its one-use native proof
ok 1693 - self-close waits for contents destruction before issuing its one-use native proof
  ---
  duration_ms: 1.0952
  type: 'test'
  ...
# Subtest: an older async retirement cannot confirm a newer epoch as its own
ok 1694 - an older async retirement cannot confirm a newer epoch as its own
  ---
  duration_ms: 0.7174
  type: 'test'
  ...
# Subtest: external shell closure retains its surviving renderer and fences retirement/admission through timeout
ok 1695 - external shell closure retains its surviving renderer and fences retirement/admission through timeout
  ---
  duration_ms: 16.0126
  type: 'test'
  ...
# Subtest: external renderer closure cannot forget a native shell that refuses destruction
ok 1696 - external renderer closure cannot forget a native shell that refuses destruction
  ---
  duration_ms: 0.8797
  type: 'test'
  ...
# Subtest: surface initialization failure retains unadmitted native handles when cleanup cannot be confirmed
ok 1697 - surface initialization failure retains unadmitted native handles when cleanup cannot be confirmed
  ---
  duration_ms: 32.4751
  type: 'test'
  ...
# Subtest: attach/detach moves one native view with the same contents/frame and restores focus
ok 1698 - attach/detach moves one native view with the same contents/frame and restores focus
  ---
  duration_ms: 3.5554
  type: 'test'
  ...
# Subtest: retired authority cannot attach, detach, resize or focus a surface
ok 1699 - retired authority cannot attach, detach, resize or focus a surface
  ---
  duration_ms: 0.4277
  type: 'test'
  ...
# Subtest: focus restores an authorized minimized native parent before measuring its zero-sized content viewport
ok 1700 - focus restores an authorized minimized native parent before measuring its zero-sized content viewport
  ---
  duration_ms: 0.3061
  type: 'test'
  ...
# Subtest: replacement native frame makes transfer authority stale
ok 1701 - replacement native frame makes transfer authority stale
  ---
  duration_ms: 0.2261
  type: 'test'
  ...
# Subtest: a destroyed host or contents cannot receive a view
ok 1702 - a destroyed host or contents cannot receive a view
  ---
  duration_ms: 0.3172
  type: 'test'
  ...
# Subtest: unsafe or undersized viewport refuses movement before native ownership changes
ok 1703 - unsafe or undersized viewport refuses movement before native ownership changes
  ---
  duration_ms: 0.3201
  type: 'test'
  ...
# Subtest: dispose hides/removes sensitive view immediately but waits for actual contents destruction
ok 1704 - dispose hides/removes sensitive view immediately but waits for actual contents destruction
  ---
  duration_ms: 1.0636
  type: 'test'
  ...
# Subtest: concurrent disposal requests share one contents close and one confirmation
ok 1705 - concurrent disposal requests share one contents close and one confirmation
  ---
  duration_ms: 0.3375
  type: 'test'
  ...
# Subtest: timeout retains actual handles, refuses success and permits a later confirmed disposal
ok 1706 - timeout retains actual handles, refuses success and permits a later confirmed disposal
  ---
  duration_ms: 16.387
  type: 'test'
  ...
# Subtest: native close exception keeps handles fenced and can never confirm cleanup
ok 1707 - native close exception keeps handles fenced and can never confirm cleanup
  ---
  duration_ms: 0.4352
  type: 'test'
  ...
# Subtest: a shell closed outside the controller also removes its view and closes the renderer
ok 1708 - a shell closed outside the controller also removes its view and closes the renderer
  ---
  duration_ms: 0.2995
  type: 'test'
  ...
# Subtest: failed native reparenting is hidden and fenced rather than reported as attached
ok 1709 - failed native reparenting is hidden and fenced rather than reported as attached
  ---
  duration_ms: 0.3474
  type: 'test'
  ...
# Subtest: secure preferences cannot be relaxed by the surface options
ok 1710 - secure preferences cannot be relaxed by the surface options
  ---
  duration_ms: 0.252
  type: 'test'
  ...
# Subtest: external renderer destruction conceals its attached view and closes the empty shell
ok 1711 - external renderer destruction conceals its attached view and closes the empty shell
  ---
  duration_ms: 0.0984
  type: 'test'
  ...
# Subtest: host destruction disposes the attached view rather than stranding its hidden shell
ok 1712 - host destruction disposes the attached view rather than stranding its hidden shell
  ---
  duration_ms: 0.1109
  type: 'test'
  ...
# Subtest: a failed view constructor cannot leave a native shell alive
ok 1713 - a failed view constructor cannot leave a native shell alive
  ---
  duration_ms: 0.1655
  type: 'test'
  ...
1..1713
# tests 1732
# suites 0
# pass 1732
# fail 0
# cancelled 0
# skipped 0
# todo 0
# duration_ms 187704.1951
