✔ main service revalidates account binding, expiry, started-work permission and logout without browser/token exposure (18.076ms)
✔ failed protected persistence does not secretly activate memory credentials after reporting login failure (5.4389ms)
✔ unconfigured production login returns a precise unavailable result and does not open a system browser (1.6084ms)
✔ validated login waits for old-account persistence before replacing credentials and permissions (3.7007ms)
✔ a delayed old-account timestamp write cannot undo login (91.743ms)
✔ a delayed old-account timestamp write cannot undo logout (95.9401ms)
✔ signed offline activation lasts exactly 30 days and stops at the expiry boundary (18.0287ms)
✔ wrong signature, installation, key or product never grants activation; overlong permits are refused (5.7858ms)
✔ clock rollback beyond five minutes requires online revalidation while retaining owned-data recovery (2.2913ms)
✔ unavailable OS-protected storage keeps credentials in memory and creates no plaintext file (7.4535ms)
✔ actual original same and changed native restore retains an open menu and the original palette lifecycle (40.2881ms)
✔ appearance staging cleanup removes only this uncommitted file, with generic atomic defaults unchanged (125.1679ms)
✔ transient replace refusal reuses one flushed file and commits exact appearance on the second attempt (40.234ms)
✔ persistent replace refusal has three attempts, bounded delays, finite diagnostics and intact old bytes (56.1044ms)
✔ retirement or Lock during an inter-attempt delay prevents a subsequent rename (86.8695ms)
✔ phase-hook refusals and unexpected rename errors are not retried (180.9093ms)
✔ failure after committed rename is not replayed or described as retaining previous bytes (86.6331ms)
✔ durable readback mismatch refuses after one committed rename without deleting the target (103.3307ms)
✔ target ownership changed during retry is refused before a second rename (99.5361ms)
✔ generic atomic replacement still attempts once, and unsafe cleanup never masks the original failure (113.5664ms)
✔ root-serialized appearance writes keep a later choice behind a bounded EBUSY retry (124.1247ms)
✔ real private-shell store transaction loses captured authority during retry and cannot commit (75.5339ms)
✔ actual Windows denied Delete-sharing handle is released after a genuine rename EPERM, then production commit succeeds (878.7928ms)
✔ a delayed appearance read cannot overwrite a newer user choice (4.8926ms)
✔ overlapping theme writes defer polling and obsolete errors until the latest choice settles (1.9214ms)
✔ a pending or refused theme choice cannot manufacture native appearance admission (1.9458ms)
✔ original named themes retain their exact chrome colours without importing resources (1190.8066ms)
✔ native appearance carries original angular, rounded and glow metrics through the packed shell (2620.2423ms)
✔ appearance persists atomically, refuses stale writers and preserves corrupt records (136.1197ms)
✔ private shell refuses Audience, forged fields and callers retired during an await (0.6511ms)
✔ shared asset insertion preserves closing-body literals inside renderer libraries (1155.3219ms)
✔ shared stylesheet insertion preserves closing-head literals inside head libraries and CSP hashes (1344.1255ms)
✔ corrupt appearance falls back without hiding navigation or overwriting the original record (0.5281ms)
✔ classic appearance bridge synchronizes every original theme route without autosaving a visual preference (1.4743ms)
✔ accepted native appearance survives a later legacy startup theme and user selection can replace the owner (1.1962ms)
✔ failed preference writes preserve finite native diagnostics without exposing paths or changing refusal (111.7907ms)
✔ confirmed desktop close selects matching real draft/clean flag, not merely a separate recovery checkpoint (443.571ms)
✔ refused workspace close cannot mark clean exit or replace a recoverable draft (45.5359ms)
✔ close retains a larger recovery-only workspace instead of deleting its extra diagram (332.488ms)
✔ an acknowledged selected workspace retains the complete draft even when separate recovery-only requests refuse (383.4928ms)
✔ a final selected-workspace refusal cannot be hidden by acknowledged recovery-only checkpoints (379.8548ms)
✔ cancelled native transition selects a running marker without retaining a false clean-exit flag (523.314ms)
✔ repeated acknowledged close without edits preserves the complete selected snapshot and recovery timestamp (532.6456ms)
✔ unchanged-close deduplication still commits changed view settings and private recovery data (742.5199ms)
✔ repeated close after an intentional draft shrink preserves the complete already-confirmed smaller snapshot (717.4302ms)
✔ close drains a newer queued save and acknowledges its exact bytes instead of rejecting supersession (5.3602ms)
✔ close waits for a newer workspace receipt queued during private recovery flush (confirmed) (2.4949ms)
✔ close waits for a newer workspace receipt queued during private recovery flush (failed) (1.3951ms)
✔ close refuses a newer failed receipt even if its own earlier save succeeded (1.9721ms)
✔ unchanged editor notifications cannot erase the completed Docs link result (15.5834ms)
✔ actual new draft metrics and new stored version replace old action feedback (0.9429ms)
✔ paused disposed and stale editor callbacks cannot publish or erase status (2.0326ms)
✔ finite shared commands preserve read-only, paused, saving and fenced mutation guards (1.1591ms)
✔ native target catalog returns only bounded matching row metadata and content CAS tokens (635.9994ms)
✔ unlinked Code lists selected-project documents as metadata only and creates through real native owner proof (980.7852ms)
✔ explicit native link proves the real source commit, preserves historical bytes and refuses stale Docs CAS (1275.7431ms)
✔ finite Code-only boundary rejects Docs, subframes, pinned versions, Lock, paused owner and readonly admission (846.7948ms)
✔ strict target request rejects inherited fields, getters, paths and over-budget offsets before mutation (761.4351ms)
✔ pagination is bounded to 64 metadata targets and oversized catalog refuses rather than truncates silently (1386.1702ms)
✔ new document catalog pages130 choices without private content and refuses forged new-row authority (934.7567ms)
✔ actual main mounts explicit Code/Docs channel, refuses readonly, refreshes selected native metadata only after a genuine manifest commit (1599.9344ms)
✔ satellite preload exposes only finite explicit link methods and never a Docs snapshot or transition nonce (6.7252ms)
✔ source-backed Code editor build exists (0.9074ms)
✔ editor bundle is local, deterministic, retains notices and uses the frozen patched Python grammar (1014.2494ms)
✔ trusted multiline beforeinput preserves blank LF at EOF as one ordinary undoable typed transaction (4.6427ms)
✔ composition, untrusted/noncancelable events, single-line input, paste and disabled/read-only editing retain their existing handlers (1.2109ms)
✔ normal selection replacement and multiple blank lines use exact state offsets and retain Unicode (0.6238ms)
✔ read-only toolbar focus retains selected range against delayed DOM selection after theme repaint (2.1699ms)
✔ pointer, keyboard, exact map navigation and writable selections remain available (0.7727ms)
✔ Code view lifecycle exists (0.5414ms)
✔ flushView freezes first and drains all accepted editor edits before the downstream client (1011.8702ms)
✔ failed flush retains optimistic text and cannot become a prepared or resumed view (238.6975ms)
✔ readonly view drains without a synthetic commit acknowledgement (329.4749ms)
✔ disposal while native work is pending never prepares a retired view (379.4113ms)
✔ a save observer admitting another edit cannot make incomplete local text look prepared (591.1896ms)
✔ Presenter edits only its own diagram; native Diagram plays only its exact saved version without transporting private content (576.0735ms)
✔ forged peer/deck routes, stale save proofs, Audience writes and readonly/Lock/pending retirement cannot open editable content (1189.1839ms)
✔ desktop module entry cannot start a delayed legacy tour, while manual and standalone tours remain available (2.3136ms)
✔ manual diagnostics are an allowlist with no project labels, source, account identity, path or credentials (1.4659ms)
✔ diagnostic leakage admission rejects planted fields and token-like text even under an allowed runtime field (0.838ms)
✔ CI executes native Diagram Inspector and filters and copied original harness, retaining bounded original receipts on failure (2.0562ms)
✔ CI rejects missing original execution, hidden copied failure or profile-wide evidence upload (3.3796ms)
✔ mounted Inspector pending fields refuse Save/history/source/Refresh/presentation and auto-refresh without dropping text (8.399ms)
✔ common prepare refuses pending Inspector while hiding content; rollback restores fields; source/error invalidation retires selection (3.3578ms)
✔ annotation module and metadata contract belong to native Diagram only; overlays preserve preview height (4.1348ms)
✔ new annotation controls occupy overlay chrome without adding another preview toolbar row (0.9476ms)
✔ overlay controls and form content keep their pointer/wheel gestures instead of canvas capture or zoom (2.7519ms)
✔ pending metadata survives repaint/invalidation/Lock rollback and guard never autoapplies (7.0918ms)
✔ Apply rejection retains exact invalid field and Cancel restores saved values (2.3915ms)
✔ readonly inspection does not delegate edits and unsupported imported values remain inert (1.5954ms)
✔ facets use exact Unicode values, AND across fields, OR within fields; reset preserves SVG and project (9.3254ms)
✔ projection uses numeric child paths, preserves source opacity, deduplicates nested unmatched groups (1.2694ms)
✔ unmatched semantic container with matching descendant is retained as context and reported (1.1322ms)
✔ target cap and eight-group cap are truthful, stale/disconnected groups cannot be edited (18.3418ms)
✔ toolbar pointerdown preserves active editor focus; pending selection/closing refuses (1.9549ms)
✔ local filters and selections isolate between controller instances and dispose removes only owned CSS (4.1499ms)
✔ excluded long semantic IDs and protected inline opacity are reported as partial coverage (2.4953ms)
✔ computed readback reports author-stylesheet precedence instead of claiming all unmatched groups dim (1.8073ms)
✔ a repaint captures the potentially large diagram once, not once per facet value (1.3824ms)
✔ unsupported retained managed fields are immutable while valid fields on the same node remain editable (1.6652ms)
✔ disabled retained overlength values have bounded previews without rewriting the saved value (1.2336ms)
✔ working context with another editor pending is not mislabelled read only (2.3764ms)
✔ native textarea type is getter-only; Evidence mounts and preserves multiline input (1.8775ms)
✔ actual style adapter cap discloses admitted coverage even when upstream already truncated 251 IDs (15.714ms)
✔ real Build controller selects rendered blocks, applies label/shape without automatic persistence and refuses stale fields (15.5606ms)
✔ tentative Add/Connect fields refuse Lock-style commit until explicitly applied or cancelled; new blocks retain original source (3.2078ms)
✔ Build edits actual block declarations and link endpoints without changing imported colours/frontmatter/comments or unselected nodes (16.3603ms)
✔ Build adds bounded new blocks/connections and direction, refuses collisions/unsupported diagram grammars and retains source (4.5999ms)
✔ append leaves FIFO before genuine working admission and leaves the origin grant/save intact (624.5902ms)
✔ same-operation concurrent requests and retry reuse one admitted window without reloading its draft (572.0237ms)
✔ Home empty entity grant may create, while Docs/Code and unknown methods cannot (637.2051ms)
✔ browse is bounded and allowed independently of creation; malformed options do not execute getters (406.6598ms)
✔ factory failure retains persistence and exact-operation retry opens it without another append (701.2386ms)
✔ later edited sibling opens current version while historical birth stays version one (874.152ms)
✔ deleted sibling is not resurrected or opened by historical operation replay (801.5502ms)
✔ suspended factory cannot publish a new window after pause and rollback (690.7433ms)
✔ suspended factory cannot publish a new window after roster and rollback (573.5271ms)
✔ suspended factory cannot publish a new window after dispose and rollback (572.3927ms)
✔ admission or show failure destroys only its newly opened native surface and retains creation (624.3458ms)
✔ failed destruction is reported and fences native operation instead of losing the handle (542.7642ms)
✔ native domain exposes a separate catalogue append method (1.2915ms)
✔ append preserves the complete storage envelope, source references and opaque existing marker keys (614.3436ms)
✔ append preserves the complete state envelope, source references and opaque existing marker keys (475.778ms)
✔ append preserves the complete direct envelope, source references and opaque existing marker keys (597.7426ms)
✔ B then C and exact retry append once each without overwriting markers or selecting old revisions (746.8895ms)
✔ creation replay after origin and new diagram edits keeps current versions and historical birth separate (914.9717ms)
✔ replay of deleted creation acknowledges history but never resurrects or advertises current availability (869.7234ms)
✔ changed operation reuse and a foreign existing edit operation refuse without UUID or mutation (582.7584ms)
✔ arbitrary payload/getter/prototype/unknown entry refuses before allocation or evaluation (501.3207ms)
✔ malformed or duplicate raw diagrams containers refuse without normalizing unrelated saved data (2089.6066ms)
✔ a missing diagrams field is an explicit empty project case; desktop missing-primary bags are refused (1532.3391ms)
✔ imported matching-operation marker is opaque and cannot prove creation or trigger a second append (605.8591ms)
✔ missing selected parent history refuses replay rather than duplicating an existing creation (758.6433ms)
✔ validation rejection, schema1 and revocation before native selection preserve exact selected bytes (1695.2099ms)
✔ recovery failure truthfully acknowledges committed data as recovery-degraded and exact replay (640.2418ms)
✔ append-only count ceiling accepts9999→10000 and refuses10000→10001 without lowering read compatibility (1193.8392ms)
✔ selected ancestry read can enforce a native-only retained-record budget before reading extra files (550.0652ms)
✔ Home catalogue assets have exact local SRI/CSP and do not enlarge the inline startup (114.1183ms)
✔ new local resources reject queries, hashes, encoding aliases, traversal and unrelated assets (28.5517ms)
✔ CI runs real catalogue controls in development and isolated copied preview, retaining only scoped evidence (1.7476ms)
✔ CI rejects omitted copied execution, swallowed failure and profile-wide upload (2.4673ms)
✔ focus capture is idempotent, restores selection before releasing and preserves mounted pending fields (3.6584ms)
✔ successful separate opening does not steal focus; lease retires on genuine window return (2.0259ms)
✔ context change, pause, disposal and hidden Lock cannot restore private content (2.9224ms)
✔ composition prevents acquisition before focus moves and disabled contexts cannot acquire (1.0113ms)
✔ genuine origin focus returning before the create response restores its field when success closes the catalogue (1.1832ms)
✔ actual main channel tracks the full append AND suspended admission; private flush cannot create (668.6549ms)
✔ actual preload.cjs exposes only finite catalogue browse/create and no flushing identity (3.9579ms)
✔ actual windows/preload.cjs exposes only finite catalogue browse/create and no flushing identity (2.6171ms)
✔ full main-derived birth marker is verified independently of legitimate later diagram edits (519.751ms)
✔ catalogue append is its own owner action and preserves a later origin save at its original version (763.1627ms)
✔ authentic empty-grant Home can append; Docs/Code/unadmitted Diagram and cloned grant cannot (462.2409ms)
✔ same-operation concurrent append requests serialize and create one retained entity (541.4885ms)
✔ a genuine private flush nonce never authorizes catalogue append (482.4251ms)
✔ a queued append cannot revive after pause/resume while an earlier operation is suspended (427.9793ms)
✔ an intervening roster freeze and release permanently revokes a suspended append (501.1961ms)
✔ captured admission guards reject forged captures and do not revive after roster rollback (495.9312ms)
✔ finite owner projection refuses an adapter answer with extra private fields or invalid birth/current versions (429.8193ms)
✔ catalogue action consumes the existing owner queue request/byte budgets (1099.2946ms)
✔ opening browses only a bounded page; selecting previews literal source without rendering, mutation or implicit creation (7.0632ms)
✔ opening moves keyboard focus to Cancel before loading; reopening an open catalogue does not steal an edited title focus (1.9575ms)
✔ creation sends only the selected entry, exact title and UUID; successful opening closes without restoring origin focus (2.6455ms)
✔ saved but unopened retains exact operation for deliberate retry and never reports that creation failed (1.8934ms)
✔ rejected and unsuccessful requests retain the exact operation, with no automatic retry (1.7209ms)
✔ changing selection or title after a failure creates a fresh operation, while repeated selection preserves it (2.7699ms)
✔ busy creation blocks duplicate sends, title edits, selection and paging without queuing future work (2.4922ms)
✔ paging replaces rows instead of accumulating sources; filters reset to the first page and show honest group labels (4.1824ms)
✔ read-only browsing explains creation restrictions and cannot send a forged click (1.6442ms)
✔ invalid title never mutates; blank resets to a useful selected title and overlong or malformed title is refused (1.8548ms)
✔ cancel invalidates pending replies and clears private source; a later open cannot be closed by the old mutation (1.9832ms)
✔ pause and dispose reject stale page responses, remove listeners, clear all private previews and never restore focus (1.7228ms)
✔ permission revocation rejects late mutation results and prevents new operations until root pauses or closes (1.6961ms)
✔ malformed or oversized pages and duplicate rows are refused before their contents reach the preview (6.4878ms)
✔ failed browsing remains retryable without exposing errors or automatically fetching again (1.5394ms)
✔ saved but unavailable is distinguished from failure and malformed success cannot navigate or close (4.1878ms)
✔ Escape cancels exactly once, repeated open adds no listeners or fetch and each view owns its private controls (3.0579ms)
✔ reopening after pause or cancel keeps a single host class and a bounded listener set (3.8171ms)
✔ reselecting an already saved entry retains its saved/open-failed explanation and exact retry (2.8474ms)
✔ editing a title during read-only browsing retains the read-only explanation (1.5559ms)
✔ all real frozen catalogue rows retain exact source and finite page behavior in the actual renderer controller (5.2279ms)
✔ trusted future catalogue additions enforce the actual newline budget in the shared factory (5.1755ms)
✔ catalogue exposes deeply frozen finite data with explicit reference provenance (0.9467ms)
✔ all literal catalogue sources match the frozen HTML exactly without executing it (43.8963ms)
✔ bounded catalogue pages retain exact ordered entries without omission or duplication (1.4922ms)
✔ starter/template filters use catalogue positions and independent finite cursors (0.6638ms)
✔ unknown, malformed, prototype-like and non-scalar IDs never resolve as catalogue entries (1.4914ms)
✔ page rejects unbounded or descriptor-backed options without running getters (0.6213ms)
✔ creation request retains literal Unicode title and operation identity without taking source authority (0.541ms)
✔ creation refuses extra authority, inheritance, getters and symbols without coercion (0.5923ms)
✔ creation validates finite title, operation identity and allowlisted entry without normalization (0.8177ms)
✔ capability notes distinguish source editing from semantic mouse authoring without claiming render evidence (0.6226ms)
✔ every advertised source fits honest immutable catalogue budgets (0.3663ms)
✔ browser injection uses the identical self-contained factory with inert literal sources (3.7695ms)
✔ source and style changes save as one exact typed transaction; no style edit can escape readonly/pending/conflict fences (10.3759ms)
✔ working Diagram sends source-only typed CAS and accepts only exact source/entity/version/hash receipts (6.3962ms)
✔ stale Diagram saves retain and fence local source; frozen validation refusal remains correctable without a blind fresh-version retry (3.3293ms)
✔ Diagram Lock waits its real pending save, rollback releases input state and a late refused receipt cannot clear local source (1.4517ms)
✔ a failed client hash check cannot report a successful save or silently permit a new operation after uncertain commit (1.3897ms)
✔ only a clean preparing Diagram may reread its exact newer native entity before flush; dirty conflicts retain their original source (4.8441ms)
✔ a queued same-diagram save between clean read and flush permits one read-only recapture, never a blind mutation retry (3.1098ms)
✔ native diagram engine carries exact pinned Mermaid/ELK scripts and notices without the full application startup (3479.2354ms)
✔ tampered frozen input cannot emit a native diagram engine or substitute an external-host build (13.5433ms)
✔ native Diagram builds only the frozen engines and selected view with exact CSP script identities (5383.083ms)
✔ isolated SVG entry freezes style and engine fragments with exact CSP hashes and no full application or preload startup (1815.6799ms)
✔ guided lease retains valid pending DOM/value/selection and restores before release (14.6346ms)
✔ guided lease retains invalid error and explicit prepare commit still refuses (4.4776ms)
✔ guided explicit commit applies exactly once while leased and retire never applies (4.517ms)
✔ guided changed context/source and disposed controller never restore old focus (8.3988ms)
✔ guided actual composition lifecycle refuses acquisition and commit until completion (3.7548ms)
✔ style lease retains valid pending DOM/value/selection and restores before release (3.5292ms)
✔ style lease retains invalid error and explicit prepare commit still refuses (4.1452ms)
✔ style explicit commit applies exactly once while leased and retire never applies (2.2958ms)
✔ style changed context/source and disposed controller never restore old focus (5.3692ms)
✔ style actual composition lifecycle refuses acquisition and commit until completion (2.4361ms)
✔ Guided choice change is suspended but explicit Escape cancels with no draft mutation (4.353ms)
✔ Style target and colour changes during lease cannot apply pending text or mutate colours (2.3382ms)
✔ disposed Guided field cannot apply retained private input through a late blur (2.3223ms)
✔ guided suspended private or disabled field refuses restoration without focus (6.2606ms)
✔ style suspended private or disabled field refuses restoration without focus (5.1818ms)
✔ Style repaint during external focus cannot replace live colour preview or field error DOM (2.0261ms)
✔ guided equal-source replacement cannot apply retained pending input after refused lease restoration (2.253ms)
✔ guided explicit commit and repaint refuse old private fields in equal-source replacement context (2.144ms)
✔ style equal-source replacement cannot apply retained pending input after refused lease restoration (1.7841ms)
✔ style explicit commit and repaint refuse old private fields in equal-source replacement context (1.8494ms)
✔ Guided blur applies once without stealing external control focus; keyboard and explicit commit return focus to the chip (19.3379ms)
✔ real Guided controller retains invalid, stale and refused fields across repaint/pause; Escape cancels without changing source (7.2932ms)
✔ actual Guided inline field commits once and preserves every other line; readonly never opens an editor (2.2322ms)
✔ actual Guided mounts at most 64 rows and keeps a tentative field when source notification tries to repaint (4.9819ms)
✔ frozen Guided parses flowchart chips/inline labels while preserving complete CRLF, frontmatter and unknown syntax (155.5729ms)
✔ Guided single-field edits preserve imported colour lines and unrelated labels and escape executable/literal input (142.928ms)
✔ other diagram grammars remain exact raw rows; long/ambiguous chains fall back and finite source budgets refuse (133.6535ms)
✔ Diagram history native and genuine copied-package regression run and retain bounded original receipts on failure (2.5283ms)
✔ Diagram history CI refuses missing copied execution/retention and profiles or exported data capture (4.8505ms)
✔ mounted Undo/Redo/History use actual bounded draft and refuse pending fields without discarding source (6.6189ms)
✔ semantic source Ctrl+Z/Shift+Z/Y respects focused fields, composition, modifiers and repeated keydown without browser divergence (1.9478ms)
✔ complete source/style history restores exact optional fields after Save using current CAS and preserves presentation edits (15.5821ms)
✔ typing coalesces within750ms, equal input creates no step, structured edits and Save seal typing, new input truncates redo (2.9028ms)
✔ 60state/8MiB UTF8 history evicts oldest states without truncating current work, oversized state clears undo safely (172.7525ms)
✔ readonly/pending/fenced/paused/disposed history commands cannot mutate; failed validation remains correctable (7.2711ms)
✔ new saved version adopted during preparing resets local history; same saved content retains it on rollback (3.86ms)
✔ CI runs real layout controls in development and isolated copied preview, retaining only scoped evidence (2.5049ms)
✔ CI rejects omitted copied execution, swallowed failure and profile-wide upload (4.6348ms)
✔ CI rejects omitted or duplicated utility execution and missing utility result retention (3.4732ms)
✔ actual common render adapter applies explicit fallback without mutating source colours or automatic defaults (9.2337ms)
✔ actual draft tracks layout in local history and saves it with exact source in one typed transaction (9.2201ms)
✔ native request boundary refuses unknown layout choices and typed history removal admits only the finite field (4.7842ms)
✔ native layout accepts only finite explicit choices and preserves unsupported imported values (1.2738ms)
✔ source layout and scoped renderer declarations own layout; comments, labels and palette do not (0.4639ms)
✔ automatic and unsupported grammars never force a different Mermaid default (0.1913ms)
✔ contract refuses descriptor tricks without running getter or mutating prototype (0.1764ms)
✔ metadata no-op and rejected fields preserve original absence, clean status and history (5.8335ms)
✔ one finite annotation delta is undoable while opaque source pointers and other nodes stay exact (4.6205ms)
✔ source/style/annotations save in one current CAS and Undo after Save restores optional metadata absence (11.4149ms)
✔ readonly/pending/fenced/paused/disposed annotation writes refuse and preserve local data (5.3941ms)
✔ annotation history observes existing state/byte budgets and equal updates do not create steps (8.9712ms)
✔ retained unsupported managed objects/scalars cannot be overwritten, cleared or reset; valid sibling fields stay editable (5.8138ms)
✔ production hidden helper refuses managed-field pointer replacement/removal without relaxing arbitrary invalid renderer input (4.6971ms)
✔ actual native owner refuses managed pointer/scalar loss and whole metadata reset even with permissive external validator (488.1976ms)
✔ draft refuses unsupported-field correction before it can create an unsavable historical state (4.124ms)
✔ actual isolated domain helper validates metadata deltas without the lossy general import sanitizer (9.9785ms)
✔ finite metadata edit preserves opaque nested source pointers and unrelated node data exactly (9.0006ms)
✔ strict field ceilings and status values reject overflow/coercion without partial mutation (3.3019ms)
✔ empty edits preserve optional absence and clearing deletes only managed keys (0.6655ms)
✔ prototype-name semantic IDs create own data without prototype writes (0.4677ms)
✔ untrusted descriptors, non-data input and malformed identities refuse without executing accessors (0.5712ms)
✔ bounded maps and exact Unicode values do not normalize retained data or silently widen budgets (37.9411ms)
✔ managed block typography validates with actual frozen sanitizer while preserving opaque sibling data exactly (2.4659ms)
✔ new node entries retain actual aggregate frozen admission and reject invalid empty node keys (13.5682ms)
✔ prototype-named nodes use own data for first style and deletion; sanitizer prototype writes never grant admission (0.4477ms)
✔ CI runs actual endpoint transport in development and copied preview with scoped evidence (2.0147ms)
✔ CI refuses a missing copy, swallowed native exit or profile-wide evidence (3.4015ms)
✔ pan applies the genuine release endpoint even without an intervening pointermove (11.4627ms)
✔ pan release consumes its final endpoint after an earlier coalesced move and does not drift on a click (2.6098ms)
✔ foreign pointer release/cancel/lost-capture cannot terminate the owning pan (7.3872ms)
✔ matching cancellation/lost-capture ends the pan without applying an invented release endpoint (4.9963ms)
✔ private prepare retires pan before a late release and later rollback does not restore a drag (3.2862ms)
✔ actual Diagram controller waits for its native placement before reading or exposing content (11.1901ms)
✔ foreign or invalid shelf placement never admits Diagram source readiness (5.7562ms)
✔ placement arriving during pause or after retirement cannot start a source read (6.1037ms)
✔ actual Diagram preload has finite editor commands, private draining nonce and strictly numeric metadata notifications (9.7095ms)
✔ Mermaid/style and finite deck edits form one exact save preserving opaque cards and private notes (12.2164ms)
✔ deck mutations cannot escape readonly, preparation, conflict or invalid-operation fences (6.8385ms)
✔ native Mermaid protects its security policy and finite renderer budgets from imported init directives (263.5078ms)
✔ edit-intent invalidation fences an old in-flight render before a debounced replacement starts (4.6447ms)
✔ fresh/local preview receives exact corresponding metadata without changing the saved context (0.8762ms)
✔ working Diagram previews local source without rereading or changing its saved context, and Lock fences late local SVG (0.9857ms)
✔ native Diagram retains exact imported source and preserves it when Mermaid rejects syntax (0.9325ms)
✔ Lock fences pending SVG and reads; rollback permits a fresh render without publishing private late results (7.4102ms)
✔ competing refreshes publish only the newest read and disposal refuses all further access (1.3511ms)
✔ layout control uses explicit finite local choices and leaves pending invalid style fields intact (13.9445ms)
✔ layout picker explains source ownership and unsupported types without overriding saved data (4.2685ms)
✔ pending style fields survive source repaint; invalid font size cannot be lost, saved or flushed; Escape cancels it (1.8799ms)
✔ readonly and source-owned colours cannot be changed through the actual optional controller; stable B targets remain editable (3.4605ms)
✔ global and block typography edit without implicit Save; inheritance removes fields and retains colours/siblings (3.8861ms)
✔ invalid block size survives refused target switch; source-owned typography and readonly controls remain disabled (4.5963ms)
✔ changing an admitted font preserves existing opaque block metadata and refuses new or changed opaque fields (3.1938ms)
✔ absent global typography shows Theme default and stays absent until explicitly edited (2.1162ms)
✔ source global font ownership disables controls even when no stable block targets exist (1.7144ms)
✔ an inherited block size without metadata stays blank until the user explicitly enables a size (3.9692ms)
✔ surface provenance keeps exact source hex colours and refuses invalid CSS or contextual/resource values (16.7394ms)
✔ frozen Mermaid-resolved provenance preserves declared colours, paints only exact matching blocks and retains class/own precedence (3.9517ms)
✔ imported theme palettes and font declarations stay in Mermaid control; unrendered/unsafe metadata never creates targets or CSS (3.1309ms)
✔ strict Mermaid render prefixes map by exact DB DOM identity; near matches never receive another block style (1.5912ms)
✔ source node and global weight declarations prevent global/root and block typography overrides (2.6384ms)
✔ actual extracted Mermaid node CSS provenance identifies family/size/weight and keeps its rendered text untouched (1.5706ms)
✔ isolated SVG utility denies preload, privileges, navigation/network and joins actual native destruction (19.0214ms)
✔ wrong bytes, revoked scope or oversized native input create no utility (47.0213ms)
✔ changed entry or substituted frame refuses SVG publication and destroys utility (54.9031ms)
✔ cancel/deadline reject late work and private/oversized output cannot become an SVG receipt (85.913ms)
✔ successful SVG render waits for separate webContents destruction (38.314ms)
✔ CI executes native Diagram walkthrough and copied original harness, retaining bounded original receipts on failure (2.1935ms)
✔ CI rejects missing original execution, hidden copied failure or profile-wide evidence upload (3.6872ms)
✔ real native controller mounts readonly-safe browsing and retires target authority at every edit intent (15.0432ms)
✔ Refresh retires before placement resolves; common prepare/disposal clear browsing before async work (4.9812ms)
✔ walkthrough asset is scoped to native Diagram, decoration stays outside SVG and uses shared theme (8.4619ms)
✔ semantic multi-group nodes count once, traverse locally and never mutate SVG/source fields (4.011ms)
✔ admission, captions and geometry are bounded and disconnected or foreign groups are refused (4.9523ms)
✔ invalidated, paused, hidden and disposed views cannot navigate or revive stale targets (1.4308ms)
✔ only focused walkthrough controls own navigation keys; editor/composition/modifiers remain untouched (1.5918ms)
✔ overlay follows actual viewport scaling and geometry without changing node attributes (1.1564ms)
✔ pointer browsing preserves focused valid pending form input instead of causing blur-change commits (1.2337ms)
✔ actual SVG outer rows preserve wrapped Unicode words and inline spans remain a single word (1.8097ms)
✔ 250-entry caption discloses the shown set rather than claiming the full diagram count (2.237ms)
✔ CI runs actual Docs Activity in development and genuine copied package with bounded failure evidence (2.2014ms)
✔ CI rejects missing copied Activity, swallowed exit and profile-wide upload (3.646ms)
✔ Activity compares an explicit saved or working target and reveals lazy editor blocks without repaint or save (30.1466ms)
✔ verified Save replaces Activity saved context once and keeps archived records exact (27.1761ms)
✔ save conflict retains original saved Activity context and exact unsaved editor content (23.3152ms)
✔ Lock preparation pauses Activity and verified flush updates its context on resume (24.6751ms)
✔ readonly Docs exposes Activity and exact reader jump without granting working comparison or writes (9.2715ms)
✔ actual Activity regains saved admission after pending Refresh is retired by preparation and rollback (8.726ms)
✔ compact readonly disclosure uses inert recorded rows and preserves mounted editor focus/selection (4.1518ms)
✔ comment filters retain original source positions and unsupported resolution is not open or resolved (2.7383ms)
✔ pagination advances original source cursor after bounded filtered scan and reports limits honestly (2.5757ms)
✔ exact block jump callback is readonly-safe; failure says refused and cannot mutate recorded data (7.8277ms)
✔ revision comparison explicitly selects saved or unsaved working target and paginates at most20 rows (4.6113ms)
✔ comparison refusal and malformed record containers expose explicit limited/unavailable state (4.2455ms)
✔ review and releases display recorded provenance without verified approval claims (1.5749ms)
✔ pause, context replacement, invalidation and disposal fence late comparison callbacks and clear private DOM (8.1425ms)
✔ disabled state refuses actions and dirty update invalidates a pending working comparison (2.2584ms)
✔ clean working comparison does not invent unsaved changes and native controls retain keyboard focus (2.602ms)
✔ one pending callback, throw/refusal and bounded excerpts never report a successful jump or equality (3.5832ms)
✔ comparison maximum512 rows stays paged20 and context replacement retires already-captured handlers (5.8304ms)
✔ detached old controls cannot act on a newly admitted document or a replaced local page (3.011ms)
✔ comments preserve original positions and require actual boolean resolution (5.4481ms)
✔ pagination scans a finite source range without claiming a filtered total (1.0281ms)
✔ all page output budgets are finite and inert with explicit scalar excerpts (1.4532ms)
✔ unsupported entry notices count toward the exact aggregate page budget (0.5348ms)
✔ malformed record containers and invalid options refuse rather than invent data (0.4492ms)
✔ revision rows retain exact positions and disclose complete comparison availability (0.4021ms)
✔ recorded review combines top-level file provenance, trail and releases without merging (0.4848ms)
✔ frozen review and release field names expose recorded details and fingerprints (0.5283ms)
✔ projection never invokes imported getters or coercion (0.6364ms)
✔ comparison is exact over formatting, opaque fields, images and source pointer values (1.9008ms)
✔ canonical key order is equal and reorder remains a real difference (0.7107ms)
✔ added removed and malicious valid identifiers retain exact identity (0.5601ms)
✔ invalid duplicate Unicode and absent identities never yield partial equality (0.5362ms)
✔ complete comparison refuses oversized blocks, bytes, nodes and depth (14.6855ms)
✔ complete comparison refuses accessors, cycles, non JSON values and container anomalies (0.6253ms)
✔ locate proves uniqueness within the whole finite range and never normalizes IDs (1.1411ms)
✔ browser injection uses the same finite model without runtime imports (3.2702ms)
✔ body and context share history and one exact save acknowledgement with preserved provenance (13.7259ms)
✔ returning context to original clears dirtiness; readonly and conflicting views cannot mutate or falsely save (6.3524ms)
✔ finite context changes retain unknown agent fields, review, releases, blocks and unsupported references (2.9311ms)
✔ whole saved references add and remove by exact kind/id, preserving unrelated opaque records (2.9561ms)
✔ context normalization rejects arbitrary approval, paths, extra nested fields, overlimits and accessors without invoking them (0.7113ms)
✔ ordinary Docs Save preserves Undo and Redo against the newly saved baseline (13.3148ms)
✔ local Docs history groups typing, preserves original blocks and metadata, and refuses paused or uncertain edits (3.2126ms)
✔ Docs history stays bounded for large content and resets when a clean view adopts an external saved document (21.2937ms)
✔ Docs rejects a well-shaped save receipt with the wrong complete entity hash and fences uncertain commit exceptions (3.2982ms)
✔ clean Docs preparation can recapture one concurrent saved document; dirty conflict never adopts someone else’s text or retries a mutation (3.1213ms)
✔ Docs draft changes only local title/blocks; explicit atomic save binds exact document/version and preserves metadata (2.5272ms)
✔ conflicting or fabricated Docs acknowledgement retains exact local text and does not invent saved success (3.8532ms)
✔ Docs finite prepare pauses input, saves unsaved content and flushes its actual latest token before success (2.2776ms)
✔ native rollback during a pending save releases the pause without admitting edits or dropping refused local text (2.5481ms)
✔ Docs native and genuine copied-package regression run and retain bounded original receipts on failure (2.4815ms)
✔ Docs CI refuses missing copied execution/retention and profiles or exported data capture (4.6315ms)
✔ actual Docs export main handler tracks the real promise and rejects all transition fences before invoking service (2.1413ms)
✔ actual all-window preparation pauses, drains and checks Docs exporter before issuing quiescence (2.6256ms)
✔ actual native retirement refuses uncertain Docs cleanup instead of proceeding to view destruction (1.4777ms)
✔ document export parser is shipped with exact existing runtime versions and actual license notices (1935.1877ms)
✔ actual native Docs export preload has only finite delivery/reveal and never borrows a private flush ticket (8.41ms)
✔ Docs export picker explains dirty saved-only semantics, cancels without IPC and submits only finite expected identity (8.1239ms)
✔ pending export is unique and prepare hides/joins it; late completion cannot restore receipt after resume (1.8073ms)
✔ stale/refused or malformed saved receipt never shows file or implies draft saved (3.4521ms)
✔ unready or disposed Docs refuses picker; disposal removes handlers and cached receipt (1.8404ms)
✔ Enter on Cancel or format selection never triggers a saved-document export (1.5797ms)
✔ raster inspection accepts a bounded PNG and rejects remote, executable, spoofed, corrupt and oversized inputs (1.003ms)
✔ image edits preserve opaque imported fields and refuse invalid changes atomically (1.5915ms)
✔ JPEG SOF dimensions reject decompression-sized rasters before assigning an image source (1.1537ms)
✔ a late decoded image cannot stage after Lock or overwrite a newer draft edit (9.173ms)
✔ a source-only document keeps its existing source outline instead of gaining an empty reading page (8.4145ms)
✔ exact jump beyond the first page appends blocks and keeps existing mounted content (3.6188ms)
✔ duplicate missing invalid and over-limit jumps refuse before mounting additional blocks (4.2887ms)
✔ source-only rendering stays empty until an explicit unknown-block jump creates a labelled anchor (1.3777ms)
✔ own Docs discovers bounded metadata only and opens only its exact saved reference/version (631.0636ms)
✔ references reject forged targets, stale versions, getters, private preparation and lock without opening peers (579.4112ms)
✔ pending reference discovery cannot publish after lock or current document replacement (660.1819ms)
✔ rich editing accepts inert formatting and original palette classes while preserving the original block until editing (9.0289ms)
✔ unsupported attributes, executable/resource HTML and oversized/deep rich blocks stay preserved rather than converted (4.9189ms)
✔ actual main opens a genuine saved Docs pointer in readonly Code, tracks lifecycle and rejects Lock without a window (936.4265ms)
✔ satellite preload exposes one finite Docs source opener without copying the private flush nonce (3.1018ms)
✔ Docs preview returns bounded exact historical source pages and disposes readers without opening or saving (1181.0167ms)
✔ Docs preview refuses malformed ranges, borrowed caller authority and payload getters before source reads (775.8874ms)
✔ Docs preview cannot publish text read before Lock and closes the genuine held reader (866.8383ms)
✔ Docs preview reserves a finite whole-operation budget and releases it after refused held requests (856.4666ms)
✔ Docs preview retains exact Unicode boundaries, empty EOF and refuses a changed document before publication (1129.7093ms)
✔ Docs opens only its genuine saved source version as a pinned immutable Code window, preserving newer head and project (935.9341ms)
✔ Docs opener rejects caller identity, getters, foreign frames/roles and private drain nonce before source access (721.6982ms)
✔ actual changed Docs or revoked native owner during source verification refuses opening and preserves both entities (914.3777ms)
✔ late document change while native window is prepared destroys only the new hidden Code window (906.4095ms)
✔ a duplicate knowledge row refuses a Code grant (1128.3182ms)
✔ manifest refuses unknown Docs pointers and forged hashes before source-opening admission (1582.1434ms)
✔ native source readback mismatch refuses window creation (777.3393ms)
✔ failed native publication destroys the new window and leaves existing work untouched (971.0911ms)
✔ structured table pages are lazy and bounded, literal edits retain off-page values, role and exact other blocks (26.7434ms)
✔ newly added sections retain their focused live input after the asynchronous details toggle (1.351ms)
✔ structured mutations refuse pending, paused, fenced, revoked and stale block controls; malformed text does not become a draft (1.4285ms)
✔ row and column changes keep exact rectangular shape, retained data and confirmation cancellation (3.1159ms)
✔ prompt controls edit literal documentation and preserve exact history and dates; checklist and settings remain bounded (6.4682ms)
✔ new structured sections have exact frozen canonical defaults, no source/agent/history authority and independent mutable payloads (1.4525ms)
✔ editable canonical shapes remain bounded and refuse opaque provenance rather than silently dropping it (1.706ms)
✔ JSON archive preserves exact saved data and actual CAS/hash with honest references-only metadata (3.9916ms)
✔ standalone HTML renders normal rich content, keeps exact archival appendix and has no active/external resources (14.5018ms)
✔ unsafe and unknown rich structures remain escaped preserved data without executing markup (10.7741ms)
✔ Markdown escapes table/fence controls and includes a complete indented JSON archive (1.7161ms)
✔ mismatched identity, malformed input, accessors, depth/node and read/output budgets refuse without coercion (1172.2638ms)
✔ complex rich blocks stop finite traversal and preserve full exact input in the appendix (67.2519ms)
✔ jagged tables preflight aggregate rendered cells before Markdown padding; HTML never builds unused padded Markdown (34.1384ms)
✔ lone CR cannot escape Markdown prompt/rich-fallback indentation into active HTML in the actual existing Markdown parser (111.3677ms)
✔ scoped domain repository and strict intent validator exist (1.6712ms)
✔ Docs body and finite context commit once with exact opaque metadata and same-project reference admission (780.2763ms)
✔ finite Diagram resetStyleFields deletes exact admitted optional keys under current CAS and never persists controls or erases siblings (783.0232ms)
✔ typed presentation/source/style transaction persists once and rejects stale or ambiguous edits without replacing project context (596.8949ms)
✔ finite layout saves and removes once against real manifest ancestry while preserving source/context and refusing stale replay (874.2684ms)
✔ different diagrams and Docs from one original revision preserve every unrelated field and source ref (881.9937ms)
✔ same entity conflicts retain the selected version; duplicates return actual selected historical receipts (786.2154ms)
✔ native validation refuses rather than silently normalizing or replacing imported colors (434.9245ms)
✔ one Diagram source/style transaction commits once, preserves all other metadata and refuses stale/unknown fields (596.4049ms)
✔ Docs replacement preserves linked source pointers, release provenance and exact independently expected content (480.7886ms)
✔ one Docs content transaction changes title and blocks atomically while retaining agent/releases/other entities (757.9019ms)
✔ getters, prototype authority, unknown fields, oversize and sparse blocks are refused before user code executes (418.5491ms)
✔ revocation during validation or native selection cannot publish an edited document or successful receipt (1236.664ms)
✔ read and flush verify the current entity version and never claim an old version is the latest (766.4826ms)
✔ checkpoint failure returns recovery-degraded instead of a false committed acknowledgement (683.716ms)
✔ one native owner serializes document edits and finite flushes preserve both independent changes (700.7048ms)
✔ native role/entity/access and result projection refuse cross-document or fabricated persistence (330.4753ms)
✔ complete Docs roster uses native seals and latest document tokens before prepared authority (674.0279ms)
✔ a missing document flush or a changed document is not established by earlier domain commits (951.4206ms)
✔ read result digest must describe the exact entity delivered to the renderer (482.1219ms)
✔ a clean preparing peer may seal one exact conflict/read/flush recapture after the other native Diagram saves (755.244ms)
✔ failed mutations and unverified or repeated flush conflicts cannot be hidden by a later successful native receipt (2241.8901ms)
✔ the same bounded clean recapture binds Docs to the full saved document hash, not its old token (478.4903ms)
✔ whole block-style reset cannot erase imported opaque fields even with a permissive value validator (274.0119ms)
✔ finite metadata edits retain opaque source pointers, siblings and exact CAS; even permissive validation cannot erase or forge unknowns (487.0776ms)
✔ metadata history reset removes only safe managed data and accepts all seven finite reset names (410.9995ms)
✔ Diagram typed removal controls are never sent to frozen style validator; reset-only still validates source and added fields (3.0005ms)
✔ one Diagram content mutation requires both original source/style validators and disposal before admission (1.3912ms)
✔ owned content validation uses both frozen validators and disposes on every result without accepting normalization (0.5008ms)
✔ native validation revocation, exception and disposal failure cannot authorize a domain save (0.5142ms)
✔ Code editor persistence adapter exists (1.2783ms)
✔ a reopened clean working view replays its verified commit after another window advances without rewinding latest (842.4563ms)
✔ summary metrics track exact local Unicode bytes/lines while source identity advances only on native acknowledgement (638.8853ms)
✔ view pause freezes upstream admission while all earlier multi-range edits reach the source commit (1172.0274ms)
✔ pausing downstream first cannot falsely acknowledge an upstream editor queue as saved (400.4299ms)
✔ pause retains local text and refuses resumed editing when an accepted native write fails (296.7233ms)
✔ pause aborts an incomplete load and never reports it as a prepared view (298.1194ms)
✔ readonly pause preserves selection without pretending to commit and disposal cannot resume (382.3159ms)
✔ verified CM document and LF transaction parsing preserve BOM, literal CR and source offsets (584.328ms)
✔ one multi-range transaction persists shifted UTF16 offsets in order and advances each receipt (726.8096ms)
✔ flush awaits actual in-flight durable edits, blocks new edits and coalesces callers (573.9252ms)
✔ a native edit refusal retains every local edit, fences subsequent edits and never commits (256.031ms)
✔ split emoji and malformed insert are refused before changing document or native source (353.3995ms)
✔ readonly state rejects changes but permits selection without durable writes (391.3556ms)
✔ native receipt after client reset cannot mark retained optimistic text as saved (462.9012ms)
✔ disposal aborts in-flight open and cannot resurrect an editor document (365.1852ms)
✔ real history undo and redo persist the complete expected source through native receipts (1276.2769ms)
✔ open completion observer reset cannot publish an obsolete success (344.0725ms)
✔ flush completion observer reset preserves the commit but refuses obsolete UI success (650.7755ms)
✔ open completion observer dispose cannot publish an obsolete success (280.2362ms)
✔ flush completion observer dispose preserves the commit but refuses obsolete UI success (606.8008ms)
✔ a final-size-valid transaction refuses an over-budget intermediate native source before any prefix (0.6593ms)
✔ client disposal by the first completed-status observer suppresses later ready notifications (363.2928ms)
✔ failed source loading exposes its refusal status without falsely announcing a ready document (281.3361ms)
✔ shipped manual is finite, immutable and tied to real source files (10.6997ms)
✔ catalog refuses duplicate article and scoped mapping identities (2.0455ms)
✔ catalog rejects dangling relations, executable fields, getters and oversized prose without invoking getters (4.6727ms)
✔ non-enumerable required fields cannot disappear when a validated catalog is snapshotted (2.7257ms)
✔ flow bounds and references refuse cycles, duplicate nodes and excessive data (5.8233ms)
✔ partial export and opening failure never imply that a committed result disappeared (0.5774ms)
✔ every shipped exact mapped code occurs in at least one referenced source (13.5351ms)
✔ CI executes actual Help in development and a verified portable copy and retains its failure evidence (2.251ms)
✔ CI refuses missing Help, swallowed package exit, late execution and broad private uploads (5.1229ms)
✔ native F1 handler routes exact unmodified key once and consumes repeats without new authority (1.2921ms)
✔ native Help dispatches only a fixed command to the current registered origin (1.252ms)
✔ native Help refuses absent, stale, Audience and asynchronous truthiness authority (1.2467ms)
✔ preloads expose only a fixed read-only Help event and unsubscribe cleanly (13.6457ms)
✔ exact namespace and operation select the meaning of reused codes (1.4235ms)
✔ unknown, arbitrary stdout, extra project text and non-data input never become diagnoses (0.3545ms)
✔ exact code and title rank ahead of prose, with deterministic local category search (15.1584ms)
✔ bounded search refuses malformed query and never interprets HTML or regex (0.4502ms)
✔ flow and catalog snapshots cannot be changed by the caller (2.2012ms)
✔ manual uses real catalog search, scoped diagnosis and local category filtering (69.8428ms)
✔ flow has finite interactive decisions, a text alternative and reset (14.0351ms)
✔ Escape closes, clears diagnosis and restores initiator focus; dispose cannot reopen (14.814ms)
✔ unavailable or retired context cannot reveal a panel or accept arbitrary metadata (11.4734ms)
✔ callbacks retained from a retired dialog cannot change a newly opened article (13.9904ms)
✔ opening the manual without an error welcomes browsing instead of diagnosing an unknown failure (13.2541ms)
✔ Escape is consumed so a containing Presenter does not also leave fullscreen (11.8964ms)
✔ shared manual closes synchronously on cover and cannot reopen before native resume (14.7039ms)
✔ contextual error and static render help are finite, inert and retired on Lock (14.1565ms)
✔ cover and resume retire earlier error controls and refuse results captured before the transition (12.2338ms)
✔ delayed events from a closed dialog cannot close its replacement (12.8736ms)
✔ unknown structured error keeps only its bounded code visible without guessing a cause (20.5739ms)
✔ the actual Docs save callback cannot offer a diagnosis after native cover and resume (12.7434ms)
✔ actual Home backup cancellation stays neutral with shared Help installed; real failures still explain (19.4418ms)
✔ repeated open is a single dialog with an unknown-identity explanation (15.6589ms)
✔ Home native regression runs once and retains its nested receipt even on failure (2.4502ms)
✔ Home CI admission rejects missing retention, blanket profile capture and package mislabeling (3.6496ms)
✔ Home exports internally selected saved classic bytes and returns only finite verified facts (164.1739ms)
✔ source-backed saved backup round-trips exact BOM CRLF Unicode and opaque history; private drafts stay outside it (734.8271ms)
✔ extra fields, accessor payloads, forged frames/URLs, locked or missing selection never read or publish (855.1561ms)
✔ readonly saved export remains available, cancellation is not success, and a completed operation releases its pending slot (124.1677ms)
✔ one pending Home export; Lock then unlock during saved read permanently revokes it (136.2055ms)
✔ base64 wire expansion over importer limit refuses before loading any source bytes (724.3936ms)
✔ source corruption cannot fall back to metadata-only output or open a chooser (718.6614ms)
✔ actual main Home registration publishes exact saved bytes through tracked writer, without legacy URL widening (221.2561ms)
✔ actual Home publication revocation at before-flush preserves existing destination and cleans pending bytes (138.5064ms)
✔ actual Home publication revocation at after-flush preserves existing destination and cleans pending bytes (164.4307ms)
✔ actual Home publication revocation at before-rename preserves existing destination and cleans pending bytes (181.782ms)
✔ accepted rename remains in actual drain until readback; Lock cannot relabel committed output as cancellation (171.5155ms)
✔ failed readback after accepted rename and revocation reports uncertain output rather than clean access refusal (151.9437ms)
✔ unanswered chooser is not a writes drain; returning to same project cannot revive it (119.1147ms)
✔ actual main cancellation and single pending chooser leave snapshot and output untouched (172.6652ms)
✔ actual destination write failure is distinguished from unavailable saved data (153.5259ms)
✔ unconfirmed cleanup remains a rejected actual drain rather than successful Lock (152.5671ms)
✔ home_never_reads_content_to_list_recents even a huge invalid pointer stays metadata only (211.015ms)
✔ missing recent entries retain labels and timestamps with honest unavailable status (34.0503ms)
✔ cold owned projects have generic labels and no invented last-visited date (70.6078ms)
✔ recent summaries precede cold discovery without duplicate IDs or non-project files (18.5594ms)
✔ catalog strictly validates navigation input instead of projecting injected content (18.463ms)
✔ empty data root has no fabricated project or disk writes (5.1544ms)
✔ incomplete or corrupt source-import markers cannot advertise a usable project (70.2866ms)
✔ Home native menu shortcuts route once to finite commands and disposal removes the listener (4.4293ms)
✔ Home commands cannot run behind PIN or a retired workspace; busy UI still permits native Lock (1.1341ms)
✔ actual Home export command invokes saved-backup bridge once, retains completion and never navigates (7.763ms)
✔ Home cancellation stays cancellation and covered pending completion cannot repaint private status (1.8169ms)
✔ visible Home Lock remains enabled while backup waits for its native destination (1.863ms)
✔ cross-project Continue opens its resolved document after genuine selection and returns only the native receipt (272.8881ms)
✔ missing entity, unavailable project and Lock during resolution leave the previous project untouched (670.6274ms)
✔ copied selection metadata cannot promote an old Home request into a new project window (275.3748ms)
✔ Continue for a saved native Diagram resolves and opens the exact entity in the selected project (188.7254ms)
✔ Continue for a saved presentation resolves the exact deck and opens a Presenter, never Audience or raw source (227.588ms)
✔ Continue validates missing/cross-project native Diagram before changing the selected project (477.8204ms)
✔ Home permits native PIN and update controls while refusing workspace envelopes and project bytes (1.1725ms)
✔ only the genuine App route can request Home, and locked access or extra fields refuse it (0.3128ms)
✔ actual native document handler prepares first and acknowledges durable same-project reselection with no new caller authority (765.8623ms)
✔ forged frame, caller identities, locked or readonly mode refuse before preparation and manifest writes (2039.8396ms)
✔ creation derives the genuinely saved post-preparation document rather than stale bootstrap content (972.4341ms)
✔ Lock at the actual document selector refuses selection and retains the complete original project (499.0606ms)
✔ new document commits exactly one native identity with no invented agent/release and preserves every existing source, document and diagram (1065.8562ms)
✔ title request rejects extra authority, getters, invalid Unicode and length before any project write (830.5846ms)
✔ stale snapshot, classic project and revoked authority cannot add a document (1271.6633ms)
✔ access loss at the real atomic manifest selector retains the selected snapshot (869.5603ms)
✔ the finite 4096-document catalog refuses another document without changing sources or the selected manifest (1295.4067ms)
✔ empty readonly Recovery acknowledges a real retired frame and genuine native roster once (6.1959ms)
✔ copied native roster, URL-only mutation and loading Recovery cannot manufacture an acknowledgement (5.0915ms)
✔ normal no-project Home and Lock during a readonly transition cannot authorize Recovery (20.7049ms)
✔ entry URLs and native route contracts have one finite shared definition (1.0268ms)
✔ genuine Home activation grants no source/entity access and explicit App activation retains its native scope (2.6814ms)
✔ unknown entry, query, injected activation options and spoofed same-URL frames never activate a workspace (1.6279ms)
✔ Home readiness requires an explicit native expected URL; legacy default still requires App (0.8418ms)
✔ navigation away from a pending Home load refuses before invoking the PIN or route operation (0.526ms)
✔ routes copy exact source references and never accept caller URLs, epochs or another surface source reference (0.7614ms)
✔ explicit null and accessor readiness/entry options are refused without invoking user code (0.4846ms)
✔ Home fixture admits exactly its five genuine local resources, including catalogue assets (1.808ms)
✔ Home fixture continues to reject foreign, diagram, source and unexpected local requests (0.3043ms)
✔ actual fresh Home builder references every whitelisted asset with integrity, and no other external asset (1401.3738ms)
✔ Home is a bounded standalone entry with exact local script identities and no diagram initialization (1422.0266ms)
✔ actual native import service uses an isolated validator instead of executing the workspace renderer (311.8558ms)
✔ access change while hidden import validation is pending creates no project or checkpoint (133.3107ms)
✔ actual legacy native chooser restores an emitted source bundle into a distinct durable copy (1334.9974ms)
✔ legacy import scope is captured before chooser and revoked permanently by preparation epoch (181.9802ms)
✔ ordinary bundle import cannot bypass native readonly or recovery through private copy stores (1213.2638ms)
✔ actual Home import hands off to genuine durable native selection and saved recovery (280.695ms)
✔ actual Home import uses a native chooser and isolated validator, returning metadata without source text (9.3183ms)
✔ Home import cancellation, extra identity fields and Lock during chooser do not select a project (62.7343ms)
✔ actual Home door selects a source-bundle copy with exact source bytes and saved checkpoint (1320.4287ms)
✔ Home copy cannot adopt a new epoch after Lock and rollback while its own preparation was pending (499.9945ms)
✔ actual Home open refuses an incomplete copy even when its selected manifest is readable (157.8718ms)
✔ headless import build retains frozen validator/signoff and stops before workspace initialization (5534.5139ms)
✔ unrecognized baseline cannot overwrite an existing validator entry (40.2957ms)
✔ native import copies chosen bytes and disposes its isolated validator on success and failure (1.288ms)
✔ native import refuses invalid UTF8 paths oversize or stale access before validator admission (1.7098ms)
✔ Lock during validation refuses publication and failed disposal never reports a valid import (0.584ms)
✔ metadata-only Home has genuine native caller without a selected project or source grant (2.7187ms)
✔ same-origin forged sender subframe and non-exact URL cannot read Home (0.5197ms)
✔ locked Home request and an old grant after lock/unlock are refused (0.2353ms)
✔ Lock generation and frame replacement during asynchronous read suppress metadata (0.5812ms)
✔ request getters extra fields inherited fields and unknown methods never dispatch (0.4193ms)
✔ Home result refuses content fields oversized lists or planted private values (0.6244ms)
✔ location write derives native project and carries a live access fence (0.3124ms)
✔ metadata projections preserve exact immutable Continue reference and finite view identity (1.6124ms)
✔ no selected project may offer Continue for a listed project without granting its data (1.3183ms)
✔ unexpected native revalidation failure is a sanitized refusal instead of a rejected promise (0.3836ms)
✔ creation format is a finite optional choice; callers cannot supply a snapshot, path or conversion authority (0.6453ms)
✔ tests/native/home-library.mjs accepts actual Settings with all four named actions in order (14.229ms)
✔ tests/native/home-library.mjs refuses missing, renamed, reordered and unexpected Settings actions (19.8313ms)
✔ tests/native/home-library-search.mjs accepts actual Settings with all four named actions in order (8.3555ms)
✔ tests/native/home-library-search.mjs refuses missing, renamed, reordered and unexpected Settings actions (14.259ms)
✔ recovery privacy waits for actual DOM after real locked preload admission (11.6924ms)
✔ recovery admission still fails if the admitted body exposes the private project label (9.0259ms)
✔ recovery never treats absent body as privacy success or extends the existing deadline (171.6408ms)
✔ actual native Home creation selects an owned durable project and acknowledges metadata only (147.7427ms)
✔ actual failed Home selector retains no selected snapshot or false metadata acknowledgement (151.7332ms)
✔ actual desktop New selects the source-aware copy through durable native Home acknowledgement (378.1538ms)
✔ desktop New creates one durable source-aware project with real editable Docs/Diagram entities and a saved checkpoint (404.5377ms)
✔ Home conversion preserves original pointer/revision bytes and source/agent/release identities in a separate selected-ready copy (1402.8514ms)
✔ Lock/navigation during source extraction cannot select a source manifest or acknowledge a successful copy (396.8581ms)
✔ expired native scope refuses before creating anything; schema2 conversion is rejected without writes (428.2301ms)
✔ a retained copy without a verified saved recovery point is not admitted as a completed Home conversion (632.0559ms)
✔ first-use Home selection acknowledges only an actual durable project and fresh native scope (142.0885ms)
✔ memory selection without an owned durable pointer cannot confirm Home selection (111.965ms)
✔ copied selection metadata and Lock after a genuine selection do not publish success (287.9362ms)
✔ only genuine Continue selection permits a finite follow-up and Lock retires that scope (158.8214ms)
✔ Home state lists only cached metadata without reading project or source contents (208.5141ms)
✔ Home state permits empty selection and retains cached Continue without granting source access (192.7127ms)
✔ recording resolved location uses verified native label timestamp and preserves snapshot (168.1892ms)
✔ unknown entity readonly state and stale source reference cannot overwrite prior navigation (158.2373ms)
✔ Lock during catalog or domain resolution suppresses metadata and persistence (105.9915ms)
✔ project change inside atomic navigation replacement cannot publish stale metadata (198.5942ms)
✔ caller mutation during domain resolution cannot alter the recorded source version or cursor (183.5919ms)
✔ resolver cannot silently substitute an immutable version by mutating its request (192.8671ms)
✔ Continue diagnostics follow genuine durable navigation stages without private metadata (174.9954ms)
✔ Continue diagnostics expose the held read boundary and refuse Lock before persistence (166.7598ms)
✔ Continue diagnostics retain refusals and sanitize unexpected storage errors (130.6469ms)
✔ a failed diagnostic sink cannot change a real navigation receipt or persistence (135.1037ms)
✔ actual native import handler reads only a chosen owned file, prepares before mutation and acknowledges genuine durable same-project reselection without source disclosure (1031.4976ms)
✔ Cancel, caller paths/identities, forged frames and Lock during native chooser perform no writes or selection (2123.3363ms)
✔ actual import reads the post-preparation revision and preserves content genuinely saved before quiescence (1104.7596ms)
✔ frame retirement during source extraction refuses both manifest and native acknowledgement and retains complete selected data (488.0188ms)
✔ owned Python import adds one unlinked source and preserves every prior Docs/Diagram field and exact BOM/CRLF/Unicode bytes (1554.9623ms)
✔ invalid encoding, oversized source and path-like filename cannot modify the project (319.737ms)
✔ access change after source bytes are written cannot select a new manifest or return success (554.1446ms)
✔ stale selected snapshot and classic projects are refused before imports (919.4166ms)
✔ locked Home startup never constructs project UI or requests metadata (3.3056ms)
✔ introduction requires an explicit native startup request and plays once (3.9416ms)
✔ reduced motion has no mandatory vault timer (0.9195ms)
✔ Home metadata acknowledgement follows a genuine prepared native handoff while the old grant stays retired (1074.639ms)
✔ copied completion metadata cannot acknowledge a retired Home request (898.6487ms)
✔ a renderer success label and URL change without a native handoff remain refused (695.2463ms)
✔ Lock after native completion refuses publication of its metadata receipt (933.3537ms)
✔ Home opens actual saved Docs and selected immutable Code without acquiring entity or source authority (707.3409ms)
✔ unselected versions, unknown entities, copied Home frames and caller authority fields are refused before opening (712.3623ms)
✔ native shelf titles are literal bounded metadata with an exact role prefix and Unicode safety (1.6551ms)
✔ Home distinguishes real registered Code, Docs, diagram and presentation names from generic roles (1.3249ms)
✔ Code windows label their own exact admitted version and cannot borrow another hash or document name (0.4652ms)
✔ a genuinely admitted unsaved working source retains its selected filename and current version on Home (1044.0453ms)
✔ working label admission cannot name an unselected source or supply malformed version metadata (0.475ms)
✔ Home omits other-project, primary and unknown windows and bounds the shelf without requesting their sources (0.353ms)
✔ saved title metadata stays bounded and literal, with safe fallbacks and correct minimized state (0.3685ms)
✔ native validator is hidden sandboxed has no preload and cannot open network permissions or windows (14.7295ms)
✔ tampered validation entry is refused before creating native resources (5.6098ms)
✔ pending validation deadline destroys only its owned hidden window and suppresses a late reply (36.6196ms)
✔ same URL with a replaced main frame cannot validate using retired native identity (25.527ms)
✔ disposal waits for asynchronous native webContents destruction after its window is gone (25.4865ms)
✔ dedicated bundle metadata validator uses literal arguments and retains the native frame fence (21.0979ms)
✔ pending bundle metadata cannot overlap patch validation and timeout destroys its owned validator (42.8837ms)
✔ imported entity identity survives navigation and native read/save contracts without becoming a filesystem ID (2.3393ms)
✔ imported metadata identity never permits path components, control characters or noncanonical source IDs (0.7468ms)
✔ owned reads refuse oversize files before allocating their body and preserve the original (35.5294ms)
✔ native linked labels validate only finite editable text with the original sanitizer while keeping all immutable row fields (6.3626ms)
✔ linked metadata cannot rewrite source identity/version/hash, provenance, row order, other content or preserved block fields (9.4173ms)
✔ unchanged legacy linked blocks remain exact without sanitizing or deleting native references (0.9361ms)
✔ exportProject: chooser result after Lock cannot publish private bytes (18.8794ms)
✔ exportProject: actual preparation permanently revokes chooser even after unlock/rollback (11.4935ms)
✔ exportProject: unchanged authority preserves exact export and cancellation (56.9921ms)
✔ exportRecovery: chooser result after Lock cannot publish private bytes (2.9842ms)
✔ exportRecovery: actual preparation permanently revokes chooser even after unlock/rollback (14.8063ms)
✔ exportRecovery: unchanged authority preserves exact export and cancellation (47.6117ms)
✔ authority lost during project read never opens a destination chooser (3.2697ms)
✔ a changed selection invalidates pending export (11.0455ms)
✔ a changed frame invalidates pending export (2.257ms)
✔ a changed mode invalidates pending export (6.6913ms)
✔ access loss before atomic publication preserves an existing destination and removes its owned staging file (45.0812ms)
✔ a refused export destination leaves no full backup staging copy beside it (51.4823ms)
✔ an export still loading recovery bytes is revoked before a chooser can open (3.1957ms)
✔ a chooser does not enter the native writes drain and readonly exports remain available (44.639ms)
✔ diagnostics use the same revoked chooser boundary (2.5614ms)
✔ actual Lock service drains publication already committed before Lock (48.9239ms)
✔ actual Lock succeeds when its revoked before-rename export was cleaned safely (58.0597ms)
✔ unconfirmed export cleanup remains a real drain failure and cannot confirm Lock (65.902ms)
✔ new PIN waits for asynchronous protection and stores an explicit dedicated-provider envelope (233.9308ms)
✔ unknown legacy/new envelope versions refuse without invoking either decrypt backend or resetting bytes (259.8033ms)
✔ post-rename readback uncertainty retains an existing configured record and fails closed (233.0137ms)
✔ Lock revokes protection in progress before any PIN publication and drain waits for the operation (69.5195ms)
✔ Lock during asynchronous load refuses even a wrong-PIN counter write (114.4168ms)
✔ legacy wrong-PIN counters stay legacy; only authenticated unlock migrates exact verifier to the new envelope (322.7939ms)
✔ revocation at atomic pre-rename leaves no record; accepted rename retains exact record but never grants a revoked session (180.0225ms)
✔ PIN unlock creates no implicit project, and failed explicit durable selection cannot publish selected state (342.9472ms)
✔ locked IPC refuses all project bytes and mutations, while PIN unlock cannot override native readonly creation safety (119.596ms)
✔ native PIN lock drains private recovery writes and grants lock only after durable ACK (622.1068ms)
✔ native PIN lock drains private recovery writes and resumes after rejected persistence (273.5333ms)
✔ fresh local access configures a four-digit PIN only after encrypted native persistence, and restart locks (298.0158ms)
✔ setup accepts six digits, rejects all other forms and confirmation mismatch without creating a record (119.1648ms)
✔ same synthetic PIN has independent random salts and persisted verifiers in two installations (242.9859ms)
✔ five wrong PINs persist a 30-second cooldown across restart and successful unlock resets attempts (807.3351ms)
✔ invalid and oversized unlock input is generic, counted and never passed as an unbounded scrypt password (576.0281ms)
✔ change requires unlocked session and current PIN, then rotates salt and rejects the previous PIN after restart (623.0213ms)
✔ wrong change attempts obey persisted cooldown and revoke the existing session at five failures (626.5016ms)
✔ verifyCurrent preserves an unlocked session after ordinary wrong PIN, resets attempts on correct PIN and never rotates its verifier (380.0833ms)
✔ verifyCurrent persists fifth-failure cooldown across restart and cannot report success after a lock or failed durable acknowledgement (1103.2976ms)
✔ unavailable protected storage is failclosed and never creates a plaintext or memory-only activation (10.3721ms)
✔ corrupt, empty, oversized and undecryptable records refuse setup/reset and preserve exact original bytes (232.1806ms)
✔ successful verification cannot grant unlock/change when external encryption fails before durable write (633.3773ms)
✔ owned hostile record target refuses setup without touching the planted directory; existing setup never resets (138.5877ms)
✔ concurrent wrong attempts are serialized across instances so cooldown cannot lose increments (899.3039ms)
✔ explicit lock cancels a queued setup/unlock without granting or rewriting the protected record (164.563ms)
✔ missing owned root and authenticated malformed payloads fail closed without implicit reset (132.3724ms)
✔ native qualification waits for registry admission after DOM/preload availability (1.8839ms)
✔ a native frame navigation gap does not certify a condition or extend its deadline; genuine later observation is required (5.4461ms)
✔ script exceptions, unknown native failures and CDP timeouts stay failures without retries (0.2621ms)
✔ only primary active diagram IDs enter the native roster, never cached or released diagrams (499.7641ms)
✔ native Diagram entry is finite, package admitted and rejects borrowed selectors/traversal (482.8908ms)
✔ Home catalog exposes selected diagram metadata only and admission opens a genuine independent shell (500.4831ms)
✔ readonly Diagram issues genuine exact byte seals and joins the all-view preparation barrier (555.4064ms)
✔ native Diagram editing requires genuine main admission and refuses readonly/Docs/Code/caller scope fields (558.9956ms)
✔ two genuine Diagram windows preserve exact independent edits and foreign Docs/source/agent data; same-diagram stale versions stay refused (926.9474ms)
✔ genuine Diagram draining nonce permits its typed flush while paused and is retired on disposal (509.6996ms)
✔ atomic native source/style admission is still bound to one genuine working Diagram and exact saved version (537.5323ms)
✔ SVG export derives only selected saved Diagram, writes owned unique exports and reveals only its actual unchanged receipt (613.3847ms)
✔ SVG export rejects spoofed frames/roles, stale hash/version, paths/source, unknown methods and getters before rendering (450.9226ms)
✔ Lock aborts and joins pending SVG render, rejects late results and leaves saved project exact (494.2019ms)
✔ saved entity replacement during isolated render refuses publication and budget accepts no arbitrary oversized result (831.9353ms)
✔ Lock during final saved-entity recheck cleans the actual renamed export and temporary bytes before drain completes (478.4252ms)
✔ changed export bytes cannot be revealed and payload value objects never invoke user coercion (418.269ms)
✔ native Diagram receives only its actual selected entity, exact declared colour/source and readonly version/hash (536.654ms)
✔ native Diagram refuses Docs/Code, spoofed frames, identities, mutation methods and payload getters without executing user properties (352.5546ms)
✔ native Diagram suppresses actual disk-read results after owner pause or selected content replacement (565.9772ms)
✔ paused Diagram reread needs its genuine private draining ticket, cannot borrow another role/entity and cannot seal a read alone (462.0666ms)
✔ genuine clean preparation reads the selected entity after an earlier queued save, rather than comparing it to the stale pre-queue display (515.4988ms)
✔ native working Docs requires explicit main admission and scopes real atomic content saves to its selected document (838.029ms)
✔ Docs bridge rejects role/frame/identity/getters and revoked admission without changing original storage (718.6348ms)
✔ working Docs finite flush requires its genuine private ticket and seals actual owner receipts (660.2658ms)
✔ another genuine working Docs window receives metadata only after real persistence, without origin echo or paused delivery (867.1125ms)
✔ readonly saved Docs exports exact archive with finite receipt; references and claims remain exact, foreign project data excluded (1099.7708ms)
✔ Docs-only current frame, exact CAS/hash and finite request reject spoofed source/role/path/body/getters before formatting (772.9412ms)
✔ pending formatter is unique per own window; Lock abort/drain permanently fences output and leaves snapshot exact (754.0916ms)
✔ saved context change during formatting refuses output; no hidden flush/save or source retrieval (725.8457ms)
✔ Lock during final read after actual rename removes unretained export and stage before drain completes (1010.2296ms)
✔ modified file cannot reveal, and malformed/oversized formatter bytes cannot publish (3518.8617ms)
✔ uncertain cleanup after real rename permanently fences exports and refuses quiescence (785.5386ms)
✔ Lock during final cleanup refuses stale Docs success, preserving the already retained file without receipt (937.4307ms)
✔ production native Docs is mounted through the shared owner and receives only its selected document (766.5672ms)
✔ both production preloads expose one readonly Docs method without an entity or mutation selector (2.7015ms)
✔ native Docs receives only its exact selected document through a readonly context (747.6258ms)
✔ native Docs refuses source/primary spoofing, write methods, identity payloads and getters without opening another document (687.6549ms)
✔ native Docs refuses publication after owner pause or selected document change during actual disk read (646.0489ms)
✔ Docs preparation read is bound to its own genuine private ticket, cannot borrow Code or seal a read as persistence (587.6705ms)
✔ native module readiness waits for actual enabled Home after a held metadata handoff, without clicking or extending the condition deadline (147.7261ms)
✔ native Home readiness refuses unknown roles before evaluating any injected expression and preserves genuine observation errors (0.3131ms)
✔ pointer stability observes a deferred menu position before accepting its rectangle (3.6134ms)
✔ stable rectangles wait for finite opening animations but not perpetual theme effects (2.1007ms)
✔ native pointer observations intersect the actual scroll clip of a virtualized editor (1.4303ms)
✔ readonly Presenter exports only its exact captured notes; newer saved data waits for Refresh, Audience stays public (326.2575ms)
✔ finite own main-frame authority rejects Audience/Docs/subframe/copied sender/extra path/text/version/getters (126.0427ms)
✔ bounded pending jobs permit normal navigation, but Lock, Refresh and session replacement revoke in-flight publication (498.3083ms)
✔ Lock detected after actual rename cleans unretained file before drain; uncertain cleanup fences service (330.8572ms)
✔ changed files cannot reveal and pause clears receipts without deleting retained user files (165.9608ms)
✔ global pending budget admits two own Presenters and refuses a third until actual jobs finish (253.1598ms)
✔ changed Refresh or session replacement after actual rename removes unpublished old notes (326.5246ms)
✔ Lock or Refresh during final cleanup refuses stale success/receipt, retaining the previously accepted file (430.2763ms)
✔ process reader resolves only a fixed development or packaged resource (1.0582ms)
✔ reader admission rejects changed binary or source recipe and invokes no shell (8.6503ms)
✔ missing or changed reader cannot invoke a process or fall back to PowerShell (0.6963ms)
✔ actual native primary routes each reserved chord once and prevents duplicate page/menu delivery (1.6553ms)
✔ actual primary input route dispatches unmodified F1 exactly once (1.5774ms)
✔ keyup repeat composing and unrelated modifiers do not dispatch reserved native commands (1.2824ms)
✔ owner-recorded text refuses Python inspection before source I/O but permits exact saved text comparison with bounded labels (996.6109ms)
✔ native analysis derives genuine selected Code ref, keeps project/source bytes intact and refuses other roles/frames/versions/raw fields (720.9504ms)
✔ native comparison derives both refs from genuine open Code frames, never renderer scope (652.9585ms)
✔ comparison rechecks the other real frame during source I/O and drains cancellation (708.7282ms)
✔ real pause/drain denies pending source publication and permits a fresh job only after resume (708.4203ms)
✔ selected map uses the same genuine immutable Code frame authority and refuses Docs or missing ranges (962.3706ms)
✔ two genuine captures from one native frame can cancel its pending load; another Code window cannot (767.7322ms)
✔ production metadata adapter permits actual saved working Python v2 analysis while Docs and manifest remain v1 (1083.5184ms)
✔ actual native main mounts bounded readonly source leases, keeps selected versions and tracks outstanding reads (796.1687ms)
✔ actual native view retirement disposes read sessions before revoking native windows (705.3975ms)
✔ both actual preloads expose finite readonly context/read session methods with no write channel (4.573ms)
✔ working read context offers only an independently verified exact saved operation and rechecks Lock after proof (1261.4137ms)
✔ selected owner language is finite metadata and cannot alter immutable source admission (649.4172ms)
✔ native Code reference is selected-version metadata only; historical admission and private capture checks remain exact (583.9013ms)
✔ native read session loads exact immutable bytes and closes without any source commit or metadata change (754.2422ms)
✔ another registered Code window, Docs and a copied sender cannot consume a native read lease (691.5454ms)
✔ native readonly readers refuse writes, unselected versions, changed references and getter payloads before repository creation (698.202ms)
✔ owner pause during a pending native chunk suppresses bytes and disposal makes every old read ID unusable (865.7892ms)
✔ toast admission and CSS isolation are observed in one native evaluation and owned fixture changes restored (1.7043ms)
✔ atomic observation preserves genuine leakage/precondition failures rather than reporting success (2.8427ms)
✔ native safety refuses original writes: {"packaged":true,"mode":"readonly"} (273.7103ms)
✔ native safety refuses original writes: {"packaged":false,"mode":"normal","failReady":true} (260.9193ms)
✔ native safety refuses original writes: {"packaged":true,"mode":"normal","failReady":true} (220.1069ms)
✔ successful login preserves edits queued during the browser round trip before clearing grants or reloading (709.9149ms)
✔ failed account-transition flush retains original authority and does not reload (1.8905ms)
✔ native identity is compiled before both original development groups and native unit tests (4.1115ms)
✔ shared UI package checks fail independently and retain original evidence in every named upload (2.8158ms)
✔ all original native checks are assigned once to finite independent CI groups with an all-group qualification gate (10.4326ms)
✔ Diagram docking must execute in package qualification and retain originals in every named upload (3.7578ms)
✔ a native failure or spawn refusal cannot become group success, and later checks still execute exactly once (0.5757ms)
✔ source identity uses only exact admitted metadata and safe Unicode file names (1.0642ms)
✔ source names cannot be borrowed from other refs, documents, draft or release provenance (0.1968ms)
✔ unsafe, overlong and accessor names are not exposed; metadata scan is bounded (6.0803ms)
✔ optional native source label has exact owner checks and no repository/body access (714.3433ms)
✔ label adapter cannot publish after owner pause or change the exact reference (609.892ms)
✔ native title identifies source, exact version, mode and local draft without markup (2.6794ms)
✔ bounded Unicode titles never retain a broken surrogate or metadata after reset (1.94ms)
✔ Code register returns exact-version document/agent metadata and filters without private source bodies (638.1949ms)
✔ native App catalog lists readonly Docs and exact selected Code versions without content or future drafts (652.0161ms)
✔ explicit Docs register details and bounded filters expose facts without private bodies or agent instructions (531.8659ms)
✔ native Home catalog retains imported uppercase and underscore Docs/Diagram identities as literal metadata (656.7268ms)
✔ catalog is bounded and paginated while preserving exact metadata and Unicode labels (673.3368ms)
✔ copied native sender, URL-only Home change, lock, project mismatch, identity payload and getters cannot obtain catalog metadata (751.1898ms)
✔ a genuinely admitted Home primary receives bounded metadata without source or document content (804.8899ms)
✔ Lock during actual native snapshot selection suppresses the pending catalog instead of publishing labels (665.1383ms)
✔ role-filtered pages bound the chosen library without first mounting unrelated Docs rows (627.0557ms)
✔ Present library discovers only verified diagram IDs and labels, never authored notes or source (529.3583ms)
✔ explicit all-module search retains separate Diagram and Present destinations without private content (630.6406ms)
✔ Code library uses selected file names and marks unlinked code without exposing source bytes or provenance paths (569.6803ms)
✔ name search finds literal Unicode labels past the first page without searching private bodies or escaping the catalog bound (959.5738ms)
✔ search rejects malformed input before reading a snapshot and retains genuine Lock and sender checks (574.8155ms)
✔ actual main retirement awaits native async destruction before confirming a transition (11.7587ms)
✔ actual main binds exact native owner, scoped shell entries and locked null bootstrap (2.7955ms)
✔ actual main exposes bounded selected Docs/Code metadata to the genuine App owner, never its satellite (3.8844ms)
✔ actual Quit refuses a competing native selection before touching its preparation or journal (1.6498ms)
✔ main failed factory destruction fences every later open and data bootstrap until native handles are destroyed (1.9059ms)
✔ actual main revokes a hidden in-flight native factory before a transition can admit or show it (1.6999ms)
✔ actual ready/send/show failures dispose the admitted shell or fence retained native handles (6.5737ms)
✔ actual locked clean-close journal failure retains the owner after shell retirement, then admits a fresh unlocked grant (8.0639ms)
✔ historical native commit replay keeps both working grants current and cannot replace latest durability (1408.611ms)
✔ working-source admission reads the actual latest draft while immutable selected refs and Docs remain exact (773.311ms)
✔ genuine owner publishes only metadata changes to other working views, never echoes the origin or a readonly view (1262.888ms)
✔ working source references advance from actual owner receipts shared across genuine views, never from renderer metadata (983.0877ms)
✔ historical Code, Docs, readonly policy and Lock cannot obtain a native working-source admission (559.5642ms)
✔ working-source pause, disposal and removed selected membership revoke cached draft references (632.3667ms)
✔ real saved working v2 keeps exact-base Python metadata without selecting v2 in Docs or trusting a projected grant (890.4908ms)
✔ navigation preserves exact immutable reference and copies all nested data (3.6086ms)
✔ navigation refuses accessor and inherited or unknown fields without evaluating getters (1.0184ms)
✔ navigation rejects invalid IDs references and numeric offsets (0.7404ms)
✔ navigation accepts sixteen validated layouts and rejects seventeen or bad geometry (1.1065ms)
✔ record validation bounds labels timestamps unique projects and native scope (1.4754ms)
✔ native resolver recognizes each active module entity without treating release or cache IDs as authority (501.846ms)
✔ Continue resolves the exact old source version after newer private edits without changing any selected bytes (500.3751ms)
✔ missing version forged hash mismatched ID and offsets beyond actual UTF16 units refuse without substitution (368.497ms)
✔ Lock during exact source verification suppresses the resolved route (513.1365ms)
✔ restored layouts use current workAreas and require each referenced entity to belong to its role (426.0619ms)
✔ navigation_metadata_preserves_content source bytes revisions and checkpoints (343.6754ms)
✔ 64 locations accepted 65th refused existing updates preserve every other location (1954.8883ms)
✔ complete-file byte budget accepts 64 KiB and ignores but preserves +1 (25.8573ms)
✔ oversized serialized record refuses before write and preserves prior exact bytes (402.6373ms)
✔ invalid input and readonly access preserve the existing navigation file (23.0186ms)
✔ corrupt metadata is ignored with diagnostic without replacing it or project mode (18.2394ms)
✔ concurrent native metadata intents serialize without losing another project (465.9721ms)
✔ torn write refuses with prior bytes and post-rename failure never claims verified acknowledgement (134.4469ms)
✔ permission revoked at final selection fence refuses before atomic replacement (65.9923ms)
✔ failed actual readback and invalid UTF8 cannot produce a successful receipt (132.4393ms)
✔ caller mutation while permission awaits cannot alter copied metadata (54.4325ms)
✔ controlled real HTTP issuer enforces PKCE S256 and one-use callback/code; tokens stay in main-side result (132.6302ms)
✔ state/nonce/audience/signature mismatch and denied consent cannot become a logged-in result (410.199ms)
✔ production login refuses insecure issuer configuration and does not open a browser (0.7729ms)
✔ the actual 180-second callback deadline closes the owned listener without granting login (180157.5438ms)
✔ staged application includes the actual cold Home entry and every finite generated destination (104.3145ms)
✔ package source allowlist refuses credentials, tests, development issuer, original source baseline and source maps (0.8226ms)
✔ every relative native module reachable from the actual startup entry is admitted by the package allowlist (55.4477ms)
✔ supplemental notices resolve only their exact runtime reference and verified bytes (105.9114ms)
✔ runtime inventory requires known production dependency licenses and all Chromium component notices (10.3028ms)
✔ inventory preserves unresolved upstream license references without claiming distribution admission (47.3855ms)
✔ actual first-session PIN crash regression gates development and copied-package qualification (1.6655ms)
✔ every original PIN crash receipt is retained without including protected profile data (5.6356ms)
✔ locked native session refuses project writes and reads even when the renderer knows an owned ID (148.3006ms)
✔ PIN requests validate exact numeric fields before reaching native access service (0.4324ms)
✔ unlocked native session still applies owned project writer checks (307.2675ms)
✔ private pipe writes must complete the full frame even when native writes are partial (2.4733ms)
✔ private protocol validates exact operation/nonce/fields, UTF8 framing, limits and canonical ciphertext (1.7886ms)
✔ protection requires encrypt close then a different decrypt close with exact payload before returning (77.06ms)
✔ output arriving before actual process close cannot authorize persistence (34.0919ms)
✔ refuses timeout without returning protected bytes (106.21ms)
✔ refuses exit without returning protected bytes (24.1986ms)
✔ refuses mismatch without returning protected bytes (44.9899ms)
✔ refuses oversized without returning protected bytes (24.6398ms)
✔ a key profile lost after successful independent decrypt is never silently regenerated (20.1633ms)
✔ actual package entry admits both fixed startup branches and the private protocol without a renderer bridge (10.6799ms)
✔ actual worker refuses missing required key before native readiness; only first new encryption may create a key (4.9146ms)
✔ actual worker rejects unknown and duplicate worker flags, and occupied profiles before readiness (1.8017ms)
✔ required-key test has a negative control against the former parent-only guard (1.4268ms)
✔ finite deck operations preserve opaque cards/settings/notes while ordering, duplicating and editing supported content (2.114ms)
✔ malformed deck operations, target ambiguity, opaque body edits and budget overflow refuse without sanitizing imported data (2.0308ms)
✔ public render context carries only a finite saved layout preference and never opaque layout payloads (1435.9631ms)
✔ native deck reads the exact selected diagram and genuine notes while excluding other project/private node metadata (140.1523ms)
✔ Audience/Docs/copied and revoked frames cannot load a deck or inherit source authority (112.9207ms)
✔ exact readback refusal detects corrupted snapshots and a selection change during load (242.4589ms)
✔ empty authored sequence produces a deterministic overview without changing the stored diagram (251.7029ms)
✔ unsupported/malformed or duplicate authored slides and oversized notes are refused without replacement (1124.4782ms)
✔ native deck projects the actual title visibility/font/style flags without copying private metadata (189.3491ms)
✔ saved Title/Text cards expose only finite public fields and prefer authored HTML over stale body (258.1941ms)
✔ unsupported card kinds retain their public label without projecting private live-content or asset authority (237.1347ms)
✔ malformed public text-card fields are refused without changing actual saved content (1146.1373ms)
✔ saved tables project exact public cells without private asset, notes or future fields (158.9158ms)
✔ table public projection retains reveal refusal rather than silently exposing an authored reveal table (308.5547ms)
✔ authored node uses exact Mermaid12 render-prefixed identity and transformed geometry (1.2982ms)
✔ exact imported data-id and legacy Mermaid identity remain supported (0.3236ms)
✔ vector semantic identity focuses only the exact renderer-derived block (0.3878ms)
✔ missing, ambiguous and lookalike node identities cannot focus an unrelated block (0.1852ms)
✔ Audience has only public-frame/ACK and own fullscreen methods; Presenter notes never cross roles (3.2061ms)
✔ unregistered, subframe, same-URL replaced and other module callers cannot invoke presentation (0.3086ms)
✔ display projection removes adapter private fields and fullscreen accepts no caller-supplied identity (1.0999ms)
✔ opening Audience binds native grants and refuses role/project/deck fields from the renderer (0.6825ms)
✔ revocation while an Audience factory is pending destroys its owned view instead of returning success (0.6998ms)
✔ captured notes preserve exact Unicode/newlines/blank notes, ordered slide identities and deck version (2.8875ms)
✔ all 600 slides retained; encoded output is bounded before final allocation and never truncated (19.8052ms)
✔ invalid captured projections refuse getters, duplicates, extras, malformed Unicode and unbounded slides (0.551ms)
✔ public utility denies permissions, navigation, new windows and network and confirms both native objects destroyed (29.7651ms)
✔ wrong entry bytes, excessive input and revoked scope create no renderer (25.9326ms)
✔ entry bytes replaced during loading and substituted main frame cannot publish (13.7002ms)
✔ cancellation while a renderer is pending destroys it and refuses its late result (6.1034ms)
✔ deadline expiry and private extra fields cannot become public rendering receipts (37.2307ms)
✔ a successful render waits for separate webContents destruction before returning (36.61ms)
✔ table finite edits preserve imported fields/private notes and duplicate full public cells (3.0424ms)
✔ table edits reject sparse/ragged/getter/oversized cells and non-table targets without evaluating getters (2.1231ms)
✔ native pause drains an actual outstanding render before admitting a transition and clears the Presenter preview (7.6627ms)
✔ Presenter preview receives only its successfully rendered public slide, never private notes or source (1.5645ms)
✔ genuine Presenter/Audience roles project only visible content, retaining notes solely for Presenter (2.5423ms)
✔ foreign/copy/retired caller, stale sequence/version and unexpected authority fields never publish (1.51ms)
✔ a slow audience has one in-flight and one coalesced latest frame, independently of another audience (2.7479ms)
✔ out-of-order rendering and pause/disposal never republish an older slide or cached audience data (2.1745ms)
✔ explicit deck refresh preserves the current slide identity and rejects an old audience acknowledgement (2.7128ms)
✔ public payload validation refuses private fields, executable/remote media and oversized content without replacing the current frame (1.1684ms)
✔ native deck corruption or changed caller during load retains the original admitted deck (0.9017ms)
✔ render jobs have a finite native budget and cancellation signal; a refused burst does not consume its position (1.1142ms)
✔ canonical bounded PNG content is delivered as public media while oversized geometry and malformed encoding are refused (0.758ms)
✔ Presenter theme changes coalesce while busy, use latest slide and leave deck immutable (8.07ms)
✔ failed appearance render is not retried and Lock retires queued appearance work (3.1565ms)
✔ pagehide retires theme refresh without another native navigation (2.1515ms)
✔ real Presenter UI retains visible notes/slide and releases controls on thrown refresh or Audience transport (3.7574ms)
✔ actual Presenter window mounts captured export and prepares by hiding private notes then joining pending action (2.7367ms)
✔ Presenter playback keys preserve native button/select defaults and text editing, while canvas shortcuts still navigate (1.8785ms)
✔ Lock during actual refresh follow-up read cannot repopulate private notes or render a late slide (1.6508ms)
✔ Presenter native and genuine copied-package regression run and retain bounded original receipts on failure (2.5793ms)
✔ Presenter CI refuses missing copied execution/retention and profiles or exported data capture (4.516ms)
✔ actual Presenter export main handler tracks promise and refuses every transition fence (2.4577ms)
✔ actual native barrier pauses/drains Presenter exports and refuses proof on uncertain cleanup (2.3975ms)
✔ actual native retirement refuses uncertain Presenter export cleanup before session/view destruction (1.0984ms)
✔ finite application inventory admits real Presenter export modules, refusing similarly named test/draft files (0.8709ms)
✔ actual Presenter preload alone exposes finite notes export/reveal; Audience receives no private delivery bridge (7.9553ms)
✔ Presenter action submits only captured version and shows file only for exact finite acknowledged receipt (6.588ms)
✔ unique pending action joins Lock and rejects late completion; resume cannot restore private delivery receipt (1.5524ms)
✔ Refresh/current version changes and malformed responses cannot expose stale file or imply successful export (2.6425ms)
✔ unready/disposed actions refuse transport and release controls after thrown export/reveal (1.2514ms)
✔ readonly navigation attests the exact selected envelope without creating a recovery point or content revision (663.0065ms)
✔ a selected navigation seal cannot verify a changed envelope or a locked scope (669.6709ms)
✔ an unchanged acknowledged primary save reuses its independently verified recovery point (1525.5515ms)
✔ primary persistence has a native adapter (0.9525ms)
✔ revocation at the actual legacy selection boundary retains the previous revision and pending work (255.1139ms)
✔ primary save verifies the selected bytes and recovery point; private draft never changes the selected project (607.7773ms)
✔ checkpoint failure reports the real selected commit and keeps pending attempted bytes (333.0886ms)
✔ foreign project, getters and stale CAS cannot mutate or publish primary work (553.1031ms)
✔ revocation during checkpoint cannot acknowledge or publish to a later selected project (580.4169ms)
✔ legacy primary saves cannot downgrade a selected source manifest or strip source refs (706.8545ms)
✔ one owner orders primary and domain persistence; copied intent and revoked captures cannot cross scope (2.803ms)
✔ primary capacity remains 64 MiB independently of the 16 MiB source queue; aggregate admission is bounded (233.5493ms)
✔ receipt accessors and extra fields cannot fabricate primary persistence acknowledgements (0.5645ms)
✔ native primary seals re-read real saved and private checkpoints; old or degraded receipts cannot prove latest work (1122.5238ms)
✔ paused primary flush accepts only its original native frame and seals both saved work and private recovery (537.1921ms)
✔ primary capture survives a genuine entity removal while old source authority is revoked (1.9878ms)
✔ a native readonly seal verifies schema-2 source recovery without rewriting or downgrading the project (711.7578ms)
✔ readonly preparation reuses an exact verified saved checkpoint without duplicating recovery histories (246.1643ms)
✔ genuine primary roster preparation requires a native persisted seal before transition authority (660.1257ms)
✔ checkpoint proof reads only its owned project and exact point instead of scanning every project (205.2571ms)
✔ native process reply preserves exact Unicode executable and creation time for the requested PID (2.2912ms)
✔ only explicit missing and exact unknown replies remain missing or unknown (0.7844ms)
✔ malformed empty oversized and mismatched process replies cannot grant ownership (1.5064ms)
✔ identity reply refusal exposes only a finite reason without response text (0.2592ms)
✔ drive-relative and current-drive-rooted paths cannot identify an executable (0.2795ms)
✔ actual inspector distinguishes query and decode refusals, reports byte counts and never retries (6.4183ms)
✔ native stderr cannot turn a refused query into missing process or grant live ownership (1.987ms)
✔ first Windows build refuses a junction output without writing into its target (38.1994ms)
✔ build cache admits only exact source/compiler/binary receipt without mutating its bytes (0.7696ms)
✔ actual Windows builder compiles a missing pair once, reuses exact bytes and refuses partial or corrupted caches (382.5864ms)
✔ source recipe, compiler change or binary replacement refuses cached native helper (0.5862ms)
✔ a repeated exact acknowledged workspace save retains the complete selected revision and pointer bytes (517.7356ms)
✔ same text with stale CAS refuses and private recovery does not suppress a real workspace commit (702.8646ms)
✔ a no-op save still refuses a failed recovery checkpoint and does not advance the original revision (243.3439ms)
✔ choosing another damaged owned project grants its recovery and keeps the original intact (654.6205ms)
✔ exact UTF-8 workspace import survives save and fresh store readback without rewriting identities (224.1523ms)
✔ two writers at the same revision cannot both commit and stale data is retained for explicit recovery (318.7184ms)
✔ failed flush or rename cannot claim save and keeps the exact previous revision (458.6554ms)
✔ path ids and junction replacement are rejected without reading unrelated bytes (158.4487ms)
✔ corrupt selected revision refuses normal load and keeps damaged bytes unchanged (149.471ms)
✔ only a specifically acknowledged pending copy is pruned; unacknowledged attempted work stays recoverable (321.8473ms)
✔ a crashed writer is reclaimed only after exact native identity proves it is no longer running (444.3908ms)
✔ asynchronous native permission denial is awaited before creating or committing a project (141.3242ms)
✔ legacy portable import preserves reusable libraries and picture bytes in the desktop storage bag (2.9078ms)
✔ public section honors forced KPMG in dark OS and Matrix in light OS (4.2897ms)
✔ invalid capsule fails before any canvas publication (0.9759ms)
✔ patched grammar build helper exists independently of renderer integration (1.0143ms)
✔ extracts exactly the admitted factory bytes and emits a deterministic module using shared installed Lezer (147.9792ms)
✔ malformed and changed baseline bytes are refused before any output or arbitrary evaluation (62.8815ms)
✔ baseline size is bounded before extraction and existing hard-linked input is never overwritten (155.6571ms)
✔ patched empty class patterns remain fixed against actual unpatched upstream control (71.145ms)
✔ patched parenthesized with items remain fixed against upstream control (56.915ms)
✔ formfeed indentation remains fixed against upstream control (47.2119ms)
✔ decorated async functions and multiline literals parse without executing Python (59.4425ms)
✔ local grammar highlighting uses the same installed highlight properties (57.623ms)
✔ native Presenter and zero-entity Audience need exact readonly deck proofs during all-view preparation (892.1583ms)
✔ changed private notes invalidate a genuine presentation seal without giving Audience content authority (758.5336ms)
✔ zero-entity Audience cannot prepare without genuine native readonly classification (820.9856ms)
✔ readonly Code seals the exact selected historical source without committing a newer private draft (1007.0066ms)
✔ readonly Docs seals only its exact selected document with native provenance and no content projection (712.3107ms)
✔ copied native captures, writable classification and changed Lock scope cannot issue readonly seals (566.476ms)
✔ changed selected document or removed source reference invalidates a genuine readonly receipt (1742.3829ms)
✔ readonly seal keeps actual source corruption as a refusal without manufacturing durability (669.2845ms)
✔ a native readonly Code/Docs roster prepares without committing the unselected draft or pretending to save (874.3636ms)
✔ an empty acknowledgement still cannot prepare a writable Code/Docs roster (675.5105ms)
✔ readonly classification refuses source writes even with a genuine draining nonce (535.9953ms)
✔ an unversioned Code admission cannot seal whichever source version later happens to be selected (471.8139ms)
✔ unacknowledged conflicting work is offered and restores a new exact copy without altering either original (768.1214ms)
✔ damaged selection and revision have opaque export handles; unknown paths and changed bytes are refused (338.2507ms)
✔ revision pruning requires verified current checkpoint and retains ten committed copies plus damaged and future originals (2425.9097ms)
✔ exact durability verifies the saved candidate and its source bytes, without rebuilding unrelated recovery histories (1289.4968ms)
✔ missing, emergency-only, damaged and replaced checkpoint records never establish saved durability or trust catalog labels (871.513ms)
✔ diagnostic control: actual recovered-copy services and production flush acknowledge an initialization save (499.9555ms)
✔ verified partial workspace commit stays failed but next production save uses its exact revision (492.9803ms)
✔ recovery writer contention remains an explicit refusal while a later exact-CAS save succeeds (303.7303ms)
✔ recovery selection drains an old operation before changing the selected bootstrap (228.399ms)
✔ old operation cannot publish into a later selection generation, even when the selected project ID matches (178.147ms)
✔ failed renderer flush leaves the current recovery selection usable and a later transition can retry (196.22ms)
✔ checkpoint retention keeps 10 verified saved points, newest private draft and unacknowledged emergency (1994.0477ms)
✔ corrupt newest checkpoint and catalog offer an older verified copy while preserving damaged originals (601.8144ms)
✔ missing checkpoint bytes cannot be called recovered, even with a planted positive catalog entry (239.971ms)
✔ owned process killed at write phases restarts with an exact old or new selected revision (1735.3303ms)
✔ three verified-dead unclean sessions within five minutes offer Recovery Mode; PID reuse is not a live session (90.5ms)
✔ unknown process inspection and malformed session events fail closed instead of treating them as confirmed dead (92.4026ms)
✔ all native graph palettes match frozen original literals and named modes (897.0322ms)
✔ forced named modes ignore OS mode while System resolves once (0.9971ms)
✔ render capsule refuses unknown names, inconsistent modes and arbitrary CSS/fields (0.4531ms)
✔ repeated unchanged renderer saves preserve the actual last-good backup and native project revision (537.6725ms)
✔ a real new state rotates last-good once and further unchanged saves preserve that prior state (535.8405ms)
✔ read-only legacy cache cleanup cannot mutate its mirror, issue schema-1 writes or poison a later Lock drain (4.707ms)
✔ native adapter retains typed refusal and bounded commit receipt fields without reporting success (1.8907ms)
✔ native refusal diagnostics keep CAS and reject malformed receipt metadata (2.2165ms)
✔ adapter reconciles only a degraded exact workspace bag with the immediate next committed revision (10.2269ms)
✔ private Code recovery waits for a native receipt and never labels rejected writes stored (18568.7471ms)
✔ account-transition storage lock retains the acknowledged mirror and a failed flush is not hidden (1.7716ms)
✔ built renderer freezes final account commit, drains writes, and safely resumes after a failed flush (10651.4231ms)
✔ accepted 64 MiB escaped work survives create, save, pending read and recovery in a fresh store (15786.6479ms)
✔ oversized serialized revision is refused before changing the current pointer or writing a revision (644.3546ms)
✔ oversized serialized recovery point is refused before retaining an unreadable checkpoint (718.6853ms)
✔ overlapping journal events read and publish in request order without losing a close record (131.538ms)
✔ a real journal refusal does not poison later explicitly requested recovery writes (86.5282ms)
✔ duplicate native ready notifications share one pending journal publication: success (1.8067ms)
✔ duplicate native ready notifications share one pending journal publication: failure stays fenced (1.1652ms)
✔ private navigation is never shown before native admission or on its refusal (7.6786ms)
✔ a genuine Studio theme choice before the shared bar mounts still persists and wins startup (2.7518ms)
✔ wrong baseline refuses before creating any renderer output (68.1937ms)
✔ CSP hashes the script after HTML tokenization, including NULL and CRLF normalization (13048.1219ms)
✔ local protocol serves app bytes but refuses hostile raw paths (5.0228ms)
✔ local protocol rejects renderer symlink escapes (2.1812ms)
✔ IPC rejects remote/subframe senders and malformed save requests before dispatch (1.7467ms)
✔ an unusable portable data root requires explicit choice; cancel never redirects silently (13.3728ms)
✔ text has an explicit Python limitation while visible Compare routes to saved diff (8.5827ms)
✔ actual structure controller pages 64 literal labels and navigates exact offsets only for current immutable ref (22.616ms)
✔ comparison uses a real window choice, paints literal A/B snapshots and explicit approximation, and navigates only current A (5.1058ms)
✔ late cancelled/Lock/stale replies never repopulate the real panel (6.9362ms)
✔ dirty/pending edits refuse analysis; selected range request contains immutable metadata and offsets, never text/path (2.1503ms)
✔ Cancel keeps its click target after completion and becomes Clear, so a finishing job cannot redirect the click (3.5538ms)
✔ starting a fresh job enables the genuine Cancel control even after changing analysis scope (1.8105ms)
✔ selected map sends only genuine range metadata, draws literal bounded nesting and supports collapse/navigation (3.234ms)
✔ a type annotation has a specific explanation without pretending to assign or observe a value (2.1355ms)
✔ actual patched worker indexes decorated classes/async functions/match/multiline and Unicode ranges without executing source (211.2209ms)
✔ malformed Python reports partial syntax coverage; arbitrary source stays literal (63.7859ms)
✔ finite UTF16 prefix/range and definition limits label partial coverage, never full support for truncated source (123.6663ms)
✔ invalid payload/getters/surrogate ranges/duplicate jobs are refused before additional I/O (98.8846ms)
✔ cancel during genuine load retains job until I/O drains and rejects its late result (11.5653ms)
✔ finite job evidence records pre-worker cancellation only after genuine held source I/O drains (10.6687ms)
✔ stale results and corruption after a successful immutable read are refused, never cached (51.3345ms)
✔ hard deadline kills actual worker and cancellation/drain leaves no owned threads (16.4087ms)
✔ worker artifact bytes are bound to build receipt and tampered identity never starts a worker (8.0764ms)
✔ BOM/CRLF immutable offsets and long-token/node budgets remain exact and explicit (143.5999ms)
✔ actual worker crash is joined and deadline-expired worker can be replaced by a fresh successful job (88.7125ms)
✔ oversized worker artifact is refused by bounded owned-file read before worker creation (8.4545ms)
✔ source bundle admission uses its dedicated metadata method and disposes the validator (1.8581ms)
✔ stale source bundle metadata admission creates no validator resource (0.5166ms)
✔ invalid metadata encoding, shape and native file name are refused before resource creation (1.1838ms)
✔ Lock while bundle metadata is pending refuses its reply and destroys the validator (0.2511ms)
✔ unavailable dedicated method, malformed reply and failed disposal cannot admit a copy (0.3698ms)
✔ real exported source versions copy to independent version-one identities with exact bytes provenance and global recovery intact (2345.6551ms)
✔ source mutation or dangling admitted pointer is refused before allocation (2424.1368ms)
✔ initial revoked authority or missing recovery creates no copy (1109.3528ms)
✔ revocation after source allocation leaves an explicit unselected incomplete copy and preserves original (1013.4431ms)
✔ failure during initial selector allocation reports only the actual fresh copy identity (1001.1113ms)
✔ checkpoint failure cannot produce completed import and cannot damage existing global recovery points (1211.2174ms)
✔ an already verified checkpoint is acknowledged despite a later checkpoint hook error (1135.9763ms)
✔ unsupported raw source bytes are preserved in a new imported copy (785.4925ms)
✔ validator-admitted metadata changes are retained while source pointer identities are remapped (990.0269ms)
✔ substituting another valid bundled pointer at the same metadata path is refused before allocation (404.6153ms)
✔ completed import status remains valid after a genuine later manifest save (1030.0714ms)
✔ absent status is normal while corrupted unknown oversized or mismatched status fails closed (373.5659ms)
✔ final completion publication failure is unconfirmed while actual owned marker still verifies incomplete (814.0977ms)
✔ post-rename completion hook failure retains a complete verified copy without claiming incomplete or successful selection (753.9151ms)
✔ authority revoked after final marker publication retains complete copy unselected with unconfirmed result (947.4294ms)
✔ equal bytes with distinct original source identities and provenance remain distinct in the copy (707.3861ms)
✔ actual source export uses metadata-only admission and retains exact native source bytes (649.8164ms)
✔ a declared corrupt bundle refuses before isolated resources and cannot fall through to legacy (498.8567ms)
✔ metadata admission cannot substitute a source pointer or become current again after revocation (593.3194ms)
✔ the existing legacy project path still uses its frozen validation method (1.0898ms)
✔ a real RecoveryStore source export is admitted with exact bytes metadata and unknown provenance (725.976ms)
✔ only valid legacy JSON falls back; declared invalid bundles never fall back (1.0133ms)
✔ wire source aggregate reference and metadata budgets are checked using lower injected caps (760.6017ms)
✔ snapshot hash source hash full provenance and actual metrics must agree (546.0395ms)
✔ base64 is canonical rather than accepting whitespace junk excess padding or omitted padding (607.2798ms)
✔ operational unknown fields duplicates missing and extra records are refused without discarding opaque metadata (515.1256ms)
✔ traversal identities and unknown metadata source pointers cannot be admitted (549.8053ms)
✔ unsupported source encoding remains exact raw bytes and reference metrics (475.1899ms)
✔ parser owns input source bytes independently of the chosen wire buffer (694.1134ms)
✔ canonical base64 validation admits a bounded multi-megabyte real export without regex stack overflow (757.3801ms)
✔ actual 300k-line Unicode Python export parses without regex stack overflow and retains exact bytes (1754.8364ms)
✔ flat base64 validation keeps empty and all padding shapes canonical and refuses malformed padding or unused bits (2138.8374ms)
✔ dedicated gate preserves sparse native metadata and unknown opaque data (6.8088ms)
✔ only validation projection receives placeholders; pointers and opaque row fields survive (1.85ms)
✔ explicit known loss and array dropping are rejected; original input stays unchanged (2.1371ms)
✔ absent defaults are allowed without replacing original document or review (0.9472ms)
✔ frozen workspace context is candidate-bound and restored after rejection (0.9001ms)
✔ inline source collision, malformed pointer and invalid draft cannot cross the gate (3.2571ms)
✔ historical linked release/revision sources and private draft pointers are preserved (1.4841ms)
✔ prototype-named opaque keys remain data without changing object prototypes (0.8622ms)
✔ concurrent invocation is refused while frozen validation awaits, and can retry after completion (1.2331ms)
✔ source-aware zero-diagram path keeps Code and Docs gates without inventing a diagram (2.1631ms)
✔ selection refuses revocation immediately before pointer publication and retains original bytes (40.1583ms)
✔ already renamed selection finishes readback and state handoff while tracked in the Lock drain (149.5044ms)
✔ post-rename failure reports uncertain selection in readonly recovery instead of claiming rollback (34.2562ms)
✔ explicit readonly client loads exact large Unicode/CRLF CM text through real reader leases without mutation adapters (420.6937ms)
✔ readonly selection is explicit boolean and default writable clients still require mutation adapters (0.8581ms)
✔ client loads verified CM Text with exact identity and no retained text in its state (439.4376ms)
✔ disposal cancels a pending document load without publishing retained text (311.7973ms)
✔ reset cancels an old load; its result cannot publish after identity generation changes (333.4201ms)
✔ a durable edit cancels an in-flight initial load and preserves the exact newer source (511.411ms)
✔ external cancellation before the final client continuation cannot publish a verified document (298.2204ms)
✔ source client exists before any integration (0.8529ms)
✔ only an exact successful commit can replay its native operation; edit reuse and changed identities stay fenced (2.5055ms)
✔ view pause rejects new edits without fencing admitted local edits; drain waits for every native receipt (1.4904ms)
✔ failed or disposed paused queues cannot report a successful drain or reset themselves clean (0.59ms)
✔ pause invalidates pending reads while an unpaused drain refuses a false barrier (0.8254ms)
✔ resume and a new pause retire an older drain even when both have the same source identity (0.5529ms)
✔ real paused local queue drains edits and an already admitted commit with exact fresh disk bytes (889.4158ms)
✔ copies immutable identity and refuses malformed references or bridge (1.068ms)
✔ bounded Unicode reads use bound identity and never accept mismatched receipt coordinates (0.7367ms)
✔ metrics validate full identity and numeric/encoding shape without provenance publication (0.6501ms)
✔ serializes queued edits and commit; advances only after exact durable acknowledgements (0.4462ms)
✔ failed edit fences queued edits and commit until explicit same-source reset (0.3449ms)
✔ malformed mutation identity, operation, version, hash or durability never advances (0.4416ms)
✔ commit must preserve exact current hash/version and reports degraded recovery explicitly (0.3332ms)
✔ stale and duplicate operation requests cannot rebase or double-apply (0.2096ms)
✔ mutation request validation prevents unpaired or oversized input and accessor evaluation (0.3475ms)
✔ accepts the IPC 8MiB insertion byte boundary and refuses multibyte overflow (30.37ms)
✔ stalled authority cannot retain an unbounded mutation queue (1.1561ms)
✔ pending inserted bytes are bounded separately from operation count (47.005ms)
✔ late range and metric replies after disposal/reset contain no source data (0.3063ms)
✔ read started before an edit cannot publish stale text after durable version changes (0.3994ms)
✔ dispose discards in-flight reads/mutations and notifications; queued mutations never call bridge (0.2443ms)
✔ reset invalidates late completions without altering another source or queued work (0.2836ms)
✔ subscriber teardown and throwing observers cannot change receipt acceptance (1.6593ms)
✔ bounded recent operation cache does not stop normal editing after 4096 acknowledgements (68.8929ms)
✔ subscriber reset invalidates older notification delivery to remaining observers (0.4027ms)
✔ transport failures and malformed failures fence without publishing bridge secrets (0.2457ms)
✔ real repository byte receipts survive Unicode edit, no-op and commit without source copying (837.1202ms)
✔ draft with a materialized blob is not a native commit; proof never writes or updates Docs (493.5362ms)
✔ fresh native proof resolves exact selected historical commits without substituting latest source (844.3591ms)
✔ recovery-degraded remains degraded in a fresh proof rather than accepting claimed durable status (457.5888ms)
✔ corrupted committed blob or commit journal cannot yield a proof (719.5967ms)
✔ proof copies its request before awaits and rechecks native access before publication (453.0387ms)
✔ source context distinguishes exact, earlier and same-name/hash foreign associations without private bodies (1.7664ms)
✔ metadata requires admitted references and safe own names; unknown language never becomes Python from source contents (0.3108ms)
✔ relationship previews and scans are finite and disclose incompleteness instead of claiming unlinked (36.1074ms)
✔ exact Docs Python claims work without standalone files; conflicting claims stay unknown (0.3675ms)
✔ exact file language outranks a stale fileId name and duplicate Doc rows still contribute conflicts (10.4142ms)
✔ relationship filters inspect admitted associations beyond the eight preview captions (0.5598ms)
✔ native Docs txt classification and unsafe descriptive filenames cannot conceal an explicit text conflict (0.2444ms)
✔ actual owned diff worker compares two immutable hashes and exact EOF changes in 300k-line source (346.1147ms)
✔ missing/forged right ref, right corruption and left-buffer mutation during second read cannot publish a diff (3.486ms)
✔ cancellation during right-version read waits for actual I/O and starts no late worker (1.1318ms)
✔ exact bounded LCS produces independent before/after ranges with CRLF, Unicode and EOF endings intact (2.0702ms)
✔ real 300k-line localized EOF change is an exact complete comparison beyond prefix budgets (146.9195ms)
✔ dense region and hunk/preview budgets explicitly aggregate approximation, preserving full comparison coverage (0.5607ms)
✔ identical and empty sources remain exact; UTF16 preview never splits a surrogate and invalid budgets are refused (0.9772ms)
✔ unlinked Code explicitly creates one exact source-pointer block in chosen Docs and duplicate never adds a second (1058.1961ms)
✔ new Code Docs target refuses stale CAS, forged source proof, malformed fields and late revocation without changing existing Docs (833.6025ms)
✔ explicit Docs save links exact committed source while preserving other Docs, agent, release and source bytes (814.4617ms)
✔ new Code row refuses the native 300-block budget and never manufactures room by removing existing blocks (913.2176ms)
✔ distinct document content tokens permit sequential owner saves without refreshing stale envelopes (1079.8657ms)
✔ exact duplicate returns selected historical receipt after other changes; operation reuse refuses (1134.4301ms)
✔ forged commit and unknown/foreign targets refuse with unchanged native Docs selection (677.9174ms)
✔ active storage envelope is updated without changing unrelated bag keys (701.1621ms)
✔ revocation inside native before-select hook cannot publish a linked Docs revision (573.841ms)
✔ recovery-degraded source cannot produce an unqualified committed Docs receipt (629.8084ms)
✔ strict link input rejects getters and extra fields without evaluating user code (374.8266ms)
✔ one native owner serializes concurrent distinct Docs and publishes only immutable matching document receipts (729.2689ms)
✔ unsafe Docs adapter output is refused before publication instead of forwarding text or forged refs (499.7274ms)
✔ selected marker without the actual linked document cannot fabricate a successful historical operation (457.5654ms)
✔ unselected orphan operation cannot manufacture an acknowledgement; explicit retry must select and read back (551.4603ms)
✔ strict data-only payloads and only four methods reject before repository dispatch (347.1447ms)
✔ native registry authority fences forged senders, subframes, wrong source, roles, epoch and locked access (1250.8029ms)
✔ readonly Code can read bounded immutable versions; metadata and read receipts expose no provenance (271.2238ms)
✔ range, version, Unicode and exact UTF8 insertion caps reject before dispatch; TextModel protects split surrogates (632.8778ms)
✔ per-call guard binds repository context to captured project/source/action and rejects asynchronous access policy (316.7768ms)
✔ real edits and blob commits are durable and idempotent; stale versions and operation ID reuse refuse without manifest save (942.9448ms)
✔ revocation after awaited read or mutation withholds every stale byte and acknowledgement (1430.8259ms)
✔ publication fault revokes during native before-select guard and leaves the selected source pointer unchanged (1491.2331ms)
✔ actual owned writer contention and native version/budget failures keep fixed sanitized codes (261.8991ms)
✔ checkpoint degradation remains explicit blob durability and unsafe repository outputs cannot disclose data (332.6889ms)
✔ main-only diagnostics retain native failure code without exposing private errors or logging rejected renderer authority (314.5093ms)
✔ verified loader builds CodeMirror Text without normalizing BOM, CRLF, bare CR or Unicode (40.1733ms)
✔ loader detects equal-length text corruption against the independent full hash (4.016ms)
✔ cancel after a progress callback never exposes a partial document and closes the read (1.5696ms)
✔ wrong reader/version/boundaries and stalled chunks refuse rather than append or loop (1.5922ms)
✔ failure to close a successful read is reported rather than presenting a verified document (1.2836ms)
✔ a read opened after cancellation is closed when its delayed native receipt arrives (31.0326ms)
✔ native read refusal remains an attributed error, without a partial document (0.9654ms)
✔ the captured source identity cannot be changed by a bridge adapter (0.6612ms)
✔ a bridge cannot rewrite the expected close identity and acknowledge a different read (1.4602ms)
✔ manifest validates exact bounded reference identities and refuses inline or missing sources (417.516ms)
✔ commit materializes exact old source versions before selecting schema 2 manifest (558.2209ms)
✔ manifest refuses forged metrics and provenance without selecting a new project revision (379.6012ms)
✔ idempotent manifests survive newer commits and changed payload IDs refuse reuse (477.7241ms)
✔ unselected orphan revisions cannot produce a successful duplicate acknowledgement (570.9333ms)
✔ after-selection fault acknowledges exact selected manifest while checkpoint failure remains degraded (496.2361ms)
✔ source verification fault leaves original selection and retains attempted files (472.8484ms)
✔ unsupported raw source bytes remain exactly referenced and exportable after a manifest commit (651.0227ms)
✔ access revoked after source materialization refuses manifest publication (323.1803ms)
✔ concurrent manifest owners cannot both publish against one project revision (382.3467ms)
✔ identical orphan and successful retry records still prove selected ancestry for duplicate receipts (790.9645ms)
✔ native restore purpose permits new manifest selection when ordinary workspace saves are refused (369.9872ms)
✔ permission revoked in the awaited before-select hook cannot publish a new manifest (388.4458ms)
✔ selected parent identity distinguishes an orphan with a different checkpoint policy (455.3613ms)
✔ real admitted parser projects values, annotations without values and updates distinctly (5.4695ms)
✔ annotation classification follows direct parser operator, not equals in strings or nested calls (1.2126ms)
✔ chained, destructured, attribute, subscript and Unicode assignments retain exact source ranges (1.0174ms)
✔ function and branch containment includes assignments without claiming execution or data flow (0.6947ms)
✔ existing yield, await and call blocks survive assignment projection (0.7816ms)
✔ syntax errors retain absolute locations and bounded diagnostics, not successful runtime claims (25.9556ms)
✔ new assignment blocks honor graph, edge and visit caps (8.6968ms)
✔ shortened assignment labels never split a Unicode surrogate pair (0.325ms)
✔ actual map view accepts annotation literally with an accurate explanation and immutable navigation (24.6164ms)
✔ actual patched worker maps selected Python syntax containment and exact navigation without claiming execution (226.4446ms)
✔ selected syntax map uses exact EOF ranges/lines beyond 300k and refuses a missing range before I/O (176.7321ms)
✔ actual isolated analysis worker preserves assignment, update and annotation distinctions in the exact stored version (52.3311ms)
✔ finite map budgets, incomplete syntax and literal labels remain explicitly partial and retain immutable bytes (86.8158ms)
✔ metrics distinguish UTF-8 bytes, UTF-16 offsets and CRLF line width (1.5166ms)
✔ empty and unterminated long lines count without adding terminator width (0.2413ms)
✔ metrics refuse unpaired surrogate input rather than replacement encoding (0.4157ms)
✔ migration writes a new schema 2 project and leaves every original project file byte-identical (1232.4388ms)
✔ two Docs referencing one original source share a blob while distinct release identities stay separate (772.4707ms)
✔ actual desktop storage bag migrates linked files, release snapshots and private draft keys (743.5043ms)
✔ partial source import failure reports the retained new project without admitting migration (505.7003ms)
✔ remapping updates only exact source pointers including JSON-valued storage without changing owner IDs (1.4402ms)
✔ migration keeps current linked files bound to current rows when a retained backup has older text (916.1738ms)
✔ source remapping preserves special JSON keys as data without prototype mutation (0.4278ms)
✔ satellite native metadata observer rejects source text, authority, accessors and invalid refs and unsubscribes exactly (7.9098ms)
✔ other-window notices coalesce and refresh only a clean idle view, ignoring unrelated and old versions (2.2868ms)
✔ failed clean refresh retains its notice without an unbounded retry loop; a newer native version may try once (3.0592ms)
✔ dirty, pending, fenced or retiring view preserves local work and never silently reloads it (1.7703ms)
✔ native read admission reflects genuine private captures, owner pause and access revocation without creating writes (699.4704ms)
✔ production reads require an explicit selected version and cannot disclose a newer unselected draft (659.9812ms)
✔ native Code reads exact versioned bytes and metrics without project, Docs or another source content (697.1804ms)
✔ write and unknown methods are refused before obtaining any native source repository (693.8354ms)
✔ Docs, copied same-URL sender, subframe, foreign source and locked callers cannot read native source bytes (626.5688ms)
✔ Home cannot reuse the workspace role to obtain source data and malformed payloads cannot evaluate accessors (608.5414ms)
✔ read bridge obeys owner pause and cannot lift a transition fence (672.8532ms)
✔ typed read receipt streams exact source with Unicode-safe acknowledged boundaries and no provenance (417.1879ms)
✔ another registered view cannot consume or close a copied read ID (330.7237ms)
✔ source/hash/version confusion and renderer authority fields refuse without disclosing text (219.6627ms)
✔ service bounds opening and active handles; disposal fences pending admission (204.6154ms)
✔ destroying one native reader window immediately releases its budget without closing another window lease (401.9481ms)
✔ a native window lost while a reader opens cannot publish bytes or retain the opening budget (287.2115ms)
✔ legitimate disk corruption retains its error attribution and releases the failed open (305.6483ms)
✔ a null native rejection becomes a sanitized failure rather than rejecting the invocation (415.5382ms)
✔ native adapter extensions cannot add private fields to typed open or chunk receipts (332.6962ms)
✔ actual native main owner allows verified selected schema-2 reads in readonly while preserving legacy write gates (731.3022ms)
✔ actual main source gate refuses PIN transitions, shell failures, quiescence, legacy source IDs and unselected source refs (3816.1773ms)
✔ actual main mounts the finite read-only source channel and tracks its pending operation in the shared write/drain set (488.0364ms)
✔ primary source API stays readonly; satellite mutations use a distinct finite native channel (4.1696ms)
✔ actual main confines a Code window to its admitted version even when another version is selected in the same project (697.6634ms)
✔ bounded chunks preserve every BOM/newline/Unicode byte and the captured version after a later edit (520.7141ms)
✔ snapshot reads stay immutable; subsequent readers verify disk integrity again (216.8845ms)
✔ Lock revokes snapshot reads and disposal closes access rather than returning retained text (359.6948ms)
✔ reader limits include pending opens; failure/disposal reclaim capacity without changing source bytes (262.1571ms)
✔ unsupported UTF-8 cannot create a reader and does not consume its slots (351.8684ms)
✔ pool capacity cannot be expanded by overwriting exposed configuration (434.6741ms)
✔ an expired pending open keeps its capacity until the original I/O settles (326.9574ms)
✔ dispose during the final read guard suppresses already computed private text (280.2982ms)
✔ pool expiry cannot be postponed by overwriting exposed configuration (2421.447ms)
✔ microtask disposal immediately before read publication suppresses private text (242.2414ms)
✔ microtask disposal immediately before open publication suppresses the reader grant (184.7748ms)
✔ schema 2 refuses old renderer workspace save without changing the source manifest (413.0583ms)
✔ selecting schema 2 exposes a read-only legacy view instead of allowing metadata-only edits (395.6786ms)
✔ schema 2 checkpoints and exports bind referenced bytes, not only metadata JSON (551.8831ms)
✔ restoring schema 2 creates independent sources and preserves every byte of the original project (1405.6936ms)
✔ source collection preserves emergency references and selected private drafts, removing only unselected import debris (789.4092ms)
✔ damaged recovery scan refuses collection and retains original source/debris bytes (673.2699ms)
✔ missing bytes of a selected unlinked source refuse collection instead of classifying it as an import orphan (498.2569ms)
✔ an unscanned checkpoint temporary refuses collection because recovery coverage is incomplete (408.1622ms)
✔ verified read never reuses bytes after the owned source blob changes or disappears (298.6128ms)
✔ verified version reads exact original or edited bytes with one genuine replay and rechecks read/export authority after it (524.2041ms)
✔ exact BOM, mixed newline and Unicode bytes survive import, durable draft, commit and fresh reopen (597.479ms)
✔ duplicate operations survive restart; stale writes and ID reuse cannot replace selected bytes (892.5016ms)
✔ split surrogate, unpaired input and out-of-range edits preserve original version and bytes (410.4278ms)
✔ malformed UTF-8 stays exactly exportable and refuses editing without implicit conversion (346.9806ms)
✔ 32 MiB source boundary is accepted, +1 refused; growing edit also obeys bytes rather than lines (1380.4236ms)
✔ project disk budget includes retained distinct blobs and journal overhead, refusing before publication (284.1437ms)
✔ blob, journal and preselection faults keep old version; postselection ACK states the durable new version (1084.0868ms)
✔ checkpoint failure after source commit returns committed version with recovery-degraded durability (416.6286ms)
✔ edit and commit share an operation identity namespace, refusing cross-kind reuse (317.8007ms)
✔ default 256 MiB disk budget refuses the eighth distinct 32 MiB blob and preserves the seven admitted originals (5288.4931ms)
✔ PIN/access, IDs, unknown project and junctions cannot bypass owned-source access (135.5523ms)
✔ concurrent owners cannot both select edits from the same source version (159.2456ms)
✔ access lost immediately before pointer selection cannot publish a new draft (302.8537ms)
✔ a successful checkpoint receipt is durable and idempotent after restart (219.5348ms)
✔ an unselected durable commit journal does not poison its operation ID after another commit (299.5326ms)
✔ native source mutation bridge preserves two independent Unicode/CRLF sources and leaves Docs/project untouched (1143.2166ms)
✔ native duplicate and stale mutation retain exact CAS semantics and immutable original (743.7091ms)
✔ historical Code, Docs, foreign entity, copied sender and subframe cannot gain edit authority (525.3458ms)
✔ mutation payloads cannot smuggle project/epoch/nonce, methods or getters before native repository admission (417.6966ms)
✔ Lock during pending edit suppresses successful disclosure and preserves the selected source (682.4933ms)
✔ paused mutation requires the genuine frame drain ticket and seals an actual committed source (615.11ms)
✔ actual main mutation channel refuses normal readonly/historical/foreign views and tracks genuine admitted draft writes (723.1968ms)
✔ satellite preparation keeps the source drain nonce private and never exposes it in the public bridge (5.4738ms)
✔ actual startup retains readonly identity refusal and records bounded diagnostics without native paths (5.9163ms)
✔ startup reports finite native query/decode reasons and byte counts without returned text (1.843ms)
✔ exact ten Terminal methods accept only their complete typed request and normalize an immutable copy (4.5861ms)
✔ Terminal requests reject unsafe identifiers, numeric coercion, omitted fields and dimension overflow (0.8947ms)
✔ prototype-bearing, accessor, symbol and hidden payload fields are refused without executing getters (0.5703ms)
✔ terminal input is bounded by exact UTF-8 bytes and refuses malformed UTF-16 without partial normalization (3.808ms)
✔ invalid Terminal payload is refused before dispatch and valid dispatch receives only the immutable copy (1.3024ms)
✔ frozen Terminal default budgets equal the approved finite limits (0.3894ms)
✔ per-lease256KiB and global2MiB output credits are exact and bounded across8 views (1.8266ms)
✔ only observed delivery boundaries refund credit; duplicate ACK never refunds twice (1.3917ms)
✔ detach releases exactly its credit and stale lease cannot ACK a new attachment (0.2687ms)
✔ strict byte offsets, finite frame metadata and gaps never grant hidden credit (0.7355ms)
✔ unknown, duplicate and exhausted cursors refuse without mutating credit state (0.8506ms)
✔ cwd defaults refuse authority before invoking picker or filesystem (9.2194ms)
✔ cwd returns only immutable public grant and resolves same-project eligible peer (5.4065ms)
✔ cwd literal native paths preserve drive roots Unicode and shell punctuation (4.7414ms)
✔ cwd cancellation and empty or multiple picker results never choose a fallback (1.4194ms)
✔ cwd denies malformed path namespaces components and invalid Unicode (4.4898ms)
✔ cwd refuses protected root equality descendants case aliases and normalized traversal (1.7312ms)
✔ cwd refuses redirected leaf or reparse ancestors without trusting canonical label (3.9889ms)
✔ cwd revalidates selected identity and every ancestor instead of silently retargeting (3.8026ms)
✔ cwd missing inaccessible or file directory provider never returns an alternate path (1.0396ms)
✔ cwd guards reject copied foreign stale and disallowed role grants (1.3492ms)
✔ cwd locked readonly recovery and nonwritable views cannot select or resolve (2.0262ms)
✔ cwd picker completion cannot survive admission rollback or revoke (0.8114ms)
✔ cwd admission is rechecked after each protected-root and selected-directory await (0.6667ms)
✔ cwd resolve rechecks authority after every filesystem await (1.7258ms)
✔ cwd revoke and dispose invalidate old tokens and in-flight work permanently (0.8943ms)
✔ cwd bounded tokens never evict live authority and concurrent picker capacity is finite (1.6285ms)
✔ cwd stale completion after revoke cannot consume the new generation capacity (0.8197ms)
✔ cwd provider getters and asynchronous truthy authority are refused (0.7423ms)
✔ cwd missing protection or inspection provider never grants a token (0.6703ms)
✔ cwd final authorization cannot revoke the scope and then return a late token (1.0497ms)
✔ cwd final resolve guard cannot dispose authority and still deliver a path (1.5695ms)
✔ cwd current guard cannot reentrantly revoke admission on the final return check (0.6829ms)
✔ cwd native device aliases are outside the admitted local pathname policy (0.814ms)
✔ cwd rejected inspections redact provider exceptions and retain capacity (0.9002ms)
✔ cwd malformed provider reflection cannot leak private exceptions as receipts (0.509ms)
✔ cwd hard grant capacity is finite and unknown forged ids never resolve (18.8797ms)
✔ cwd bounds path prefix expansion before malformed evidence can exhaust64MiB (192.4992ms)
✔ Terminal output component exports the specified pure interfaces (3.0593ms)
✔ ring retains an exact 4 MiB tail of a 10 MiB line and reports exact cursor gap (29.2614ms)
✔ UTF-8 deliveries never cut a scalar and resume exactly from their byte cursor (0.6451ms)
✔ small writes pack into finite blocks and saturation preserves bounded metadata (8.2068ms)
✔ producer keeps appending without a consumer and clear preserves sequence/gap accounting (0.4309ms)
✔ invalid options, data and future cursors refuse without changing retained output (0.6583ms)
✔ VT filter holds a split sequence until complete and preserves ordinary ANSI/Unicode (0.8621ms)
✔ oversized OSC is omitted across pushes through a split ST without retaining payload (3.5975ms)
✔ CSI and C1 DCS/SOS/PM/APC budgets recover after their actual terminators (5.2016ms)
✔ CAN cancels discarded VT data and parser reset drops a bounded incomplete sequence (0.5412ms)
✔ filter output deliveries are capped even when a pending sequence completes with a full input chunk (2.805ms)
✔ Terminal policy defaults to refusing sender identity; matching plain fields never mint native authority (1.6379ms)
✔ workspace may configure/list/create/stop, but only terminal role may attach/input/resize/ACK/detach (1.6598ms)
✔ PIN and epoch are checked on every call, including passive session metadata (0.308ms)
✔ readonly and recovery expose only passive eligible metadata; unknown modes refuse everything (0.2985ms)
✔ native session, project and current attachment identity are required for leased operations (0.4414ms)
✔ failed or asynchronous authority providers cannot authorize a synchronous input fence (0.5847ms)
✔ normal app mode never upgrades a current read-only view to shell execution (0.4788ms)
✔ profile defaults do not discover files or issue a usable executable (3.2225ms)
✔ profile list is immutable and exposes no native executable argv or environment (2.5791ms)
✔ profile resolver returns absolute fixed interactive PowerShell envelope without commands (2.2745ms)
✔ profile missing native OS root or executable remains unavailable without PATH fallback (1.713ms)
✔ profile unknown optional ids and caller startup arguments cannot select a shell (0.5318ms)
✔ profile revalidates pinned executable and directory identities after discovery (2.3813ms)
✔ profile refuses native file evidence with missing ancestry identity or accessor fields (0.8927ms)
✔ profile environment strips injection keys without mutating native OS snapshot (0.7032ms)
✔ profile refuses duplicate case-folded environment variables and non-data snapshots (1.9286ms)
✔ profile total environment budget refuses oversized aggregate without silent truncation (1.0523ms)
✔ profile scope is checked after OS-directory and executable awaits on list (0.6863ms)
✔ profile scope is checked after each resolve await including environment snapshot (0.8004ms)
✔ profile revoke never revives an old asynchronous discovery and dispose is permanent (0.5724ms)
✔ profile concurrent operations are bounded without permanently consuming capacity on failure (0.3646ms)
✔ profile asynchronous truthy or throwing authorization cannot discover a shell (0.3155ms)
✔ usable native profile envelope never becomes a renderer supplied create authority (0.5044ms)
✔ profile final scope check cannot reentrantly revoke and deliver executable or env (0.5975ms)
✔ profile final native guard cannot dispose and still return a usable envelope (0.8737ms)
✔ profile replacement during environment await is rechecked before returning envelope (0.5481ms)
✔ profile concurrent discovery never accepts two different pinned native identities (1.3288ms)
✔ profile missing required OS variables or malformed private-key policy refuses (1.2986ms)
✔ profile discovery refuses native device aliases before trusting executable evidence (0.7138ms)
✔ profile malformed provider reflection never leaks private errors through list or resolve (0.6302ms)
✔ profile final executable check is fenced after its own native await (0.4427ms)
✔ profiles bounds path prefix expansion before malformed evidence can exhaust64MiB (178.382ms)
✔ Terminal session state starts closed and never pretends it owns native processes (1.086ms)
✔ one project/window lease and immutable bounded session metadata; no foreign session attach (1.1031ms)
✔ exact Unicode input is written once; duplicates, conflicting data and sequence gaps do not replay (2.5046ms)
✔ latest256 input receipts stay bounded; expired inputs cannot be resubmitted (11.5786ms)
✔ Lock fences synchronously, drops queued input, keeps an already delivered command untouched (3.6634ms)
✔ pending duplicate receives one receipt, bounded queue refuses a whole paste and drains serially (3.6481ms)
✔ zero-byte pending input metadata is bounded and malformed input has zero writer effects (3.3385ms)
✔ transport failure is ambiguous, closes the lease and never retries or replays a command (0.4085ms)
✔ detach or host loss revokes pending work without issuing process commands (0.2726ms)
✔ known host loss immediately settles active and queued input as unavailable; late ACK cannot resurrect state (1.4567ms)
✔ eight real rings keep32MiB after512MiB output while stalled consumers cannot grow credited deliveries (1157.2653ms)
ℹ {"scope":"Pure Node rings/credits only; no PTY/renderer/native latency qualification","producedUtf8Bytes":536870912,"retainedUtf8Bytes":33554432,"peakCreditedUtf8Bytes":2097152,"peakAllocatedRingBytes":33554432,"visibleGaps":80,"peakObservedRss":174051328,"elapsedMs":1155}
✔ beginning, middle and EOF edits preserve exact BOM, emoji and CRLF (3.2325ms)
✔ duplicate identity returns original result and changed payload refuses reuse (0.3693ms)
✔ invalid UTF-16 boundaries, unpaired insertions and invalid ranges leave state unchanged (0.8352ms)
✔ validate prepares an inverse without consuming operation identity or mutating state (1.2635ms)
✔ undo and redo use unique action IDs with monotonic versions and clear redo on branch (0.8022ms)
✔ history budget retains recent operations and refuses undo once older entries are evicted (0.6494ms)
✔ unique no-op edits advance journal versions without adding undo history (0.2737ms)
✔ returned inverses cannot mutate retained history (0.3576ms)
✔ malformed numeric and source payloads return typed refusal without throwing (0.3228ms)
✔ line metrics update when edits join CRLF boundaries and remove longest lines (0.4583ms)
✔ all short newline boundary edits retain exact text and independently derived metrics (13.5338ms)
✔ repeated long-line edits and undo preserve widths and bytes without snapshot histories (8.2221ms)
✔ mixed repeated Unicode and newline edits match an independent string oracle (6.4427ms)
✔ exhausted versions refuse changes and evicted history still remembers operation identity (0.413ms)
✔ real anonymous release discovery stages only a complete signed package and an independently readable receipt (366.6033ms)
✔ 404, rate limit, server outage, draft and prerelease never report current (45.6998ms)
✔ HTTP success with a short or corrupt body never produces a ready receipt (6103.8771ms)
✔ cancel stops an actual paused response without admitting it or switching the application (46.068ms)
✔ durable high-water refuses rollback and corrupt trust state without silently resetting (41.6076ms)
✔ production transport refuses arbitrary hosts, HTTP, credentials, unsafe TLS and redirected private destinations (1.5866ms)
✔ automatic discovery waits for online status and durably runs at most once per 24 hours without downloading (85.1645ms)
✔ publisher signature verifies exact bytes; changed bytes, signature reuse and unknown key fail (13.9452ms)
▶ authenticated but unsafe metadata fails independently of a valid publisher signature
  ✔ expired (0.8229ms)
  ✔ product (0.5678ms)
  ✔ arch (0.5431ms)
  ✔ channel (0.5162ms)
  ✔ schema (0.6816ms)
  ✔ semver (0.65ms)
  ✔ prerelease (0.5261ms)
  ✔ overflow (0.6851ms)
  ✔ extractedOverflow (0.7043ms)
  ✔ duplicate (0.5526ms)
  ✔ caseCollision (0.5268ms)
  ✔ prefixCollision (0.4714ms)
  ✔ traversal (1.0137ms)
  ✔ reserved (0.4767ms)
  ✔ ADS (0.4301ms)
  ✔ trailingDot (0.4358ms)
  ✔ userData (0.3994ms)
  ✔ assetMismatch (0.364ms)
  ✔ floorAboveRelease (0.4337ms)
✔ authenticated but unsafe metadata fails independently of a valid publisher signature (13.8279ms)
✔ duplicate JSON fields, comments, trailing commas and invalid UTF-8 are rejected before use (2.0873ms)
SIREN_VIEW_PREPARE_STAGE {"stage":"sent","role":"code","elapsedMs":0}
SIREN_VIEW_PREPARE_STAGE {"stage":"acknowledged","role":"code","elapsedMs":1}
SIREN_VIEW_PREPARE_STAGE {"stage":"sealing","role":"code","elapsedMs":1}
SIREN_VIEW_PREPARE_STAGE {"stage":"prepared","role":"code","elapsedMs":37}
SIREN_VIEW_PREPARE_FAILURE {"role":"code","code":"CONTROL_STALE","rendererCode":null}
✔ actual main control seals a selected readonly Code version and refuses satellite primary draining (804.7791ms)
✔ production package includes the mounted control, barrier and immutable proof modules (0.4079ms)
✔ native Code view control exists (0.6381ms)
✔ native seal rather than a renderer supplied receipt establishes flush success (3.2879ms)
✔ unresponsive view reaches a native deadline and late acknowledgements cannot become success (15.6279ms)
✔ actual frame destruction refuses pending preparation and cancels its finite allowance (0.7964ms)
✔ one view is not prepared twice and independent views have independent acknowledgements (0.6353ms)
✔ deadline covers the native seal and never publishes its delayed success (17.2859ms)
✔ disposing control refuses every outstanding request and never records a clean close (0.6041ms)
✔ bounded native preparation diagnostics distinguish delayed renderer from delayed seal without granting authority (16.4112ms)
✔ preload.cjs bounds native preparation and keeps the draining nonce private (7.7648ms)
✔ windows/preload.cjs bounds native preparation and keeps the draining nonce private (2.881ms)
✔ all captured views are covered before mutable flushes; immutable and Home seals describe the final saved revision (5.3197ms)
✔ workspaceEntities implementation exists (1.3225ms)
✔ schema 1 native direct workpapers grant Docs but never infer legacy Code file IDs (2.4108ms)
✔ schema 2 sourceRefs produce unique Code IDs independently from provenance docs (0.5837ms)
✔ actual desktop primary bag outranks imported state, direct workpapers and old caches (0.4218ms)
✔ imported bag.state and direct active workpapers are recognized without recursive crawling (0.5757ms)
✔ storage bag without primary and unrelated/release/draft arrays grant no Docs (0.3699ms)
✔ invalid present primary or imported state fails closed instead of falling back (0.6832ms)
✔ malformed snapshots, schemas and outer JSON return empty without throwing (0.2966ms)
✔ invalid IDs, versions and hashes are filtered without numeric coercion (0.4178ms)
✔ missing or malformed sourceRefs yield no Code while actual Docs remain scoped (0.4374ms)
✔ own data descriptors avoid snapshot/ref getters and inherited authority (0.3867ms)
✔ array accessors and inherited sparse entries cannot contribute Code IDs (0.2123ms)
✔ JSON special keys never create inherited workpapers or pollute prototypes (0.1497ms)
✔ workspace UTF-8 byte cap rejects oversized multibyte JSON before parsing/granting (69.7698ms)
✔ roster contains only fresh ID arrays and preserves frozen native inputs (0.3277ms)
✔ actual ProjectStore-verifiable schema 1 and schema 2 snapshots produce native rosters (2.0235ms)
✔ renderer emits only data-free hashed role entrypoints and exact packaged modules (10597.8118ms)
✔ native role factory remains hidden and denies navigation, subframes, popups and webviews (1.7796ms)
✔ close active view targets its captured native shell, never the main workspace or another view (4.0255ms)
✔ close from main targets only the selected attached view; no selection is a harmless no-op (0.4733ms)
✔ close refuses foreign, revoked and mid-selection transition origins; native veto remains intact (0.5657ms)
✔ Quit requests the permanent main close path from any captured native role and also from locked main (0.4149ms)
✔ Ctrl+W and Ctrl+Q use the genuine input origin once, suppress repeat/menu duplicates and preserve composing keys (0.7321ms)
✔ native cycling restores the selected minimized neighbour and wraps both directions without opening a view (0.6479ms)
✔ main return restores only the permanent window while locked without authorizing a data view (0.4959ms)
✔ transition fences and invalid directions never restore a minimized data view (0.3469ms)
✔ same-URL replacement frames and changed native permissions are excluded from the focus roster (0.4301ms)
✔ a foreign focused native handle is never brought into the registered cycle (0.5193ms)
✔ native window lookup cannot alias another grant and access is rechecked after gathering the roster (0.4243ms)
✔ native key handling uses its genuine source window and consumes the menu accelerator once (0.2437ms)
✔ native key handling preserves unrelated keys and cannot cycle from an unregistered handle (0.2686ms)
✔ preserves reachable negative DIP coordinates on a monitor left of origin (4.0709ms)
✔ uses workArea DIP unchanged across 100, 150 and 200 percent scaling (0.4948ms)
✔ current overlap outranks a stale display hint and largest overlap chooses the monitor (0.3184ms)
✔ display hint breaks equal overlaps and otherwise primary breaks ties (0.3002ms)
✔ removed monitor rehomes offscreen normal bounds to the primary workArea (0.2034ms)
✔ existing display hint rehomes an offscreen window to that display (0.3291ms)
✔ taskbar and resolution changes keep the titlebar and entire normal window reachable (0.2623ms)
✔ tiny workAreas win over default or remembered sizes without an offscreen minimum (0.2669ms)
✔ malformed saved bounds fall back to centered capped defaults (0.4133ms)
✔ fractional stored bounds round to DIP integers and fractional workAreas round inward (0.3841ms)
✔ maximized and fullscreen restoration retains a usable normal rectangle and literal flags (0.2531ms)
✔ invalid displays are excluded and no usable current display is an explicit failure (0.9181ms)
✔ restoration neither mutates inputs nor reads or copies unrelated content (0.3554ms)
✔ malformed numeric fields cannot execute coercion or accessor code (0.4573ms)
✔ varied disconnected and changed layouts always contain the restored normal window (12.0932ms)
✔ different sources serialize through one owner and preserve exact independent texts and linked Docs (775.8899ms)
✔ same entity stale updates and duplicate operation IDs retain native conflict semantics across fresh repositories (734.0036ms)
✔ pause refuses new admission while accepted in-flight work drains with its actual receipt (606.6528ms)
✔ a paused owner admits only bounded source flushes from the captured native frame (638.7716ms)
✔ a flush ticket is not a successful save when only a draft or a failed operation was received (479.9635ms)
✔ flush sealing waits for native selection and prevents additional work while it waits (437.0278ms)
✔ flush admission rejects reads, foreign sources, byte overflow and stale pause generations (268.2428ms)
✔ resuming authority inside a flush write fences publication and cannot seal a stale success (381.5238ms)
✔ native cancellation refuses clone or foreign frame and fences a pending flush publication (305.2234ms)
✔ captured frame revocation inside source write prevents late selection and receipt disclosure (309.0094ms)
✔ bounded owner queue includes pending native I/O and does not admit cloned grants or foreign entities (333.7997ms)
✔ same native frame cannot submit a queued source edit after its access policy becomes readonly (327.0535ms)
✔ queued payload is copied before awaits and a renderer getter is never evaluated (409.3574ms)
✔ subscriptions contain only verified scoped source receipts and stop on dispose or native revocation (396.8133ms)
✔ required window IPC implementation exists (1.2637ms)
✔ getView returns only the native caller grant despite forged event identity (3.2279ms)
✔ missing, unregistered, forged-object and subframe senders are refused (0.6256ms)
✔ exact payloads reject unknown keys, symbols, prototypes, accessors and identity fields (1.2324ms)
✔ empty requests accept omitted, null and empty-object payloads only (0.3408ms)
✔ workspace opens scoped Code/Docs and finite Diagram with exact nonnegative source version (1.472ms)
✔ foreign entity requests and every satellite opening or global listing are refused (0.956ms)
✔ Audience gets its grant with empty entityIds and no project, notes or source content (0.4329ms)
✔ listViews filters project and epoch and strips non-record data (0.5575ms)
✔ workspace focuses and closes scoped satellites but cannot close workspace (1.6317ms)
✔ satellites focus and close only themselves with no global shelf grant (1.4116ms)
✔ foreign project, epoch and unknown targets refuse before native actions (1.2564ms)
✔ canceled close stays registered and never reports successful close (0.4042ms)
✔ workspace and satellite self-close acknowledge actual asynchronous native closure (0.5756ms)
✔ asynchronous self-close cannot acknowledge a changed access epoch, project or sender (1.0758ms)
✔ self-close revalidates native scope at the final IPC continuation (1.625ms)
✔ navigation and crash disposal never count as an intentional pending self-close (2.2556ms)
✔ native close deadline reports unknown completion separately from cancellation (15.3075ms)
✔ renderer unload veto cancels close while an overridden veto waits for native closed (0.9985ms)
✔ open caller revocation discards the newly registered view even when close is canceled (0.5004ms)
✔ late open caller revocation and failed disposal report sanitized destruction failure (0.3172ms)
✔ project and epoch revocation while open is pending refuse without publishing a grant (0.4938ms)
✔ async metadata reads recheck native caller object and frame after awaiting (0.5295ms)
✔ async target lookup rechecks caller before executing focus (0.3064ms)
✔ native errors never expose stack, path, notes or arbitrary error code (0.3146ms)
✔ rejected asynchronous operations also recheck caller before returning a receipt (0.7065ms)
✔ layout metadata survives a fresh store read without project/source data and retains negative DIP bounds (78.7265ms)
✔ malformed or oversized saved layout defaults safely and is retained without overwrite (40.148ms)
✔ duplicate native entity views reserve separate stable slots, restore after restart and rehome a missing display (54.5014ms)
✔ layout identity accepts the native registry entity alphabet, including imported uppercase and leading underscore IDs (3.3725ms)
✔ native geometry events coalesce metadata only, revoke on disposal and keep the last actual normal/max/full state (25.2696ms)
✔ cancelled native placement retains last stable fullscreen metadata instead of persisting its temporary exit (28.4807ms)
✔ native factory consumes saved geometry while hidden and releases a failed creation slot; package includes the memory module (5.752ms)
✔ hidden native factory verifies and corrects constructor frame drift before a saved maximized/fullscreen view can be admitted (76.0771ms)
✔ hidden frame sizing compensates one stable native scale rounding offset while still requiring exact final DIP readback (101.1507ms)
✔ native placement suspends mode persistence before fullscreen exit and cancels that metadata transaction at Lock (22.5087ms)
✔ monitor chooser moves only its captured native Code to the selected negative-coordinate display and preserves modes (99.8431ms)
✔ monitor chooser refuses copied tickets, forged displays, retired frames and changed display topology before mutation (2.3214ms)
✔ cross-DPI monitor movement uses actual DIP bounds and positions before sizing on the destination display (150.6941ms)
✔ native completion matches the exact OS DIP-pixel projection while preserving the requested size and rejecting out-of-area projections (180.4602ms)
✔ native monitor popup uses radio choices and a captured one-use origin without exposing renderer move authority (0.7225ms)
✔ removed-display recovery rehomes actual admitted native handles without focus, navigation or grants (294.4642ms)
✔ automatic metrics recovery preserves reachable windows and minimized, maximized and fullscreen states (199.9635ms)
✔ explicit bring-back moves admitted windows to primary and restores minimized views without selecting or saving (299.6341ms)
✔ Lock and transition retain only permanent PIN window geometry and never reveal retained native data handles (197.8669ms)
✔ replacement frames and aliased native handles cannot enter display recovery (199.4558ms)
✔ per-view grant and transition are rechecked after native normal bounds are read (98.3765ms)
✔ tiny current workArea reduces native minimum constraints and no usable display makes no changes (297.0003ms)
✔ native failure does not prevent independent live windows from recovering and reports incomplete outcome (230.4353ms)
✔ native bring-back shortcut is consumed once from the genuine originating window and repeats do not act (296.643ms)
✔ actual display-event binding recovers on removed/geometry metrics only and can be disposed (400.3282ms)
✔ fullscreen normal geometry is positioned outside fullscreen before that native state is restored (295.8672ms)
✔ restored minimized native dimensions are read again before explicit rehome (302.6451ms)
✔ native placement completes in a later turn before maximize can cache the new normal bounds (301.1983ms)
✔ later native frame replacement cancels a captured target before geometry mutation (201.266ms)
✔ concurrent explicit recovery is refused rather than interleaved into native state transitions (302.8904ms)
✔ native bounds failure conditionally restores fullscreen while reporting incomplete recovery (228.9898ms)
✔ Lock during a native await never restores fullscreen or reveals a retired handle (215.6606ms)
✔ request origin is captured before scheduling and a replaced originating frame cancels the whole operation (0.4126ms)
✔ controller disposal cancels queued recovery without native mutations or new requests (0.2275ms)
✔ superseded display recovery cancels the old result and completes one coalesced latest-workArea operation (297.7779ms)
✔ origin retirement during native completion cancels all remaining mutations and main focus (51.2343ms)
✔ dispose during native completion prevents restoration, following target moves and focus (51.379ms)
✔ disposing a queued coalesced completion resolves false without leaving a pending listener or moving targets (0.5671ms)
✔ native captured callers cannot be cloned and retire on frame epoch or permission changes (3.0337ms)
✔ captured same-URL frame is retired when native main frame identity changes (0.6092ms)
✔ a pinned native workspace stays locked without a data grant and explicitly rebinds a new epoch after reload (1.1082ms)
✔ workspace-preserving Lock revokes every grant and destroys minimized satellites before any new activation (0.8442ms)
✔ modern native navigation details revoke a satellite and trusted discard bypasses canceled close (0.7771ms)
✔ an in-flight workspace factory cannot become a second owner after native binding (0.4287ms)
✔ pinned inactive native owner identities cannot be reused by a factory or new binding (0.4327ms)
✔ workspace preservation cannot forgive a prior failed native destruction (0.2956ms)
✔ opens distinct native views with trusted project scope and serializable records (0.7855ms)
✔ refuses forged scope, unsupported roles and malformed versions before creating a window (0.4895ms)
✔ refuses cross-project entities and absent or malformed native authorization (0.2849ms)
✔ locked and readonly write authorization cannot create data windows (0.1409ms)
✔ readonly and recovery read authorization admits eligible views without overriding safety (0.1064ms)
✔ workspace scope permits no entity while audience requires presentation authorization (0.1392ms)
✔ caller derives its grant from registered native objects and ignores forged payload identity (0.1243ms)
✔ same URL and numeric renderer ID never grant an unregistered sender native object (0.1148ms)
✔ subframes and role, query or fragment URL substitutions never authorize IPC (0.1478ms)
✔ live caller authorization refuses closed, destroyed or native ID replacement (0.2075ms)
✔ caller revalidates trusted current project, entity ownership, mode and access (0.221ms)
✔ entity grants are isolated immutable snapshots and audience receives no source IDs (0.1963ms)
✔ authorization exceptions and asynchronous policy never grant renderer access (0.2194ms)
✔ focus restores a minimized native view and closing one view preserves the others (0.7152ms)
✔ cancelled native close retains the registered view and its grant (0.337ms)
✔ native close waits for actual asynchronous destruction without revoking a retained grant early (0.3638ms)
✔ a pending close has a bounded deadline and keeps a canceled or unresponsive native view intact (15.468ms)
✔ native destruction, crash and main navigation permanently revoke the renderer grant (0.4786ms)
✔ subframe navigation cannot revoke the unrelated main-frame view (0.1413ms)
✔ epoch invalidation destroys minimized and audience views and locked policy blocks new grants (0.3428ms)
✔ pending creation cannot publish after epoch invalidation or a native policy change (0.5887ms)
✔ a destroyed or reused factory renderer cannot acquire a second view grant (0.2453ms)
✔ returned view records cannot mutate registry role, epoch or lifecycle state (0.131ms)
✔ a replacement main-frame object at the same URL cannot inherit a prior grant (0.0668ms)
✔ factory identity collisions reject the new view without destroying an existing renderer (0.2075ms)
✔ failed epoch destruction revokes every grant and blocks new windows until destruction completes (0.313ms)
✔ sparse trusted entity lists and malformed native windows fail closed without publishing (0.2419ms)
✔ a failed stale factory disposal is retained for epoch retry and never gains a grant (0.2588ms)
✔ navigation destruction failure revokes synchronously and prevents new grants until retry (0.2312ms)
✔ a pending factory cannot publish after another view fails navigation destruction (0.248ms)
✔ registry exposes a private immutable roster fence (345.9218ms)
✔ roster captures every real minimized frame and refuses cloned proofs or new opens (222.6519ms)
✔ a pre-fence pending factory cannot join even after the fence is released (327.545ms)
✔ retirement, policy change, same URL frame replacement and epoch changes invalidate the roster (1036.902ms)
✔ native source receipt reconciliation exists (0.1173ms)
✔ an older per-view commit does not represent the final shared source draft (389.5554ms)
✔ two native commits reconcile to the genuinely latest shared selected version (502.9749ms)
✔ old-only, forged commit, cross-project and failed receipts cannot establish latest persistence (411.7873ms)
✔ reconciliation refuses live allowances and guards its asynchronous proof reads (257.9549ms)
✔ empty receipts or a missing Code entity cannot establish complete roster persistence (396.5154ms)
✔ native source barrier exists (0.2496ms)
✔ every minimized Code view must flush before a native-only prepared proof can be issued (359.8318ms)
✔ one failed or throwing view cannot produce a clean close and remains honestly fenced (473.4692ms)
✔ Docs or workspace routes are explicitly refused until their domain barriers are admitted (145.2786ms)
✔ retirement after view ACK but before final proof cannot become successful preparation (332.8469ms)
✔ resuming the owner or beginning another native allowance invalidates prepared authority (626.244ms)
✔ overall deadline cancels outstanding preparation and delayed success cannot issue a proof (174.1878ms)
✔ shared shelf names only current owned native views and reports real minimized state without source reads (10.785ms)
✔ title metadata cannot cross a retired grant, navigate a view or execute getters in IPC payloads (1.6616ms)
✔ Diagram docking retains its renderer and captured grant while refusing borrowed IDs and stale peers (2.7706ms)
✔ two attached native views retain independent renderer draft/selection/history and only the selected one is visible (0.9763ms)
✔ a stale attached peer refuses a new attachment before changing native ownership or visibility (0.5316ms)
✔ release of a preparation roster and focusing an attached view catch up a host resize without reattachment (0.7315ms)
✔ returning to the main workspace hides attached pixels without navigating or discarding them (1.0866ms)
✔ retired grants and a frozen writer roster refuse movement or activation before native changes (1.3939ms)
✔ dock IPC derives actual caller identity and rejects borrowed IDs, getters, subframes and revoked grants (1.5672ms)
✔ prepared same-project entry rotation retires only the old primary capture and preserves minimized satellites (7.5198ms)
✔ matching target URL is insufficient while the genuine native document is still loading (1.0841ms)
✔ native barrier permits entry retirement only after real persisted preparation and holds writes until the fresh entry is complete (344.5812ms)
✔ a failed load cannot lift the paused owner or reuse its old proof; disposal retires navigation authority without resuming writes (330.3388ms)
✔ new native work, Lock or consumed roster after entry completion prevents the prepared transition from resuming the owner (1059.9582ms)
✔ forged/stale roster, copied tickets and reused tickets cannot rotate or activate the bound workspace (0.6388ms)
✔ Lock, changed selected project, policy change and satellite loss refuse navigation completion without a fresh primary grant (1.165ms)
✔ only the expected finite target can complete rotation; unexpected navigation remains fenced even after returning to it (0.4562ms)
✔ rotation validates native option descriptors before retiring any existing view (0.3305ms)
✔ actual setupPin waits for native load before mutation or successful ACK (3.2019ms)
✔ actual unlockPin waits for native load before mutation or successful ACK (1.0742ms)
✔ actual startup services refuse a new access transition while waiting and do not mutate on load failure (1.8304ms)
✔ PIN side effects and acknowledgement wait for the native main-frame load boundary (2.0629ms)
✔ a loaded live workspace runs once without adding a delayed acknowledgement (0.1699ms)
✔ load failure, crash, destruction or navigation refuses before PIN mutation (0.6234ms)
✔ readiness deadline refuses without changing the PIN and removes listeners (10.1137ms)
✔ a main-frame recheck closes the event-subscription race and failed native identity refuses (0.5076ms)
✔ renderer loss or fresh navigation after finish but before continuation still refuses PIN mutation (0.3492ms)
✔ native did-finish-load can precede the end of main-frame loading; stop event completes the gate (0.1596ms)
✔ factory opts Code/Docs/Diagram into the same owned surface while presentation roles stay isolated (3.1608ms)
✔ a failed surface load rejects only after actual renderer and shell cleanup (0.6386ms)
✔ a failed unregistered surface cleanup preserves the concrete owned handle on its refusal (20.7233ms)
✔ synchronous epoch retirement refuses confirmation while a surface renderer survives (4.1057ms)
✔ a factory error cannot dispose a previously admitted surface using a reused native handle (0.631ms)
✔ async epoch retirement fences before awaiting and confirms only contents plus shell destruction (0.4047ms)
✔ async trusted discard retires one surface without renewing another primary grant (0.3924ms)
✔ timed out async retirement retains its fence and a later actual close can recover it (16.0747ms)
✔ self-close waits for contents destruction before issuing its one-use native proof (0.8993ms)
✔ an older async retirement cannot confirm a newer epoch as its own (0.4919ms)
✔ external shell closure retains its surviving renderer and fences retirement/admission through timeout (16.4567ms)
✔ external renderer closure cannot forget a native shell that refuses destruction (0.6954ms)
✔ surface initialization failure retains unadmitted native handles when cleanup cannot be confirmed (33.6104ms)
✔ attach/detach moves one native view with the same contents/frame and restores focus (2.6088ms)
✔ retired authority cannot attach, detach, resize or focus a surface (0.3308ms)
✔ focus restores an authorized minimized native parent before measuring its zero-sized content viewport (0.1696ms)
✔ replacement native frame makes transfer authority stale (0.1368ms)
✔ a destroyed host or contents cannot receive a view (0.1901ms)
✔ unsafe or undersized viewport refuses movement before native ownership changes (0.2027ms)
✔ dispose hides/removes sensitive view immediately but waits for actual contents destruction (0.5972ms)
✔ concurrent disposal requests share one contents close and one confirmation (0.1815ms)
✔ timeout retains actual handles, refuses success and permits a later confirmed disposal (15.8268ms)
✔ native close exception keeps handles fenced and can never confirm cleanup (0.4195ms)
✔ a shell closed outside the controller also removes its view and closes the renderer (0.1532ms)
✔ failed native reparenting is hidden and fenced rather than reported as attached (0.199ms)
✔ secure preferences cannot be relaxed by the surface options (0.1865ms)
✔ external renderer destruction conceals its attached view and closes the empty shell (0.0949ms)
✔ host destruction disposes the attached view rather than stranding its hidden shell (0.1015ms)
✔ a failed view constructor cannot leave a native shell alive (0.1671ms)
ℹ tests 1719
ℹ suites 0
ℹ pass 1719
ℹ fail 0
ℹ cancelled 0
ℹ skipped 0
ℹ todo 0
ℹ duration_ms 187192.0602
