✔ main service revalidates account binding, expiry, started-work permission and logout without browser/token exposure (17.1928ms)
✔ failed protected persistence does not secretly activate memory credentials after reporting login failure (7.2654ms)
✔ unconfigured production login returns a precise unavailable result and does not open a system browser (1.6748ms)
✔ validated login waits for old-account persistence before replacing credentials and permissions (4.0807ms)
✔ a delayed old-account timestamp write cannot undo login (88.6453ms)
✔ a delayed old-account timestamp write cannot undo logout (88.8949ms)
✔ signed offline activation lasts exactly 30 days and stops at the expiry boundary (16.3461ms)
✔ wrong signature, installation, key or product never grants activation; overlong permits are refused (6.4969ms)
✔ clock rollback beyond five minutes requires online revalidation while retaining owned-data recovery (2.1595ms)
✔ unavailable OS-protected storage keeps credentials in memory and creates no plaintext file (7.0569ms)
✔ actual original same and changed native restore retains an open menu and the original palette lifecycle (39.1625ms)
✔ appearance staging cleanup removes only this uncommitted file, with generic atomic defaults unchanged (111.3827ms)
✔ transient replace refusal reuses one flushed file and commits exact appearance on the second attempt (44.766ms)
✔ persistent replace refusal has three attempts, bounded delays, finite diagnostics and intact old bytes (46.3548ms)
✔ retirement or Lock during an inter-attempt delay prevents a subsequent rename (92.9142ms)
✔ phase-hook refusals and unexpected rename errors are not retried (120.1703ms)
✔ failure after committed rename is not replayed or described as retaining previous bytes (48.1264ms)
✔ durable readback mismatch refuses after one committed rename without deleting the target (66.9077ms)
✔ target ownership changed during retry is refused before a second rename (100.3931ms)
✔ generic atomic replacement still attempts once, and unsafe cleanup never masks the original failure (143.8549ms)
✔ root-serialized appearance writes keep a later choice behind a bounded EBUSY retry (110.0551ms)
✔ real private-shell store transaction loses captured authority during retry and cannot commit (87.7723ms)
✔ actual Windows denied Delete-sharing handle is released after a genuine rename EPERM, then production commit succeeds (1107.3817ms)
✔ a delayed appearance read cannot overwrite a newer user choice (5.4159ms)
✔ overlapping theme writes defer polling and obsolete errors until the latest choice settles (2.3723ms)
✔ a pending or refused theme choice cannot manufacture native appearance admission (2.269ms)
✔ original named themes retain their exact chrome colours without importing resources (1330.1116ms)
✔ native appearance carries original angular, rounded and glow metrics through the packed shell (2441.5726ms)
✔ appearance persists atomically, refuses stale writers and preserves corrupt records (186.0973ms)
✔ private shell refuses Audience, forged fields and callers retired during an await (0.8626ms)
✔ shared asset insertion preserves closing-body literals inside renderer libraries (1339.3803ms)
✔ shared stylesheet insertion preserves closing-head literals inside head libraries and CSP hashes (1308.8849ms)
✔ corrupt appearance falls back without hiding navigation or overwriting the original record (0.4676ms)
✔ classic appearance bridge synchronizes every original theme route without autosaving a visual preference (1.5442ms)
✔ accepted native appearance survives a later legacy startup theme and user selection can replace the owner (1.18ms)
✔ failed preference writes preserve finite native diagnostics without exposing paths or changing refusal (68.0764ms)
✔ confirmed desktop close selects matching real draft/clean flag, not merely a separate recovery checkpoint (515.527ms)
✔ refused workspace close cannot mark clean exit or replace a recoverable draft (48.0023ms)
✔ close retains a larger recovery-only workspace instead of deleting its extra diagram (327.4057ms)
✔ an acknowledged selected workspace retains the complete draft even when separate recovery-only requests refuse (285.3048ms)
✔ a final selected-workspace refusal cannot be hidden by acknowledged recovery-only checkpoints (377.2662ms)
✔ cancelled native transition selects a running marker without retaining a false clean-exit flag (657.6716ms)
✔ repeated acknowledged close without edits preserves the complete selected snapshot and recovery timestamp (923.4054ms)
✔ unchanged-close deduplication still commits changed view settings and private recovery data (929.263ms)
✔ repeated close after an intentional draft shrink preserves the complete already-confirmed smaller snapshot (485.2604ms)
✔ close drains a newer queued save and acknowledges its exact bytes instead of rejecting supersession (6.9786ms)
✔ close waits for a newer workspace receipt queued during private recovery flush (confirmed) (2.4931ms)
✔ close waits for a newer workspace receipt queued during private recovery flush (failed) (2.0818ms)
✔ close refuses a newer failed receipt even if its own earlier save succeeded (1.6539ms)
✔ unchanged editor notifications cannot erase the completed Docs link result (15.7452ms)
✔ actual new draft metrics and new stored version replace old action feedback (1.0276ms)
✔ paused disposed and stale editor callbacks cannot publish or erase status (2.4191ms)
✔ finite shared commands preserve read-only, paused, saving and fenced mutation guards (1.0763ms)
✔ native target catalog returns only bounded matching row metadata and content CAS tokens (694.4039ms)
✔ unlinked Code lists selected-project documents as metadata only and creates through real native owner proof (1208.6524ms)
✔ explicit native link proves the real source commit, preserves historical bytes and refuses stale Docs CAS (1407.9409ms)
✔ finite Code-only boundary rejects Docs, subframes, pinned versions, Lock, paused owner and readonly admission (854.4591ms)
✔ strict target request rejects inherited fields, getters, paths and over-budget offsets before mutation (828.2214ms)
✔ pagination is bounded to 64 metadata targets and oversized catalog refuses rather than truncates silently (1522.0063ms)
✔ new document catalog pages130 choices without private content and refuses forged new-row authority (867.5308ms)
✔ actual main mounts explicit Code/Docs channel, refuses readonly, refreshes selected native metadata only after a genuine manifest commit (1852.4961ms)
✔ satellite preload exposes only finite explicit link methods and never a Docs snapshot or transition nonce (4.9233ms)
✔ source-backed Code editor build exists (0.709ms)
✔ editor bundle is local, deterministic, retains notices and uses the frozen patched Python grammar (1063.7731ms)
✔ trusted multiline beforeinput preserves blank LF at EOF as one ordinary undoable typed transaction (5.3482ms)
✔ composition, untrusted/noncancelable events, single-line input, paste and disabled/read-only editing retain their existing handlers (1.229ms)
✔ normal selection replacement and multiple blank lines use exact state offsets and retain Unicode (0.6236ms)
✔ read-only toolbar focus retains selected range against delayed DOM selection after theme repaint (2.1974ms)
✔ pointer, keyboard, exact map navigation and writable selections remain available (0.6515ms)
✔ Code view lifecycle exists (0.5776ms)
✔ flushView freezes first and drains all accepted editor edits before the downstream client (1071.0854ms)
✔ failed flush retains optimistic text and cannot become a prepared or resumed view (273.6083ms)
✔ readonly view drains without a synthetic commit acknowledgement (501.0887ms)
✔ disposal while native work is pending never prepares a retired view (433.9034ms)
✔ a save observer admitting another edit cannot make incomplete local text look prepared (532.2949ms)
✔ Presenter edits only its own diagram; native Diagram plays only its exact saved version without transporting private content (703.1302ms)
✔ forged peer/deck routes, stale save proofs, Audience writes and readonly/Lock/pending retirement cannot open editable content (1290.0081ms)
✔ desktop module entry cannot start a delayed legacy tour, while manual and standalone tours remain available (2.2767ms)
✔ manual diagnostics are an allowlist with no project labels, source, account identity, path or credentials (1.633ms)
✔ diagnostic leakage admission rejects planted fields and token-like text even under an allowed runtime field (0.5691ms)
✔ CI executes native Diagram Inspector and filters and copied original harness, retaining bounded original receipts on failure (1.3243ms)
✔ CI rejects missing original execution, hidden copied failure or profile-wide evidence upload (3.3401ms)
✔ mounted Inspector pending fields refuse Save/history/source/Refresh/presentation and auto-refresh without dropping text (8.3387ms)
✔ common prepare refuses pending Inspector while hiding content; rollback restores fields; source/error invalidation retires selection (2.3447ms)
✔ annotation module and metadata contract belong to native Diagram only; overlays preserve preview height (4.9067ms)
✔ new annotation controls occupy overlay chrome without adding another preview toolbar row (1.135ms)
✔ overlay controls and form content keep their pointer/wheel gestures instead of canvas capture or zoom (2.2796ms)
✔ pending metadata survives repaint/invalidation/Lock rollback and guard never autoapplies (5.5747ms)
✔ Apply rejection retains exact invalid field and Cancel restores saved values (2.2781ms)
✔ readonly inspection does not delegate edits and unsupported imported values remain inert (1.594ms)
✔ facets use exact Unicode values, AND across fields, OR within fields; reset preserves SVG and project (10.0637ms)
✔ projection uses numeric child paths, preserves source opacity, deduplicates nested unmatched groups (1.2014ms)
✔ unmatched semantic container with matching descendant is retained as context and reported (1.5297ms)
✔ target cap and eight-group cap are truthful, stale/disconnected groups cannot be edited (19.3696ms)
✔ toolbar pointerdown preserves active editor focus; pending selection/closing refuses (1.9784ms)
✔ local filters and selections isolate between controller instances and dispose removes only owned CSS (3.0119ms)
✔ excluded long semantic IDs and protected inline opacity are reported as partial coverage (2.0698ms)
✔ computed readback reports author-stylesheet precedence instead of claiming all unmatched groups dim (1.7376ms)
✔ a repaint captures the potentially large diagram once, not once per facet value (1.5202ms)
✔ unsupported retained managed fields are immutable while valid fields on the same node remain editable (1.6089ms)
✔ disabled retained overlength values have bounded previews without rewriting the saved value (1.9844ms)
✔ working context with another editor pending is not mislabelled read only (1.28ms)
✔ native textarea type is getter-only; Evidence mounts and preserves multiline input (1.7488ms)
✔ actual style adapter cap discloses admitted coverage even when upstream already truncated 251 IDs (15.722ms)
✔ real Build controller selects rendered blocks, applies label/shape without automatic persistence and refuses stale fields (15.3262ms)
✔ tentative Add/Connect fields refuse Lock-style commit until explicitly applied or cancelled; new blocks retain original source (2.9736ms)
✔ Build edits actual block declarations and link endpoints without changing imported colours/frontmatter/comments or unselected nodes (14.1922ms)
✔ Build adds bounded new blocks/connections and direction, refuses collisions/unsupported diagram grammars and retains source (3.3307ms)
✔ append leaves FIFO before genuine working admission and leaves the origin grant/save intact (757.8047ms)
✔ same-operation concurrent requests and retry reuse one admitted window without reloading its draft (892.5334ms)
✔ Home empty entity grant may create, while Docs/Code and unknown methods cannot (595.5107ms)
✔ browse is bounded and allowed independently of creation; malformed options do not execute getters (435.3356ms)
✔ factory failure retains persistence and exact-operation retry opens it without another append (671.7651ms)
✔ later edited sibling opens current version while historical birth stays version one (922.2379ms)
✔ deleted sibling is not resurrected or opened by historical operation replay (913.2832ms)
✔ suspended factory cannot publish a new window after pause and rollback (871.5158ms)
✔ suspended factory cannot publish a new window after roster and rollback (600.071ms)
✔ suspended factory cannot publish a new window after dispose and rollback (590.5428ms)
✔ admission or show failure destroys only its newly opened native surface and retains creation (776.0574ms)
✔ failed destruction is reported and fences native operation instead of losing the handle (563.1247ms)
✔ native domain exposes a separate catalogue append method (1.3138ms)
✔ append preserves the complete storage envelope, source references and opaque existing marker keys (651.0002ms)
✔ append preserves the complete state envelope, source references and opaque existing marker keys (469.5982ms)
✔ append preserves the complete direct envelope, source references and opaque existing marker keys (771.2511ms)
✔ B then C and exact retry append once each without overwriting markers or selecting old revisions (792.6036ms)
✔ creation replay after origin and new diagram edits keeps current versions and historical birth separate (991.3361ms)
✔ replay of deleted creation acknowledges history but never resurrects or advertises current availability (873.2125ms)
✔ changed operation reuse and a foreign existing edit operation refuse without UUID or mutation (656.3276ms)
✔ arbitrary payload/getter/prototype/unknown entry refuses before allocation or evaluation (441.6119ms)
✔ malformed or duplicate raw diagrams containers refuse without normalizing unrelated saved data (2396.1047ms)
✔ a missing diagrams field is an explicit empty project case; desktop missing-primary bags are refused (1520.6153ms)
✔ imported matching-operation marker is opaque and cannot prove creation or trigger a second append (552.7214ms)
✔ missing selected parent history refuses replay rather than duplicating an existing creation (862.1653ms)
✔ validation rejection, schema1 and revocation before native selection preserve exact selected bytes (1703.3172ms)
✔ recovery failure truthfully acknowledges committed data as recovery-degraded and exact replay (635.3048ms)
✔ append-only count ceiling accepts9999→10000 and refuses10000→10001 without lowering read compatibility (1116.3473ms)
✔ selected ancestry read can enforce a native-only retained-record budget before reading extra files (661.5489ms)
✔ Home catalogue assets have exact local SRI/CSP and do not enlarge the inline startup (78.6118ms)
✔ new local resources reject queries, hashes, encoding aliases, traversal and unrelated assets (24.4417ms)
✔ CI runs real catalogue controls in development and isolated copied preview, retaining only scoped evidence (2.123ms)
✔ CI rejects omitted copied execution, swallowed failure and profile-wide upload (3.4787ms)
✔ focus capture is idempotent, restores selection before releasing and preserves mounted pending fields (3.4525ms)
✔ successful separate opening does not steal focus; lease retires on genuine window return (1.9783ms)
✔ context change, pause, disposal and hidden Lock cannot restore private content (2.5157ms)
✔ composition prevents acquisition before focus moves and disabled contexts cannot acquire (0.9346ms)
✔ genuine origin focus returning before the create response restores its field when success closes the catalogue (0.9235ms)
✔ actual main channel tracks the full append AND suspended admission; private flush cannot create (679.2403ms)
✔ actual preload.cjs exposes only finite catalogue browse/create and no flushing identity (3.5742ms)
✔ actual windows/preload.cjs exposes only finite catalogue browse/create and no flushing identity (2.773ms)
✔ full main-derived birth marker is verified independently of legitimate later diagram edits (686.6206ms)
✔ catalogue append is its own owner action and preserves a later origin save at its original version (671.7046ms)
✔ authentic empty-grant Home can append; Docs/Code/unadmitted Diagram and cloned grant cannot (663.3157ms)
✔ same-operation concurrent append requests serialize and create one retained entity (738.6157ms)
✔ a genuine private flush nonce never authorizes catalogue append (454.9506ms)
✔ a queued append cannot revive after pause/resume while an earlier operation is suspended (452.1961ms)
✔ an intervening roster freeze and release permanently revokes a suspended append (510.8347ms)
✔ captured admission guards reject forged captures and do not revive after roster rollback (455.06ms)
✔ finite owner projection refuses an adapter answer with extra private fields or invalid birth/current versions (443.6782ms)
✔ catalogue action consumes the existing owner queue request/byte budgets (1018.5656ms)
✔ opening browses only a bounded page; selecting previews literal source without rendering, mutation or implicit creation (5.4803ms)
✔ opening moves keyboard focus to Cancel before loading; reopening an open catalogue does not steal an edited title focus (1.8218ms)
✔ creation sends only the selected entry, exact title and UUID; successful opening closes without restoring origin focus (2.0604ms)
✔ saved but unopened retains exact operation for deliberate retry and never reports that creation failed (1.6495ms)
✔ rejected and unsuccessful requests retain the exact operation, with no automatic retry (1.8658ms)
✔ changing selection or title after a failure creates a fresh operation, while repeated selection preserves it (2.0168ms)
✔ busy creation blocks duplicate sends, title edits, selection and paging without queuing future work (1.8803ms)
✔ paging replaces rows instead of accumulating sources; filters reset to the first page and show honest group labels (3.7095ms)
✔ read-only browsing explains creation restrictions and cannot send a forged click (1.594ms)
✔ invalid title never mutates; blank resets to a useful selected title and overlong or malformed title is refused (1.9875ms)
✔ cancel invalidates pending replies and clears private source; a later open cannot be closed by the old mutation (1.6932ms)
✔ pause and dispose reject stale page responses, remove listeners, clear all private previews and never restore focus (1.6181ms)
✔ permission revocation rejects late mutation results and prevents new operations until root pauses or closes (1.1414ms)
✔ malformed or oversized pages and duplicate rows are refused before their contents reach the preview (4.1656ms)
✔ failed browsing remains retryable without exposing errors or automatically fetching again (1.3052ms)
✔ saved but unavailable is distinguished from failure and malformed success cannot navigate or close (3.9949ms)
✔ Escape cancels exactly once, repeated open adds no listeners or fetch and each view owns its private controls (2.8626ms)
✔ reopening after pause or cancel keeps a single host class and a bounded listener set (3.384ms)
✔ reselecting an already saved entry retains its saved/open-failed explanation and exact retry (1.7335ms)
✔ editing a title during read-only browsing retains the read-only explanation (2.4938ms)
✔ all real frozen catalogue rows retain exact source and finite page behavior in the actual renderer controller (5.0257ms)
✔ trusted future catalogue additions enforce the actual newline budget in the shared factory (4.945ms)
✔ catalogue exposes deeply frozen finite data with explicit reference provenance (0.8848ms)
✔ all literal catalogue sources match the frozen HTML exactly without executing it (42.9201ms)
✔ bounded catalogue pages retain exact ordered entries without omission or duplication (1.5427ms)
✔ starter/template filters use catalogue positions and independent finite cursors (1.0348ms)
✔ unknown, malformed, prototype-like and non-scalar IDs never resolve as catalogue entries (1.5169ms)
✔ page rejects unbounded or descriptor-backed options without running getters (0.6096ms)
✔ creation request retains literal Unicode title and operation identity without taking source authority (0.6327ms)
✔ creation refuses extra authority, inheritance, getters and symbols without coercion (0.6945ms)
✔ creation validates finite title, operation identity and allowlisted entry without normalization (0.9236ms)
✔ capability notes distinguish source editing from semantic mouse authoring without claiming render evidence (0.6842ms)
✔ every advertised source fits honest immutable catalogue budgets (0.7715ms)
✔ browser injection uses the identical self-contained factory with inert literal sources (3.8242ms)
✔ source and style changes save as one exact typed transaction; no style edit can escape readonly/pending/conflict fences (13.4557ms)
✔ working Diagram sends source-only typed CAS and accepts only exact source/entity/version/hash receipts (7.4218ms)
✔ stale Diagram saves retain and fence local source; frozen validation refusal remains correctable without a blind fresh-version retry (3.6228ms)
✔ Diagram Lock waits its real pending save, rollback releases input state and a late refused receipt cannot clear local source (1.4462ms)
✔ a failed client hash check cannot report a successful save or silently permit a new operation after uncertain commit (1.3407ms)
✔ only a clean preparing Diagram may reread its exact newer native entity before flush; dirty conflicts retain their original source (3.9465ms)
✔ a queued same-diagram save between clean read and flush permits one read-only recapture, never a blind mutation retry (2.1493ms)
✔ native diagram engine carries exact pinned Mermaid/ELK scripts and notices without the full application startup (3688.4665ms)
✔ tampered frozen input cannot emit a native diagram engine or substitute an external-host build (40.3689ms)
✔ native Diagram builds only the frozen engines and selected view with exact CSP script identities (5675.8527ms)
✔ isolated SVG entry freezes style and engine fragments with exact CSP hashes and no full application or preload startup (1826.5179ms)
✔ guided lease retains valid pending DOM/value/selection and restores before release (11.3511ms)
✔ guided lease retains invalid error and explicit prepare commit still refuses (4.0647ms)
✔ guided explicit commit applies exactly once while leased and retire never applies (4.2764ms)
✔ guided changed context/source and disposed controller never restore old focus (6.1709ms)
✔ guided actual composition lifecycle refuses acquisition and commit until completion (3.1003ms)
✔ style lease retains valid pending DOM/value/selection and restores before release (3.659ms)
✔ style lease retains invalid error and explicit prepare commit still refuses (4.2258ms)
✔ style explicit commit applies exactly once while leased and retire never applies (2.1065ms)
✔ style changed context/source and disposed controller never restore old focus (5.9741ms)
✔ style actual composition lifecycle refuses acquisition and commit until completion (2.1716ms)
✔ Guided choice change is suspended but explicit Escape cancels with no draft mutation (4.3209ms)
✔ Style target and colour changes during lease cannot apply pending text or mutate colours (2.4331ms)
✔ disposed Guided field cannot apply retained private input through a late blur (1.9627ms)
✔ guided suspended private or disabled field refuses restoration without focus (5.8683ms)
✔ style suspended private or disabled field refuses restoration without focus (6.0443ms)
✔ Style repaint during external focus cannot replace live colour preview or field error DOM (2.5352ms)
✔ guided equal-source replacement cannot apply retained pending input after refused lease restoration (3.5435ms)
✔ guided explicit commit and repaint refuse old private fields in equal-source replacement context (4.0071ms)
✔ style equal-source replacement cannot apply retained pending input after refused lease restoration (2.0306ms)
✔ style explicit commit and repaint refuse old private fields in equal-source replacement context (2.5673ms)
✔ Guided blur applies once without stealing external control focus; keyboard and explicit commit return focus to the chip (21.5127ms)
✔ real Guided controller retains invalid, stale and refused fields across repaint/pause; Escape cancels without changing source (8.397ms)
✔ actual Guided inline field commits once and preserves every other line; readonly never opens an editor (2.5255ms)
✔ actual Guided mounts at most 64 rows and keeps a tentative field when source notification tries to repaint (5.017ms)
✔ frozen Guided parses flowchart chips/inline labels while preserving complete CRLF, frontmatter and unknown syntax (156.87ms)
✔ Guided single-field edits preserve imported colour lines and unrelated labels and escape executable/literal input (170.5493ms)
✔ other diagram grammars remain exact raw rows; long/ambiguous chains fall back and finite source budgets refuse (132.1412ms)
✔ Diagram history native and genuine copied-package regression run and retain bounded original receipts on failure (3.0124ms)
✔ Diagram history CI refuses missing copied execution/retention and profiles or exported data capture (5.9307ms)
✔ mounted Undo/Redo/History use actual bounded draft and refuse pending fields without discarding source (6.2594ms)
✔ semantic source Ctrl+Z/Shift+Z/Y respects focused fields, composition, modifiers and repeated keydown without browser divergence (1.9848ms)
✔ complete source/style history restores exact optional fields after Save using current CAS and preserves presentation edits (15.1522ms)
✔ typing coalesces within750ms, equal input creates no step, structured edits and Save seal typing, new input truncates redo (5.5252ms)
✔ 60state/8MiB UTF8 history evicts oldest states without truncating current work, oversized state clears undo safely (172.3971ms)
✔ readonly/pending/fenced/paused/disposed history commands cannot mutate; failed validation remains correctable (7.9297ms)
✔ new saved version adopted during preparing resets local history; same saved content retains it on rollback (3.3694ms)
✔ CI runs real layout controls in development and isolated copied preview, retaining only scoped evidence (2.6815ms)
✔ CI rejects omitted copied execution, swallowed failure and profile-wide upload (4.3055ms)
✔ CI rejects omitted or duplicated utility execution and missing utility result retention (4.0817ms)
✔ actual common render adapter applies explicit fallback without mutating source colours or automatic defaults (13.0329ms)
✔ actual draft tracks layout in local history and saves it with exact source in one typed transaction (10.802ms)
✔ native request boundary refuses unknown layout choices and typed history removal admits only the finite field (7.6414ms)
✔ native layout accepts only finite explicit choices and preserves unsupported imported values (1.31ms)
✔ source layout and scoped renderer declarations own layout; comments, labels and palette do not (0.7228ms)
✔ automatic and unsupported grammars never force a different Mermaid default (0.2425ms)
✔ contract refuses descriptor tricks without running getter or mutating prototype (0.2667ms)
✔ metadata no-op and rejected fields preserve original absence, clean status and history (5.4252ms)
✔ one finite annotation delta is undoable while opaque source pointers and other nodes stay exact (4.7618ms)
✔ source/style/annotations save in one current CAS and Undo after Save restores optional metadata absence (8.1754ms)
✔ readonly/pending/fenced/paused/disposed annotation writes refuse and preserve local data (7.6318ms)
✔ annotation history observes existing state/byte budgets and equal updates do not create steps (10.5284ms)
✔ retained unsupported managed objects/scalars cannot be overwritten, cleared or reset; valid sibling fields stay editable (6.1234ms)
✔ production hidden helper refuses managed-field pointer replacement/removal without relaxing arbitrary invalid renderer input (4.68ms)
✔ actual native owner refuses managed pointer/scalar loss and whole metadata reset even with permissive external validator (446.6292ms)
✔ draft refuses unsupported-field correction before it can create an unsavable historical state (8.3256ms)
✔ actual isolated domain helper validates metadata deltas without the lossy general import sanitizer (9.2029ms)
✔ finite metadata edit preserves opaque nested source pointers and unrelated node data exactly (5.3621ms)
✔ strict field ceilings and status values reject overflow/coercion without partial mutation (3.4864ms)
✔ empty edits preserve optional absence and clearing deletes only managed keys (0.5305ms)
✔ prototype-name semantic IDs create own data without prototype writes (0.4924ms)
✔ untrusted descriptors, non-data input and malformed identities refuse without executing accessors (0.6294ms)
✔ bounded maps and exact Unicode values do not normalize retained data or silently widen budgets (35.5936ms)
✔ managed block typography validates with actual frozen sanitizer while preserving opaque sibling data exactly (3.5298ms)
✔ new node entries retain actual aggregate frozen admission and reject invalid empty node keys (13.9831ms)
✔ prototype-named nodes use own data for first style and deletion; sanitizer prototype writes never grant admission (0.5277ms)
✔ CI runs actual endpoint transport in development and copied preview with scoped evidence (2.3255ms)
✔ CI refuses a missing copy, swallowed native exit or profile-wide evidence (3.84ms)
✔ pan applies the genuine release endpoint even without an intervening pointermove (12.13ms)
✔ pan release consumes its final endpoint after an earlier coalesced move and does not drift on a click (3.6707ms)
✔ foreign pointer release/cancel/lost-capture cannot terminate the owning pan (7.0195ms)
✔ matching cancellation/lost-capture ends the pan without applying an invented release endpoint (4.6387ms)
✔ private prepare retires pan before a late release and later rollback does not restore a drag (3.6596ms)
✔ actual Diagram controller waits for its native placement before reading or exposing content (11.9592ms)
✔ foreign or invalid shelf placement never admits Diagram source readiness (5.1023ms)
✔ placement arriving during pause or after retirement cannot start a source read (6.1703ms)
✔ actual Diagram preload has finite editor commands, private draining nonce and strictly numeric metadata notifications (10.123ms)
✔ Mermaid/style and finite deck edits form one exact save preserving opaque cards and private notes (13.3013ms)
✔ deck mutations cannot escape readonly, preparation, conflict or invalid-operation fences (6.5522ms)
✔ native Mermaid protects its security policy and finite renderer budgets from imported init directives (247.3688ms)
✔ edit-intent invalidation fences an old in-flight render before a debounced replacement starts (4.6082ms)
✔ fresh/local preview receives exact corresponding metadata without changing the saved context (1.2881ms)
✔ working Diagram previews local source without rereading or changing its saved context, and Lock fences late local SVG (1.5908ms)
✔ native Diagram retains exact imported source and preserves it when Mermaid rejects syntax (1.204ms)
✔ Lock fences pending SVG and reads; rollback permits a fresh render without publishing private late results (7.8215ms)
✔ competing refreshes publish only the newest read and disposal refuses all further access (1.4252ms)
✔ layout control uses explicit finite local choices and leaves pending invalid style fields intact (9.8512ms)
✔ layout picker explains source ownership and unsupported types without overriding saved data (3.9465ms)
✔ pending style fields survive source repaint; invalid font size cannot be lost, saved or flushed; Escape cancels it (2.1451ms)
✔ readonly and source-owned colours cannot be changed through the actual optional controller; stable B targets remain editable (3.7256ms)
✔ global and block typography edit without implicit Save; inheritance removes fields and retains colours/siblings (5.4593ms)
✔ invalid block size survives refused target switch; source-owned typography and readonly controls remain disabled (5.3952ms)
✔ changing an admitted font preserves existing opaque block metadata and refuses new or changed opaque fields (3.1665ms)
✔ absent global typography shows Theme default and stays absent until explicitly edited (2.2545ms)
✔ source global font ownership disables controls even when no stable block targets exist (2.1268ms)
✔ an inherited block size without metadata stays blank until the user explicitly enables a size (4.8959ms)
✔ surface provenance keeps exact source hex colours and refuses invalid CSS or contextual/resource values (17.1226ms)
✔ frozen Mermaid-resolved provenance preserves declared colours, paints only exact matching blocks and retains class/own precedence (3.9999ms)
✔ imported theme palettes and font declarations stay in Mermaid control; unrendered/unsafe metadata never creates targets or CSS (2.8878ms)
✔ strict Mermaid render prefixes map by exact DB DOM identity; near matches never receive another block style (1.605ms)
✔ source node and global weight declarations prevent global/root and block typography overrides (4.3ms)
✔ actual extracted Mermaid node CSS provenance identifies family/size/weight and keeps its rendered text untouched (1.838ms)
✔ isolated SVG utility denies preload, privileges, navigation/network and joins actual native destruction (25.6421ms)
✔ wrong bytes, revoked scope or oversized native input create no utility (47.7817ms)
✔ changed entry or substituted frame refuses SVG publication and destroys utility (53.1003ms)
✔ cancel/deadline reject late work and private/oversized output cannot become an SVG receipt (102.2561ms)
✔ successful SVG render waits for separate webContents destruction (35.9113ms)
✔ CI executes native Diagram walkthrough and copied original harness, retaining bounded original receipts on failure (2.2621ms)
✔ CI rejects missing original execution, hidden copied failure or profile-wide evidence upload (3.7021ms)
✔ real native controller mounts readonly-safe browsing and retires target authority at every edit intent (16.638ms)
✔ Refresh retires before placement resolves; common prepare/disposal clear browsing before async work (7.6327ms)
✔ walkthrough asset is scoped to native Diagram, decoration stays outside SVG and uses shared theme (16.9386ms)
✔ semantic multi-group nodes count once, traverse locally and never mutate SVG/source fields (4.0639ms)
✔ admission, captions and geometry are bounded and disconnected or foreign groups are refused (4.8231ms)
✔ invalidated, paused, hidden and disposed views cannot navigate or revive stale targets (1.5321ms)
✔ only focused walkthrough controls own navigation keys; editor/composition/modifiers remain untouched (1.6996ms)
✔ overlay follows actual viewport scaling and geometry without changing node attributes (1.3179ms)
✔ pointer browsing preserves focused valid pending form input instead of causing blur-change commits (1.401ms)
✔ actual SVG outer rows preserve wrapped Unicode words and inline spans remain a single word (1.8077ms)
✔ 250-entry caption discloses the shown set rather than claiming the full diagram count (2.7924ms)
✔ CI runs actual Docs Activity in development and genuine copied package with bounded failure evidence (2.29ms)
✔ CI rejects missing copied Activity, swallowed exit and profile-wide upload (3.8597ms)
✔ Activity compares an explicit saved or working target and reveals lazy editor blocks without repaint or save (32.8332ms)
✔ verified Save replaces Activity saved context once and keeps archived records exact (26.4876ms)
✔ save conflict retains original saved Activity context and exact unsaved editor content (23.8385ms)
✔ Lock preparation pauses Activity and verified flush updates its context on resume (22.7267ms)
✔ readonly Docs exposes Activity and exact reader jump without granting working comparison or writes (9.9947ms)
✔ actual Activity regains saved admission after pending Refresh is retired by preparation and rollback (9.1021ms)
✔ compact readonly disclosure uses inert recorded rows and preserves mounted editor focus/selection (5.2638ms)
✔ comment filters retain original source positions and unsupported resolution is not open or resolved (2.9756ms)
✔ pagination advances original source cursor after bounded filtered scan and reports limits honestly (2.5186ms)
✔ exact block jump callback is readonly-safe; failure says refused and cannot mutate recorded data (7.9194ms)
✔ revision comparison explicitly selects saved or unsaved working target and paginates at most20 rows (4.648ms)
✔ comparison refusal and malformed record containers expose explicit limited/unavailable state (2.4617ms)
✔ review and releases display recorded provenance without verified approval claims (1.6893ms)
✔ pause, context replacement, invalidation and disposal fence late comparison callbacks and clear private DOM (7.5601ms)
✔ disabled state refuses actions and dirty update invalidates a pending working comparison (1.8883ms)
✔ clean working comparison does not invent unsaved changes and native controls retain keyboard focus (2.362ms)
✔ one pending callback, throw/refusal and bounded excerpts never report a successful jump or equality (3.9446ms)
✔ comparison maximum512 rows stays paged20 and context replacement retires already-captured handlers (9.0561ms)
✔ detached old controls cannot act on a newly admitted document or a replaced local page (3.2609ms)
✔ comments preserve original positions and require actual boolean resolution (5.8958ms)
✔ pagination scans a finite source range without claiming a filtered total (1.0473ms)
✔ all page output budgets are finite and inert with explicit scalar excerpts (0.8754ms)
✔ unsupported entry notices count toward the exact aggregate page budget (1.5045ms)
✔ malformed record containers and invalid options refuse rather than invent data (0.4915ms)
✔ revision rows retain exact positions and disclose complete comparison availability (0.5002ms)
✔ recorded review combines top-level file provenance, trail and releases without merging (0.6527ms)
✔ frozen review and release field names expose recorded details and fingerprints (0.5799ms)
✔ projection never invokes imported getters or coercion (0.5528ms)
✔ comparison is exact over formatting, opaque fields, images and source pointer values (2.1161ms)
✔ canonical key order is equal and reorder remains a real difference (0.6587ms)
✔ added removed and malicious valid identifiers retain exact identity (0.4319ms)
✔ invalid duplicate Unicode and absent identities never yield partial equality (0.5049ms)
✔ complete comparison refuses oversized blocks, bytes, nodes and depth (14.5855ms)
✔ complete comparison refuses accessors, cycles, non JSON values and container anomalies (0.795ms)
✔ locate proves uniqueness within the whole finite range and never normalizes IDs (1.1327ms)
✔ browser injection uses the same finite model without runtime imports (3.1665ms)
✔ body and context share history and one exact save acknowledgement with preserved provenance (14.8414ms)
✔ returning context to original clears dirtiness; readonly and conflicting views cannot mutate or falsely save (10.399ms)
✔ finite context changes retain unknown agent fields, review, releases, blocks and unsupported references (2.9707ms)
✔ whole saved references add and remove by exact kind/id, preserving unrelated opaque records (2.752ms)
✔ context normalization rejects arbitrary approval, paths, extra nested fields, overlimits and accessors without invoking them (0.6883ms)
✔ ordinary Docs Save preserves Undo and Redo against the newly saved baseline (16.1851ms)
✔ local Docs history groups typing, preserves original blocks and metadata, and refuses paused or uncertain edits (3.0543ms)
✔ Docs history stays bounded for large content and resets when a clean view adopts an external saved document (20.6563ms)
✔ Docs rejects a well-shaped save receipt with the wrong complete entity hash and fences uncertain commit exceptions (3.5317ms)
✔ clean Docs preparation can recapture one concurrent saved document; dirty conflict never adopts someone else’s text or retries a mutation (2.8669ms)
✔ Docs draft changes only local title/blocks; explicit atomic save binds exact document/version and preserves metadata (2.6784ms)
✔ conflicting or fabricated Docs acknowledgement retains exact local text and does not invent saved success (5.9864ms)
✔ Docs finite prepare pauses input, saves unsaved content and flushes its actual latest token before success (3.4437ms)
✔ native rollback during a pending save releases the pause without admitting edits or dropping refused local text (4.064ms)
✔ Docs native and genuine copied-package regression run and retain bounded original receipts on failure (2.8196ms)
✔ Docs CI refuses missing copied execution/retention and profiles or exported data capture (5.2549ms)
✔ actual Docs export main handler tracks the real promise and rejects all transition fences before invoking service (2.2201ms)
✔ actual all-window preparation pauses, drains and checks Docs exporter before issuing quiescence (2.5795ms)
✔ actual native retirement refuses uncertain Docs cleanup instead of proceeding to view destruction (1.5704ms)
✔ document export parser is shipped with exact existing runtime versions and actual license notices (1914.3607ms)
✔ actual native Docs export preload has only finite delivery/reveal and never borrows a private flush ticket (8.2084ms)
✔ Docs export picker explains dirty saved-only semantics, cancels without IPC and submits only finite expected identity (7.1638ms)
✔ pending export is unique and prepare hides/joins it; late completion cannot restore receipt after resume (1.872ms)
✔ stale/refused or malformed saved receipt never shows file or implies draft saved (3.2559ms)
✔ unready or disposed Docs refuses picker; disposal removes handlers and cached receipt (1.7301ms)
✔ Enter on Cancel or format selection never triggers a saved-document export (1.4795ms)
✔ raster inspection accepts a bounded PNG and rejects remote, executable, spoofed, corrupt and oversized inputs (1.0375ms)
✔ image edits preserve opaque imported fields and refuse invalid changes atomically (1.4633ms)
✔ JPEG SOF dimensions reject decompression-sized rasters before assigning an image source (1.4692ms)
✔ a late decoded image cannot stage after Lock or overwrite a newer draft edit (8.8651ms)
✔ a source-only document keeps its existing source outline instead of gaining an empty reading page (6.6801ms)
✔ exact jump beyond the first page appends blocks and keeps existing mounted content (3.8771ms)
✔ duplicate missing invalid and over-limit jumps refuse before mounting additional blocks (3.8376ms)
✔ source-only rendering stays empty until an explicit unknown-block jump creates a labelled anchor (0.9025ms)
✔ own Docs discovers bounded metadata only and opens only its exact saved reference/version (842.335ms)
✔ references reject forged targets, stale versions, getters, private preparation and lock without opening peers (644.8675ms)
✔ pending reference discovery cannot publish after lock or current document replacement (673.2048ms)
✔ rich editing accepts inert formatting and original palette classes while preserving the original block until editing (10.5878ms)
✔ unsupported attributes, executable/resource HTML and oversized/deep rich blocks stay preserved rather than converted (4.7125ms)
✔ actual main opens a genuine saved Docs pointer in readonly Code, tracks lifecycle and rejects Lock without a window (1102.2081ms)
✔ satellite preload exposes one finite Docs source opener without copying the private flush nonce (3.3414ms)
✔ Docs preview returns bounded exact historical source pages and disposes readers without opening or saving (1489.5275ms)
✔ Docs preview refuses malformed ranges, borrowed caller authority and payload getters before source reads (796.8655ms)
✔ Docs preview cannot publish text read before Lock and closes the genuine held reader (937.0896ms)
✔ Docs preview reserves a finite whole-operation budget and releases it after refused held requests (876.6801ms)
✔ Docs preview retains exact Unicode boundaries, empty EOF and refuses a changed document before publication (1362.7954ms)
✔ Docs opens only its genuine saved source version as a pinned immutable Code window, preserving newer head and project (912.2527ms)
✔ Docs opener rejects caller identity, getters, foreign frames/roles and private drain nonce before source access (907.6317ms)
✔ actual changed Docs or revoked native owner during source verification refuses opening and preserves both entities (858.9048ms)
✔ late document change while native window is prepared destroys only the new hidden Code window (1053.8694ms)
✔ a duplicate knowledge row refuses a Code grant (1224.5714ms)
✔ manifest refuses unknown Docs pointers and forged hashes before source-opening admission (1836.5522ms)
✔ native source readback mismatch refuses window creation (712.1218ms)
✔ failed native publication destroys the new window and leaves existing work untouched (759.8674ms)
✔ structured table pages are lazy and bounded, literal edits retain off-page values, role and exact other blocks (28.0687ms)
✔ newly added sections retain their focused live input after the asynchronous details toggle (1.6836ms)
✔ structured mutations refuse pending, paused, fenced, revoked and stale block controls; malformed text does not become a draft (1.6521ms)
✔ row and column changes keep exact rectangular shape, retained data and confirmation cancellation (3.7149ms)
✔ prompt controls edit literal documentation and preserve exact history and dates; checklist and settings remain bounded (7.0402ms)
✔ new structured sections have exact frozen canonical defaults, no source/agent/history authority and independent mutable payloads (1.9832ms)
✔ editable canonical shapes remain bounded and refuse opaque provenance rather than silently dropping it (1.9452ms)
✔ JSON archive preserves exact saved data and actual CAS/hash with honest references-only metadata (4.5399ms)
✔ standalone HTML renders normal rich content, keeps exact archival appendix and has no active/external resources (15.6448ms)
✔ unsafe and unknown rich structures remain escaped preserved data without executing markup (10.3679ms)
✔ Markdown escapes table/fence controls and includes a complete indented JSON archive (3.1673ms)
✔ mismatched identity, malformed input, accessors, depth/node and read/output budgets refuse without coercion (1205.0904ms)
✔ complex rich blocks stop finite traversal and preserve full exact input in the appendix (59.9253ms)
✔ jagged tables preflight aggregate rendered cells before Markdown padding; HTML never builds unused padded Markdown (25.592ms)
✔ lone CR cannot escape Markdown prompt/rich-fallback indentation into active HTML in the actual existing Markdown parser (115.474ms)
✔ scoped domain repository and strict intent validator exist (1.3224ms)
✔ Docs body and finite context commit once with exact opaque metadata and same-project reference admission (957.694ms)
✔ finite Diagram resetStyleFields deletes exact admitted optional keys under current CAS and never persists controls or erases siblings (798.5862ms)
✔ typed presentation/source/style transaction persists once and rejects stale or ambiguous edits without replacing project context (759.632ms)
✔ finite layout saves and removes once against real manifest ancestry while preserving source/context and refusing stale replay (826.4942ms)
✔ different diagrams and Docs from one original revision preserve every unrelated field and source ref (961.4143ms)
✔ same entity conflicts retain the selected version; duplicates return actual selected historical receipts (1000.1331ms)
✔ native validation refuses rather than silently normalizing or replacing imported colors (440.0188ms)
✔ one Diagram source/style transaction commits once, preserves all other metadata and refuses stale/unknown fields (697.7098ms)
✔ Docs replacement preserves linked source pointers, release provenance and exact independently expected content (639.7819ms)
✔ one Docs content transaction changes title and blocks atomically while retaining agent/releases/other entities (673.4516ms)
✔ getters, prototype authority, unknown fields, oversize and sparse blocks are refused before user code executes (601.7761ms)
✔ revocation during validation or native selection cannot publish an edited document or successful receipt (1231.8487ms)
✔ read and flush verify the current entity version and never claim an old version is the latest (909.8646ms)
✔ checkpoint failure returns recovery-degraded instead of a false committed acknowledgement (642.0834ms)
✔ one native owner serializes document edits and finite flushes preserve both independent changes (717.4183ms)
✔ native role/entity/access and result projection refuse cross-document or fabricated persistence (476.647ms)
✔ complete Docs roster uses native seals and latest document tokens before prepared authority (633.8685ms)
✔ a missing document flush or a changed document is not established by earlier domain commits (707.5146ms)
✔ read result digest must describe the exact entity delivered to the renderer (592.647ms)
✔ a clean preparing peer may seal one exact conflict/read/flush recapture after the other native Diagram saves (763.6326ms)
✔ failed mutations and unverified or repeated flush conflicts cannot be hidden by a later successful native receipt (2011.5773ms)
✔ the same bounded clean recapture binds Docs to the full saved document hash, not its old token (471.3755ms)
✔ whole block-style reset cannot erase imported opaque fields even with a permissive value validator (303.2919ms)
✔ finite metadata edits retain opaque source pointers, siblings and exact CAS; even permissive validation cannot erase or forge unknowns (504.8375ms)
✔ metadata history reset removes only safe managed data and accepts all seven finite reset names (416.4439ms)
✔ Diagram typed removal controls are never sent to frozen style validator; reset-only still validates source and added fields (4.0438ms)
✔ one Diagram content mutation requires both original source/style validators and disposal before admission (1.735ms)
✔ owned content validation uses both frozen validators and disposes on every result without accepting normalization (0.4824ms)
✔ native validation revocation, exception and disposal failure cannot authorize a domain save (0.5429ms)
✔ Code editor persistence adapter exists (1.3084ms)
✔ a reopened clean working view replays its verified commit after another window advances without rewinding latest (998.6726ms)
✔ summary metrics track exact local Unicode bytes/lines while source identity advances only on native acknowledgement (738.3286ms)
✔ view pause freezes upstream admission while all earlier multi-range edits reach the source commit (1172.2503ms)
✔ pausing downstream first cannot falsely acknowledge an upstream editor queue as saved (354.7436ms)
✔ pause retains local text and refuses resumed editing when an accepted native write fails (373.5929ms)
✔ pause aborts an incomplete load and never reports it as a prepared view (337.0309ms)
✔ readonly pause preserves selection without pretending to commit and disposal cannot resume (336.9284ms)
✔ verified CM document and LF transaction parsing preserve BOM, literal CR and source offsets (816.6373ms)
✔ one multi-range transaction persists shifted UTF16 offsets in order and advances each receipt (797.0375ms)
✔ flush awaits actual in-flight durable edits, blocks new edits and coalesces callers (552.8964ms)
✔ a native edit refusal retains every local edit, fences subsequent edits and never commits (401.6379ms)
✔ split emoji and malformed insert are refused before changing document or native source (268.9708ms)
✔ readonly state rejects changes but permits selection without durable writes (276.8846ms)
✔ native receipt after client reset cannot mark retained optimistic text as saved (509.9384ms)
✔ disposal aborts in-flight open and cannot resurrect an editor document (489.1148ms)
✔ real history undo and redo persist the complete expected source through native receipts (1052.2945ms)
✔ open completion observer reset cannot publish an obsolete success (602.8239ms)
✔ flush completion observer reset preserves the commit but refuses obsolete UI success (649.8942ms)
✔ open completion observer dispose cannot publish an obsolete success (341.752ms)
✔ flush completion observer dispose preserves the commit but refuses obsolete UI success (642.7974ms)
✔ a final-size-valid transaction refuses an over-budget intermediate native source before any prefix (0.6711ms)
✔ client disposal by the first completed-status observer suppresses later ready notifications (408.9006ms)
✔ failed source loading exposes its refusal status without falsely announcing a ready document (254.6786ms)
✔ shipped manual is finite, immutable and tied to real source files (13.3102ms)
✔ catalog refuses duplicate article and scoped mapping identities (2.0985ms)
✔ catalog rejects dangling relations, executable fields, getters and oversized prose without invoking getters (6.8961ms)
✔ non-enumerable required fields cannot disappear when a validated catalog is snapshotted (3.2568ms)
✔ flow bounds and references refuse cycles, duplicate nodes and excessive data (4.7986ms)
✔ partial export and opening failure never imply that a committed result disappeared (0.656ms)
✔ every shipped exact mapped code occurs in at least one referenced source (16.3051ms)
✔ CI executes actual Help in development and a verified portable copy and retains its failure evidence (2.6875ms)
✔ CI refuses missing Help, swallowed package exit, late execution and broad private uploads (5.2117ms)
✔ native F1 handler routes exact unmodified key once and consumes repeats without new authority (1.2115ms)
✔ native Help dispatches only a fixed command to the current registered origin (1.2823ms)
✔ native Help refuses absent, stale, Audience and asynchronous truthiness authority (1.5931ms)
✔ preloads expose only a fixed read-only Help event and unsubscribe cleanly (19.2111ms)
✔ exact namespace and operation select the meaning of reused codes (1.4228ms)
✔ unknown, arbitrary stdout, extra project text and non-data input never become diagnoses (0.325ms)
✔ exact code and title rank ahead of prose, with deterministic local category search (14.5636ms)
✔ bounded search refuses malformed query and never interprets HTML or regex (0.4074ms)
✔ flow and catalog snapshots cannot be changed by the caller (2.2184ms)
✔ manual uses real catalog search, scoped diagnosis and local category filtering (80.6471ms)
✔ flow has finite interactive decisions, a text alternative and reset (17.6175ms)
✔ Escape closes, clears diagnosis and restores initiator focus; dispose cannot reopen (15.0398ms)
✔ unavailable or retired context cannot reveal a panel or accept arbitrary metadata (11.3106ms)
✔ callbacks retained from a retired dialog cannot change a newly opened article (11.764ms)
✔ opening the manual without an error welcomes browsing instead of diagnosing an unknown failure (11.5201ms)
✔ Escape is consumed so a containing Presenter does not also leave fullscreen (10.9448ms)
✔ shared manual closes synchronously on cover and cannot reopen before native resume (12.0173ms)
✔ contextual error and static render help are finite, inert and retired on Lock (12.1691ms)
✔ cover and resume retire earlier error controls and refuse results captured before the transition (9.3574ms)
✔ delayed events from a closed dialog cannot close its replacement (9.9988ms)
✔ unknown structured error keeps only its bounded code visible without guessing a cause (10.8269ms)
✔ the actual Docs save callback cannot offer a diagnosis after native cover and resume (10.3842ms)
✔ repeated open is a single dialog with an unknown-identity explanation (10.0375ms)
✔ Home native regression runs once and retains its nested receipt even on failure (2.1707ms)
✔ Home CI admission rejects missing retention, blanket profile capture and package mislabeling (3.169ms)
✔ Home exports internally selected saved classic bytes and returns only finite verified facts (346.1685ms)
✔ source-backed saved backup round-trips exact BOM CRLF Unicode and opaque history; private drafts stay outside it (727.8331ms)
✔ extra fields, accessor payloads, forged frames/URLs, locked or missing selection never read or publish (924.4251ms)
✔ readonly saved export remains available, cancellation is not success, and a completed operation releases its pending slot (107.8414ms)
✔ one pending Home export; Lock then unlock during saved read permanently revokes it (130.0038ms)
✔ base64 wire expansion over importer limit refuses before loading any source bytes (738.9279ms)
✔ source corruption cannot fall back to metadata-only output or open a chooser (833.9883ms)
✔ actual main Home registration publishes exact saved bytes through tracked writer, without legacy URL widening (358.8788ms)
✔ actual Home publication revocation at before-flush preserves existing destination and cleans pending bytes (171.9274ms)
✔ actual Home publication revocation at after-flush preserves existing destination and cleans pending bytes (173.9835ms)
✔ actual Home publication revocation at before-rename preserves existing destination and cleans pending bytes (152.5184ms)
✔ accepted rename remains in actual drain until readback; Lock cannot relabel committed output as cancellation (161.3887ms)
✔ failed readback after accepted rename and revocation reports uncertain output rather than clean access refusal (127.9885ms)
✔ unanswered chooser is not a writes drain; returning to same project cannot revive it (149.1174ms)
✔ actual main cancellation and single pending chooser leave snapshot and output untouched (119.7945ms)
✔ actual destination write failure is distinguished from unavailable saved data (134.1397ms)
✔ unconfirmed cleanup remains a rejected actual drain rather than successful Lock (165.9353ms)
✔ home_never_reads_content_to_list_recents even a huge invalid pointer stays metadata only (491.6224ms)
✔ missing recent entries retain labels and timestamps with honest unavailable status (6.1221ms)
✔ cold owned projects have generic labels and no invented last-visited date (12.7477ms)
✔ recent summaries precede cold discovery without duplicate IDs or non-project files (26.1536ms)
✔ catalog strictly validates navigation input instead of projecting injected content (2.5352ms)
✔ empty data root has no fabricated project or disk writes (2.1378ms)
✔ incomplete or corrupt source-import markers cannot advertise a usable project (20.6515ms)
✔ Home native menu shortcuts route once to finite commands and disposal removes the listener (4.7053ms)
✔ Home commands cannot run behind PIN or a retired workspace; busy UI still permits native Lock (1.0796ms)
✔ actual Home export command invokes saved-backup bridge once, retains completion and never navigates (8.3055ms)
✔ Home cancellation stays cancellation and covered pending completion cannot repaint private status (2.0764ms)
✔ visible Home Lock remains enabled while backup waits for its native destination (1.367ms)
✔ cross-project Continue opens its resolved document after genuine selection and returns only the native receipt (430.9637ms)
✔ missing entity, unavailable project and Lock during resolution leave the previous project untouched (673.8231ms)
✔ copied selection metadata cannot promote an old Home request into a new project window (238.3025ms)
✔ Continue for a saved native Diagram resolves and opens the exact entity in the selected project (252.2331ms)
✔ Continue for a saved presentation resolves the exact deck and opens a Presenter, never Audience or raw source (204.4587ms)
✔ Continue validates missing/cross-project native Diagram before changing the selected project (579.6183ms)
✔ Home permits native PIN and update controls while refusing workspace envelopes and project bytes (1.2602ms)
✔ only the genuine App route can request Home, and locked access or extra fields refuse it (0.3886ms)
✔ actual native document handler prepares first and acknowledges durable same-project reselection with no new caller authority (844.6035ms)
✔ forged frame, caller identities, locked or readonly mode refuse before preparation and manifest writes (1976.987ms)
✔ creation derives the genuinely saved post-preparation document rather than stale bootstrap content (894.1448ms)
✔ Lock at the actual document selector refuses selection and retains the complete original project (428.2209ms)
✔ new document commits exactly one native identity with no invented agent/release and preserves every existing source, document and diagram (1302.0166ms)
✔ title request rejects extra authority, getters, invalid Unicode and length before any project write (768.4254ms)
✔ stale snapshot, classic project and revoked authority cannot add a document (1475.8823ms)
✔ access loss at the real atomic manifest selector retains the selected snapshot (1214.7114ms)
✔ the finite 4096-document catalog refuses another document without changing sources or the selected manifest (1240.6011ms)
✔ empty readonly Recovery acknowledges a real retired frame and genuine native roster once (110.2843ms)
✔ copied native roster, URL-only mutation and loading Recovery cannot manufacture an acknowledgement (13.9709ms)
✔ normal no-project Home and Lock during a readonly transition cannot authorize Recovery (7.8255ms)
✔ entry URLs and native route contracts have one finite shared definition (0.8987ms)
✔ genuine Home activation grants no source/entity access and explicit App activation retains its native scope (2.4816ms)
✔ unknown entry, query, injected activation options and spoofed same-URL frames never activate a workspace (0.5685ms)
✔ Home readiness requires an explicit native expected URL; legacy default still requires App (0.4446ms)
✔ navigation away from a pending Home load refuses before invoking the PIN or route operation (0.3667ms)
✔ routes copy exact source references and never accept caller URLs, epochs or another surface source reference (0.5097ms)
✔ explicit null and accessor readiness/entry options are refused without invoking user code (0.3256ms)
✔ Home fixture admits exactly its five genuine local resources, including catalogue assets (1.1412ms)
✔ Home fixture continues to reject foreign, diagram, source and unexpected local requests (0.1344ms)
✔ actual fresh Home builder references every whitelisted asset with integrity, and no other external asset (1536.3844ms)
✔ Home is a bounded standalone entry with exact local script identities and no diagram initialization (1453.9518ms)
✔ actual native import service uses an isolated validator instead of executing the workspace renderer (356.2198ms)
✔ access change while hidden import validation is pending creates no project or checkpoint (128.8313ms)
✔ actual legacy native chooser restores an emitted source bundle into a distinct durable copy (1371.3357ms)
✔ legacy import scope is captured before chooser and revoked permanently by preparation epoch (147.2562ms)
✔ ordinary bundle import cannot bypass native readonly or recovery through private copy stores (1204.0945ms)
✔ actual Home import hands off to genuine durable native selection and saved recovery (297.7152ms)
✔ actual Home import uses a native chooser and isolated validator, returning metadata without source text (50.7803ms)
✔ Home import cancellation, extra identity fields and Lock during chooser do not select a project (70.2462ms)
✔ actual Home door selects a source-bundle copy with exact source bytes and saved checkpoint (1268.0267ms)
✔ Home copy cannot adopt a new epoch after Lock and rollback while its own preparation was pending (481.4115ms)
✔ actual Home open refuses an incomplete copy even when its selected manifest is readable (175.5954ms)
✔ headless import build retains frozen validator/signoff and stops before workspace initialization (5650.9252ms)
✔ unrecognized baseline cannot overwrite an existing validator entry (32.4901ms)
✔ native import copies chosen bytes and disposes its isolated validator on success and failure (1.2795ms)
✔ native import refuses invalid UTF8 paths oversize or stale access before validator admission (1.2721ms)
✔ Lock during validation refuses publication and failed disposal never reports a valid import (0.7881ms)
✔ metadata-only Home has genuine native caller without a selected project or source grant (3.8288ms)
✔ same-origin forged sender subframe and non-exact URL cannot read Home (0.6224ms)
✔ locked Home request and an old grant after lock/unlock are refused (0.3219ms)
✔ Lock generation and frame replacement during asynchronous read suppress metadata (0.7856ms)
✔ request getters extra fields inherited fields and unknown methods never dispatch (0.5045ms)
✔ Home result refuses content fields oversized lists or planted private values (0.8975ms)
✔ location write derives native project and carries a live access fence (0.4406ms)
✔ metadata projections preserve exact immutable Continue reference and finite view identity (2.1012ms)
✔ no selected project may offer Continue for a listed project without granting its data (0.5817ms)
✔ unexpected native revalidation failure is a sanitized refusal instead of a rejected promise (0.4788ms)
✔ creation format is a finite optional choice; callers cannot supply a snapshot, path or conversion authority (0.5192ms)
✔ tests/native/home-library.mjs accepts actual Settings with all four named actions in order (15.0759ms)
✔ tests/native/home-library.mjs refuses missing, renamed, reordered and unexpected Settings actions (17.8475ms)
✔ tests/native/home-library-search.mjs accepts actual Settings with all four named actions in order (5.5148ms)
✔ tests/native/home-library-search.mjs refuses missing, renamed, reordered and unexpected Settings actions (17.8359ms)
✔ recovery privacy waits for actual DOM after real locked preload admission (11.1014ms)
✔ recovery admission still fails if the admitted body exposes the private project label (9.6846ms)
✔ recovery never treats absent body as privacy success or extends the existing deadline (165.3376ms)
✔ actual native Home creation selects an owned durable project and acknowledges metadata only (201.9384ms)
✔ actual failed Home selector retains no selected snapshot or false metadata acknowledgement (113.4292ms)
✔ actual desktop New selects the source-aware copy through durable native Home acknowledgement (421.9681ms)
✔ desktop New creates one durable source-aware project with real editable Docs/Diagram entities and a saved checkpoint (374.7547ms)
✔ Home conversion preserves original pointer/revision bytes and source/agent/release identities in a separate selected-ready copy (1349.7289ms)
✔ Lock/navigation during source extraction cannot select a source manifest or acknowledge a successful copy (320.3618ms)
✔ expired native scope refuses before creating anything; schema2 conversion is rejected without writes (299.8707ms)
✔ a retained copy without a verified saved recovery point is not admitted as a completed Home conversion (671.0936ms)
✔ first-use Home selection acknowledges only an actual durable project and fresh native scope (181.0345ms)
✔ memory selection without an owned durable pointer cannot confirm Home selection (123.8535ms)
✔ copied selection metadata and Lock after a genuine selection do not publish success (321.498ms)
✔ only genuine Continue selection permits a finite follow-up and Lock retires that scope (175.2855ms)
✔ Home state lists only cached metadata without reading project or source contents (162.2565ms)
✔ Home state permits empty selection and retains cached Continue without granting source access (195.3799ms)
✔ recording resolved location uses verified native label timestamp and preserves snapshot (189.9626ms)
✔ unknown entity readonly state and stale source reference cannot overwrite prior navigation (133.1712ms)
✔ Lock during catalog or domain resolution suppresses metadata and persistence (127.1989ms)
✔ project change inside atomic navigation replacement cannot publish stale metadata (222.1002ms)
✔ caller mutation during domain resolution cannot alter the recorded source version or cursor (169.5668ms)
✔ resolver cannot silently substitute an immutable version by mutating its request (201.4047ms)
✔ Continue diagnostics follow genuine durable navigation stages without private metadata (256.9417ms)
✔ Continue diagnostics expose the held read boundary and refuse Lock before persistence (105.1407ms)
✔ Continue diagnostics retain refusals and sanitize unexpected storage errors (115.042ms)
✔ a failed diagnostic sink cannot change a real navigation receipt or persistence (196.1157ms)
✔ actual native import handler reads only a chosen owned file, prepares before mutation and acknowledges genuine durable same-project reselection without source disclosure (1044.8462ms)
✔ Cancel, caller paths/identities, forged frames and Lock during native chooser perform no writes or selection (1960.0223ms)
✔ actual import reads the post-preparation revision and preserves content genuinely saved before quiescence (1262.7706ms)
✔ frame retirement during source extraction refuses both manifest and native acknowledgement and retains complete selected data (522.5116ms)
✔ owned Python import adds one unlinked source and preserves every prior Docs/Diagram field and exact BOM/CRLF/Unicode bytes (1518.5955ms)
✔ invalid encoding, oversized source and path-like filename cannot modify the project (399.0802ms)
✔ access change after source bytes are written cannot select a new manifest or return success (458.6717ms)
✔ stale selected snapshot and classic projects are refused before imports (1108.0912ms)
✔ locked Home startup never constructs project UI or requests metadata (3.8368ms)
✔ introduction requires an explicit native startup request and plays once (3.9947ms)
✔ reduced motion has no mandatory vault timer (0.7154ms)
✔ Home metadata acknowledgement follows a genuine prepared native handoff while the old grant stays retired (1123.1331ms)
✔ copied completion metadata cannot acknowledge a retired Home request (846.1133ms)
✔ a renderer success label and URL change without a native handoff remain refused (673.5914ms)
✔ Lock after native completion refuses publication of its metadata receipt (1132.9437ms)
✔ Home opens actual saved Docs and selected immutable Code without acquiring entity or source authority (716.6837ms)
✔ unselected versions, unknown entities, copied Home frames and caller authority fields are refused before opening (680.318ms)
✔ native shelf titles are literal bounded metadata with an exact role prefix and Unicode safety (1.0912ms)
✔ Home distinguishes real registered Code, Docs, diagram and presentation names from generic roles (1.2657ms)
✔ Code windows label their own exact admitted version and cannot borrow another hash or document name (0.335ms)
✔ a genuinely admitted unsaved working source retains its selected filename and current version on Home (1033.7834ms)
✔ working label admission cannot name an unselected source or supply malformed version metadata (0.4075ms)
✔ Home omits other-project, primary and unknown windows and bounds the shelf without requesting their sources (0.4578ms)
✔ saved title metadata stays bounded and literal, with safe fallbacks and correct minimized state (0.4983ms)
✔ native validator is hidden sandboxed has no preload and cannot open network permissions or windows (28.039ms)
✔ tampered validation entry is refused before creating native resources (30.6561ms)
✔ pending validation deadline destroys only its owned hidden window and suppresses a late reply (27.2029ms)
✔ same URL with a replaced main frame cannot validate using retired native identity (6.2033ms)
✔ disposal waits for asynchronous native webContents destruction after its window is gone (17.7027ms)
✔ dedicated bundle metadata validator uses literal arguments and retains the native frame fence (5.6491ms)
✔ pending bundle metadata cannot overlap patch validation and timeout destroys its owned validator (41.4715ms)
✔ imported entity identity survives navigation and native read/save contracts without becoming a filesystem ID (2.6455ms)
✔ imported metadata identity never permits path components, control characters or noncanonical source IDs (1.4448ms)
✔ owned reads refuse oversize files before allocating their body and preserve the original (23.5834ms)
✔ native linked labels validate only finite editable text with the original sanitizer while keeping all immutable row fields (6.0357ms)
✔ linked metadata cannot rewrite source identity/version/hash, provenance, row order, other content or preserved block fields (9.4546ms)
✔ unchanged legacy linked blocks remain exact without sanitizing or deleting native references (1.0264ms)
✔ exportProject: chooser result after Lock cannot publish private bytes (11.1618ms)
✔ exportProject: actual preparation permanently revokes chooser even after unlock/rollback (4.1856ms)
✔ exportProject: unchanged authority preserves exact export and cancellation (44.7962ms)
✔ exportRecovery: chooser result after Lock cannot publish private bytes (15.0318ms)
✔ exportRecovery: actual preparation permanently revokes chooser even after unlock/rollback (12.5575ms)
✔ exportRecovery: unchanged authority preserves exact export and cancellation (57.3166ms)
✔ authority lost during project read never opens a destination chooser (3.066ms)
✔ a changed selection invalidates pending export (2.2608ms)
✔ a changed frame invalidates pending export (2.318ms)
✔ a changed mode invalidates pending export (2.2573ms)
✔ access loss before atomic publication preserves an existing destination and removes its owned staging file (36.4861ms)
✔ a refused export destination leaves no full backup staging copy beside it (45.6759ms)
✔ an export still loading recovery bytes is revoked before a chooser can open (2.1132ms)
✔ a chooser does not enter the native writes drain and readonly exports remain available (30.2936ms)
✔ diagnostics use the same revoked chooser boundary (9.8727ms)
✔ actual Lock service drains publication already committed before Lock (47.3006ms)
✔ actual Lock succeeds when its revoked before-rename export was cleaned safely (63.0168ms)
✔ unconfirmed export cleanup remains a real drain failure and cannot confirm Lock (60.3863ms)
✔ new PIN waits for asynchronous protection and stores an explicit dedicated-provider envelope (244.2374ms)
✔ unknown legacy/new envelope versions refuse without invoking either decrypt backend or resetting bytes (335.1011ms)
✔ post-rename readback uncertainty retains an existing configured record and fails closed (228.3417ms)
✔ Lock revokes protection in progress before any PIN publication and drain waits for the operation (93.6827ms)
✔ Lock during asynchronous load refuses even a wrong-PIN counter write (151.512ms)
✔ legacy wrong-PIN counters stay legacy; only authenticated unlock migrates exact verifier to the new envelope (310.567ms)
✔ revocation at atomic pre-rename leaves no record; accepted rename retains exact record but never grants a revoked session (220.289ms)
✔ PIN unlock creates no implicit project, and failed explicit durable selection cannot publish selected state (365.2459ms)
✔ locked IPC refuses all project bytes and mutations, while PIN unlock cannot override native readonly creation safety (159.7429ms)
✔ native PIN lock drains private recovery writes and grants lock only after durable ACK (567.8826ms)
✔ native PIN lock drains private recovery writes and resumes after rejected persistence (327.1488ms)
✔ fresh local access configures a four-digit PIN only after encrypted native persistence, and restart locks (327.4271ms)
✔ setup accepts six digits, rejects all other forms and confirmation mismatch without creating a record (158.7402ms)
✔ same synthetic PIN has independent random salts and persisted verifiers in two installations (204.0383ms)
✔ five wrong PINs persist a 30-second cooldown across restart and successful unlock resets attempts (883.0716ms)
✔ invalid and oversized unlock input is generic, counted and never passed as an unbounded scrypt password (475.9562ms)
✔ change requires unlocked session and current PIN, then rotates salt and rejects the previous PIN after restart (860.9792ms)
✔ wrong change attempts obey persisted cooldown and revoke the existing session at five failures (765.764ms)
✔ verifyCurrent preserves an unlocked session after ordinary wrong PIN, resets attempts on correct PIN and never rotates its verifier (391.9694ms)
✔ verifyCurrent persists fifth-failure cooldown across restart and cannot report success after a lock or failed durable acknowledgement (1109.3383ms)
✔ unavailable protected storage is failclosed and never creates a plaintext or memory-only activation (6.7521ms)
✔ corrupt, empty, oversized and undecryptable records refuse setup/reset and preserve exact original bytes (213.7154ms)
✔ successful verification cannot grant unlock/change when external encryption fails before durable write (744.8856ms)
✔ owned hostile record target refuses setup without touching the planted directory; existing setup never resets (142.5466ms)
✔ concurrent wrong attempts are serialized across instances so cooldown cannot lose increments (921.6974ms)
✔ explicit lock cancels a queued setup/unlock without granting or rewriting the protected record (128.866ms)
✔ missing owned root and authenticated malformed payloads fail closed without implicit reset (385.5556ms)
✔ native qualification waits for registry admission after DOM/preload availability (2.7244ms)
✔ a native frame navigation gap does not certify a condition or extend its deadline; genuine later observation is required (4.9928ms)
✔ script exceptions, unknown native failures and CDP timeouts stay failures without retries (0.3121ms)
✔ only primary active diagram IDs enter the native roster, never cached or released diagrams (593.5737ms)
✔ native Diagram entry is finite, package admitted and rejects borrowed selectors/traversal (430.0808ms)
✔ Home catalog exposes selected diagram metadata only and admission opens a genuine independent shell (458.2727ms)
✔ readonly Diagram issues genuine exact byte seals and joins the all-view preparation barrier (503.8421ms)
✔ native Diagram editing requires genuine main admission and refuses readonly/Docs/Code/caller scope fields (471.502ms)
✔ two genuine Diagram windows preserve exact independent edits and foreign Docs/source/agent data; same-diagram stale versions stay refused (939.9557ms)
✔ genuine Diagram draining nonce permits its typed flush while paused and is retired on disposal (526.9933ms)
✔ atomic native source/style admission is still bound to one genuine working Diagram and exact saved version (703.4959ms)
✔ SVG export derives only selected saved Diagram, writes owned unique exports and reveals only its actual unchanged receipt (564.1237ms)
✔ SVG export rejects spoofed frames/roles, stale hash/version, paths/source, unknown methods and getters before rendering (475.7992ms)
✔ Lock aborts and joins pending SVG render, rejects late results and leaves saved project exact (459.9097ms)
✔ saved entity replacement during isolated render refuses publication and budget accepts no arbitrary oversized result (1012.785ms)
✔ Lock during final saved-entity recheck cleans the actual renamed export and temporary bytes before drain completes (511.0457ms)
✔ changed export bytes cannot be revealed and payload value objects never invoke user coercion (417.9447ms)
✔ native Diagram receives only its actual selected entity, exact declared colour/source and readonly version/hash (498.1004ms)
✔ native Diagram refuses Docs/Code, spoofed frames, identities, mutation methods and payload getters without executing user properties (414.7121ms)
✔ native Diagram suppresses actual disk-read results after owner pause or selected content replacement (435.2821ms)
✔ paused Diagram reread needs its genuine private draining ticket, cannot borrow another role/entity and cannot seal a read alone (637.0219ms)
✔ genuine clean preparation reads the selected entity after an earlier queued save, rather than comparing it to the stale pre-queue display (550.5967ms)
✔ native working Docs requires explicit main admission and scopes real atomic content saves to its selected document (879.1004ms)
✔ Docs bridge rejects role/frame/identity/getters and revoked admission without changing original storage (638.9667ms)
✔ working Docs finite flush requires its genuine private ticket and seals actual owner receipts (806.4346ms)
✔ another genuine working Docs window receives metadata only after real persistence, without origin echo or paused delivery (851.471ms)
✔ readonly saved Docs exports exact archive with finite receipt; references and claims remain exact, foreign project data excluded (1162.4059ms)
✔ Docs-only current frame, exact CAS/hash and finite request reject spoofed source/role/path/body/getters before formatting (999.8398ms)
✔ pending formatter is unique per own window; Lock abort/drain permanently fences output and leaves snapshot exact (777.7653ms)
✔ saved context change during formatting refuses output; no hidden flush/save or source retrieval (810.7469ms)
✔ Lock during final read after actual rename removes unretained export and stage before drain completes (871.2038ms)
✔ modified file cannot reveal, and malformed/oversized formatter bytes cannot publish (3992.4917ms)
✔ uncertain cleanup after real rename permanently fences exports and refuses quiescence (867.845ms)
✔ Lock during final cleanup refuses stale Docs success, preserving the already retained file without receipt (756.5658ms)
✔ production native Docs is mounted through the shared owner and receives only its selected document (755.4229ms)
✔ both production preloads expose one readonly Docs method without an entity or mutation selector (3.0434ms)
✔ native Docs receives only its exact selected document through a readonly context (777.1087ms)
✔ native Docs refuses source/primary spoofing, write methods, identity payloads and getters without opening another document (827.2843ms)
✔ native Docs refuses publication after owner pause or selected document change during actual disk read (625.231ms)
✔ Docs preparation read is bound to its own genuine private ticket, cannot borrow Code or seal a read as persistence (594.9609ms)
✔ native module readiness waits for actual enabled Home after a held metadata handoff, without clicking or extending the condition deadline (149.6903ms)
✔ native Home readiness refuses unknown roles before evaluating any injected expression and preserves genuine observation errors (0.3461ms)
✔ pointer stability observes a deferred menu position before accepting its rectangle (3.5369ms)
✔ stable rectangles wait for finite opening animations but not perpetual theme effects (3.4252ms)
✔ native pointer observations intersect the actual scroll clip of a virtualized editor (1.5338ms)
✔ readonly Presenter exports only its exact captured notes; newer saved data waits for Refresh, Audience stays public (256.6817ms)
✔ finite own main-frame authority rejects Audience/Docs/subframe/copied sender/extra path/text/version/getters (129.2156ms)
✔ bounded pending jobs permit normal navigation, but Lock, Refresh and session replacement revoke in-flight publication (757.0171ms)
✔ Lock detected after actual rename cleans unretained file before drain; uncertain cleanup fences service (268.7415ms)
✔ changed files cannot reveal and pause clears receipts without deleting retained user files (167.9066ms)
✔ global pending budget admits two own Presenters and refuses a third until actual jobs finish (236.6354ms)
✔ changed Refresh or session replacement after actual rename removes unpublished old notes (338.2301ms)
✔ Lock or Refresh during final cleanup refuses stale success/receipt, retaining the previously accepted file (347.1791ms)
✔ process reader resolves only a fixed development or packaged resource (1.0365ms)
✔ reader admission rejects changed binary or source recipe and invokes no shell (6.6763ms)
✔ missing or changed reader cannot invoke a process or fall back to PowerShell (0.4822ms)
✔ actual native primary routes each reserved chord once and prevents duplicate page/menu delivery (1.5228ms)
✔ actual primary input route dispatches unmodified F1 exactly once (1.111ms)
✔ keyup repeat composing and unrelated modifiers do not dispatch reserved native commands (0.6487ms)
✔ owner-recorded text refuses Python inspection before source I/O but permits exact saved text comparison with bounded labels (1081.9225ms)
✔ native analysis derives genuine selected Code ref, keeps project/source bytes intact and refuses other roles/frames/versions/raw fields (709.4803ms)
✔ native comparison derives both refs from genuine open Code frames, never renderer scope (617.4508ms)
✔ comparison rechecks the other real frame during source I/O and drains cancellation (722.2453ms)
✔ real pause/drain denies pending source publication and permits a fresh job only after resume (693.6917ms)
✔ selected map uses the same genuine immutable Code frame authority and refuses Docs or missing ranges (1011.2426ms)
✔ two genuine captures from one native frame can cancel its pending load; another Code window cannot (711.2296ms)
✔ production metadata adapter permits actual saved working Python v2 analysis while Docs and manifest remain v1 (1377.3847ms)
✔ actual native main mounts bounded readonly source leases, keeps selected versions and tracks outstanding reads (900.366ms)
✔ actual native view retirement disposes read sessions before revoking native windows (534.6515ms)
✔ both actual preloads expose finite readonly context/read session methods with no write channel (4.5093ms)
✔ working read context offers only an independently verified exact saved operation and rechecks Lock after proof (1437.7422ms)
✔ selected owner language is finite metadata and cannot alter immutable source admission (651.285ms)
✔ native Code reference is selected-version metadata only; historical admission and private capture checks remain exact (613.2196ms)
✔ native read session loads exact immutable bytes and closes without any source commit or metadata change (645.9946ms)
✔ another registered Code window, Docs and a copied sender cannot consume a native read lease (701.7473ms)
✔ native readonly readers refuse writes, unselected versions, changed references and getter payloads before repository creation (887.8278ms)
✔ owner pause during a pending native chunk suppresses bytes and disposal makes every old read ID unusable (1017.8844ms)
✔ toast admission and CSS isolation are observed in one native evaluation and owned fixture changes restored (1.3672ms)
✔ atomic observation preserves genuine leakage/precondition failures rather than reporting success (3.4269ms)
✔ native safety refuses original writes: {"packaged":true,"mode":"readonly"} (231.294ms)
✔ native safety refuses original writes: {"packaged":false,"mode":"normal","failReady":true} (440.3922ms)
✔ native safety refuses original writes: {"packaged":true,"mode":"normal","failReady":true} (283.7491ms)
✔ successful login preserves edits queued during the browser round trip before clearing grants or reloading (732.8158ms)
✔ failed account-transition flush retains original authority and does not reload (1.7614ms)
✔ native identity is compiled before both original development groups and native unit tests (6.1151ms)
✔ shared UI package checks fail independently and retain original evidence in every named upload (4.0028ms)
✔ all original native checks are assigned once to finite independent CI groups with an all-group qualification gate (10.4762ms)
✔ Diagram docking must execute in package qualification and retain originals in every named upload (2.6117ms)
✔ a native failure or spawn refusal cannot become group success, and later checks still execute exactly once (0.6398ms)
✔ source identity uses only exact admitted metadata and safe Unicode file names (1.4543ms)
✔ source names cannot be borrowed from other refs, documents, draft or release provenance (0.2526ms)
✔ unsafe, overlong and accessor names are not exposed; metadata scan is bounded (7.6514ms)
✔ optional native source label has exact owner checks and no repository/body access (850.6828ms)
✔ label adapter cannot publish after owner pause or change the exact reference (669.4364ms)
✔ native title identifies source, exact version, mode and local draft without markup (2.4051ms)
✔ bounded Unicode titles never retain a broken surrogate or metadata after reset (1.4152ms)
✔ Code register returns exact-version document/agent metadata and filters without private source bodies (824.0884ms)
✔ native App catalog lists readonly Docs and exact selected Code versions without content or future drafts (735.4385ms)
✔ explicit Docs register details and bounded filters expose facts without private bodies or agent instructions (545.9766ms)
✔ native Home catalog retains imported uppercase and underscore Docs/Diagram identities as literal metadata (651.5679ms)
✔ catalog is bounded and paginated while preserving exact metadata and Unicode labels (677.5207ms)
✔ copied native sender, URL-only Home change, lock, project mismatch, identity payload and getters cannot obtain catalog metadata (930.1784ms)
✔ a genuinely admitted Home primary receives bounded metadata without source or document content (818.9191ms)
✔ Lock during actual native snapshot selection suppresses the pending catalog instead of publishing labels (821.3736ms)
✔ role-filtered pages bound the chosen library without first mounting unrelated Docs rows (607.2249ms)
✔ Present library discovers only verified diagram IDs and labels, never authored notes or source (572.0087ms)
✔ explicit all-module search retains separate Diagram and Present destinations without private content (705.6301ms)
✔ Code library uses selected file names and marks unlinked code without exposing source bytes or provenance paths (638.7262ms)
✔ name search finds literal Unicode labels past the first page without searching private bodies or escaping the catalog bound (636.0424ms)
✔ search rejects malformed input before reading a snapshot and retains genuine Lock and sender checks (734.6769ms)
✔ actual main retirement awaits native async destruction before confirming a transition (10.144ms)
✔ actual main binds exact native owner, scoped shell entries and locked null bootstrap (2.601ms)
✔ actual main exposes bounded selected Docs/Code metadata to the genuine App owner, never its satellite (3.9136ms)
✔ actual Quit refuses a competing native selection before touching its preparation or journal (1.3548ms)
✔ main failed factory destruction fences every later open and data bootstrap until native handles are destroyed (1.6553ms)
✔ actual main revokes a hidden in-flight native factory before a transition can admit or show it (1.5335ms)
✔ actual ready/send/show failures dispose the admitted shell or fence retained native handles (7.2628ms)
✔ actual locked clean-close journal failure retains the owner after shell retirement, then admits a fresh unlocked grant (4.6879ms)
✔ historical native commit replay keeps both working grants current and cannot replace latest durability (1539.2144ms)
✔ working-source admission reads the actual latest draft while immutable selected refs and Docs remain exact (878.6303ms)
✔ genuine owner publishes only metadata changes to other working views, never echoes the origin or a readonly view (1205.3903ms)
✔ working source references advance from actual owner receipts shared across genuine views, never from renderer metadata (966.0186ms)
✔ historical Code, Docs, readonly policy and Lock cannot obtain a native working-source admission (905.7287ms)
✔ working-source pause, disposal and removed selected membership revoke cached draft references (706.5537ms)
✔ real saved working v2 keeps exact-base Python metadata without selecting v2 in Docs or trusting a projected grant (1066.321ms)
✔ navigation preserves exact immutable reference and copies all nested data (1.7616ms)
✔ navigation refuses accessor and inherited or unknown fields without evaluating getters (0.4244ms)
✔ navigation rejects invalid IDs references and numeric offsets (0.3674ms)
✔ navigation accepts sixteen validated layouts and rejects seventeen or bad geometry (0.4657ms)
✔ record validation bounds labels timestamps unique projects and native scope (1.1433ms)
✔ native resolver recognizes each active module entity without treating release or cache IDs as authority (480.6088ms)
✔ Continue resolves the exact old source version after newer private edits without changing any selected bytes (580.9455ms)
✔ missing version forged hash mismatched ID and offsets beyond actual UTF16 units refuse without substitution (332.7072ms)
✔ Lock during exact source verification suppresses the resolved route (530.1466ms)
✔ restored layouts use current workAreas and require each referenced entity to belong to its role (404.5237ms)
✔ navigation_metadata_preserves_content source bytes revisions and checkpoints (326.2698ms)
✔ 64 locations accepted 65th refused existing updates preserve every other location (1966.8471ms)
✔ complete-file byte budget accepts 64 KiB and ignores but preserves +1 (35.2928ms)
✔ oversized serialized record refuses before write and preserves prior exact bytes (293.1899ms)
✔ invalid input and readonly access preserve the existing navigation file (46.2219ms)
✔ corrupt metadata is ignored with diagnostic without replacing it or project mode (23.3354ms)
✔ concurrent native metadata intents serialize without losing another project (601.7811ms)
✔ torn write refuses with prior bytes and post-rename failure never claims verified acknowledgement (213.1445ms)
✔ permission revoked at final selection fence refuses before atomic replacement (69.9338ms)
✔ failed actual readback and invalid UTF8 cannot produce a successful receipt (101.3584ms)
✔ caller mutation while permission awaits cannot alter copied metadata (53.1247ms)
✔ controlled real HTTP issuer enforces PKCE S256 and one-use callback/code; tokens stay in main-side result (161.5048ms)
✔ state/nonce/audience/signature mismatch and denied consent cannot become a logged-in result (601.6881ms)
✔ production login refuses insecure issuer configuration and does not open a browser (0.7426ms)
✔ the actual 180-second callback deadline closes the owned listener without granting login (180111.4477ms)
✔ staged application includes the actual cold Home entry and every finite generated destination (113.9067ms)
✔ package source allowlist refuses credentials, tests, development issuer, original source baseline and source maps (0.6285ms)
✔ every relative native module reachable from the actual startup entry is admitted by the package allowlist (47.1808ms)
✔ supplemental notices resolve only their exact runtime reference and verified bytes (137.0553ms)
✔ runtime inventory requires known production dependency licenses and all Chromium component notices (21.3166ms)
✔ inventory preserves unresolved upstream license references without claiming distribution admission (24.4213ms)
✔ actual first-session PIN crash regression gates development and copied-package qualification (1.3337ms)
✔ every original PIN crash receipt is retained without including protected profile data (5.1669ms)
✔ locked native session refuses project writes and reads even when the renderer knows an owned ID (162.883ms)
✔ PIN requests validate exact numeric fields before reaching native access service (0.4533ms)
✔ unlocked native session still applies owned project writer checks (327.8687ms)
✔ private pipe writes must complete the full frame even when native writes are partial (1.9768ms)
✔ private protocol validates exact operation/nonce/fields, UTF8 framing, limits and canonical ciphertext (1.06ms)
✔ protection requires encrypt close then a different decrypt close with exact payload before returning (42.8095ms)
✔ output arriving before actual process close cannot authorize persistence (8.0688ms)
✔ refuses timeout without returning protected bytes (104.0805ms)
✔ refuses exit without returning protected bytes (49.7403ms)
✔ refuses mismatch without returning protected bytes (9.6349ms)
✔ refuses oversized without returning protected bytes (36.138ms)
✔ a key profile lost after successful independent decrypt is never silently regenerated (13.713ms)
✔ actual package entry admits both fixed startup branches and the private protocol without a renderer bridge (6.2133ms)
✔ actual worker refuses missing required key before native readiness; only first new encryption may create a key (7.605ms)
✔ actual worker rejects unknown and duplicate worker flags, and occupied profiles before readiness (2.2704ms)
✔ required-key test has a negative control against the former parent-only guard (1.2636ms)
✔ finite deck operations preserve opaque cards/settings/notes while ordering, duplicating and editing supported content (2.8683ms)
✔ malformed deck operations, target ambiguity, opaque body edits and budget overflow refuse without sanitizing imported data (2.8069ms)
✔ public render context carries only a finite saved layout preference and never opaque layout payloads (1368.5899ms)
✔ native deck reads the exact selected diagram and genuine notes while excluding other project/private node metadata (104.8632ms)
✔ Audience/Docs/copied and revoked frames cannot load a deck or inherit source authority (110.134ms)
✔ exact readback refusal detects corrupted snapshots and a selection change during load (268.5175ms)
✔ empty authored sequence produces a deterministic overview without changing the stored diagram (403.233ms)
✔ unsupported/malformed or duplicate authored slides and oversized notes are refused without replacement (1118.5837ms)
✔ native deck projects the actual title visibility/font/style flags without copying private metadata (230.9984ms)
✔ saved Title/Text cards expose only finite public fields and prefer authored HTML over stale body (504.9738ms)
✔ unsupported card kinds retain their public label without projecting private live-content or asset authority (283.3327ms)
✔ malformed public text-card fields are refused without changing actual saved content (1255.5137ms)
✔ saved tables project exact public cells without private asset, notes or future fields (175.6984ms)
✔ table public projection retains reveal refusal rather than silently exposing an authored reveal table (284.608ms)
✔ authored node uses exact Mermaid12 render-prefixed identity and transformed geometry (1.3526ms)
✔ exact imported data-id and legacy Mermaid identity remain supported (0.5351ms)
✔ vector semantic identity focuses only the exact renderer-derived block (0.5095ms)
✔ missing, ambiguous and lookalike node identities cannot focus an unrelated block (0.2179ms)
✔ Audience has only public-frame/ACK and own fullscreen methods; Presenter notes never cross roles (5.4088ms)
✔ unregistered, subframe, same-URL replaced and other module callers cannot invoke presentation (0.446ms)
✔ display projection removes adapter private fields and fullscreen accepts no caller-supplied identity (1.1423ms)
✔ opening Audience binds native grants and refuses role/project/deck fields from the renderer (0.6144ms)
✔ revocation while an Audience factory is pending destroys its owned view instead of returning success (0.5507ms)
✔ captured notes preserve exact Unicode/newlines/blank notes, ordered slide identities and deck version (3.1837ms)
✔ all 600 slides retained; encoded output is bounded before final allocation and never truncated (23.0131ms)
✔ invalid captured projections refuse getters, duplicates, extras, malformed Unicode and unbounded slides (0.8208ms)
✔ public utility denies permissions, navigation, new windows and network and confirms both native objects destroyed (19.4156ms)
✔ wrong entry bytes, excessive input and revoked scope create no renderer (21.7476ms)
✔ entry bytes replaced during loading and substituted main frame cannot publish (15.7562ms)
✔ cancellation while a renderer is pending destroys it and refuses its late result (12.676ms)
✔ deadline expiry and private extra fields cannot become public rendering receipts (45.7324ms)
✔ a successful render waits for separate webContents destruction before returning (36.0345ms)
✔ table finite edits preserve imported fields/private notes and duplicate full public cells (4.04ms)
✔ table edits reject sparse/ragged/getter/oversized cells and non-table targets without evaluating getters (2.335ms)
✔ native pause drains an actual outstanding render before admitting a transition and clears the Presenter preview (8.4482ms)
✔ Presenter preview receives only its successfully rendered public slide, never private notes or source (1.1565ms)
✔ genuine Presenter/Audience roles project only visible content, retaining notes solely for Presenter (1.4538ms)
✔ foreign/copy/retired caller, stale sequence/version and unexpected authority fields never publish (0.8994ms)
✔ a slow audience has one in-flight and one coalesced latest frame, independently of another audience (1.2203ms)
✔ out-of-order rendering and pause/disposal never republish an older slide or cached audience data (1.2925ms)
✔ explicit deck refresh preserves the current slide identity and rejects an old audience acknowledgement (2.6984ms)
✔ public payload validation refuses private fields, executable/remote media and oversized content without replacing the current frame (0.812ms)
✔ native deck corruption or changed caller during load retains the original admitted deck (0.8109ms)
✔ render jobs have a finite native budget and cancellation signal; a refused burst does not consume its position (0.754ms)
✔ canonical bounded PNG content is delivered as public media while oversized geometry and malformed encoding are refused (0.6694ms)
✔ Presenter theme changes coalesce while busy, use latest slide and leave deck immutable (9.7715ms)
✔ failed appearance render is not retried and Lock retires queued appearance work (2.0766ms)
✔ pagehide retires theme refresh without another native navigation (2.1924ms)
✔ real Presenter UI retains visible notes/slide and releases controls on thrown refresh or Audience transport (3.6483ms)
✔ actual Presenter window mounts captured export and prepares by hiding private notes then joining pending action (1.877ms)
✔ Presenter playback keys preserve native button/select defaults and text editing, while canvas shortcuts still navigate (1.3149ms)
✔ Lock during actual refresh follow-up read cannot repopulate private notes or render a late slide (1.1189ms)
✔ Presenter native and genuine copied-package regression run and retain bounded original receipts on failure (2.4311ms)
✔ Presenter CI refuses missing copied execution/retention and profiles or exported data capture (3.2497ms)
✔ actual Presenter export main handler tracks promise and refuses every transition fence (2.291ms)
✔ actual native barrier pauses/drains Presenter exports and refuses proof on uncertain cleanup (2.4278ms)
✔ actual native retirement refuses uncertain Presenter export cleanup before session/view destruction (1.511ms)
✔ finite application inventory admits real Presenter export modules, refusing similarly named test/draft files (1.3164ms)
✔ actual Presenter preload alone exposes finite notes export/reveal; Audience receives no private delivery bridge (13.5842ms)
✔ Presenter action submits only captured version and shows file only for exact finite acknowledged receipt (5.9617ms)
✔ unique pending action joins Lock and rejects late completion; resume cannot restore private delivery receipt (1.3635ms)
✔ Refresh/current version changes and malformed responses cannot expose stale file or imply successful export (3.4572ms)
✔ unready/disposed actions refuse transport and release controls after thrown export/reveal (1.7341ms)
✔ readonly navigation attests the exact selected envelope without creating a recovery point or content revision (760.0328ms)
✔ a selected navigation seal cannot verify a changed envelope or a locked scope (668.4905ms)
✔ an unchanged acknowledged primary save reuses its independently verified recovery point (1571.8649ms)
✔ primary persistence has a native adapter (1.4938ms)
✔ revocation at the actual legacy selection boundary retains the previous revision and pending work (243.987ms)
✔ primary save verifies the selected bytes and recovery point; private draft never changes the selected project (629.6202ms)
✔ checkpoint failure reports the real selected commit and keeps pending attempted bytes (291.8549ms)
✔ foreign project, getters and stale CAS cannot mutate or publish primary work (564.245ms)
✔ revocation during checkpoint cannot acknowledge or publish to a later selected project (637.0249ms)
✔ legacy primary saves cannot downgrade a selected source manifest or strip source refs (548.5302ms)
✔ one owner orders primary and domain persistence; copied intent and revoked captures cannot cross scope (3.462ms)
✔ primary capacity remains 64 MiB independently of the 16 MiB source queue; aggregate admission is bounded (271.3559ms)
✔ receipt accessors and extra fields cannot fabricate primary persistence acknowledgements (0.4745ms)
✔ native primary seals re-read real saved and private checkpoints; old or degraded receipts cannot prove latest work (1410.8088ms)
✔ paused primary flush accepts only its original native frame and seals both saved work and private recovery (697.6446ms)
✔ primary capture survives a genuine entity removal while old source authority is revoked (2.1221ms)
✔ a native readonly seal verifies schema-2 source recovery without rewriting or downgrading the project (670.7638ms)
✔ readonly preparation reuses an exact verified saved checkpoint without duplicating recovery histories (198.25ms)
✔ genuine primary roster preparation requires a native persisted seal before transition authority (463.8496ms)
✔ checkpoint proof reads only its owned project and exact point instead of scanning every project (227.4104ms)
✔ native process reply preserves exact Unicode executable and creation time for the requested PID (3.23ms)
✔ only explicit missing and exact unknown replies remain missing or unknown (0.7829ms)
✔ malformed empty oversized and mismatched process replies cannot grant ownership (1.903ms)
✔ identity reply refusal exposes only a finite reason without response text (0.348ms)
✔ drive-relative and current-drive-rooted paths cannot identify an executable (0.3941ms)
✔ actual inspector distinguishes query and decode refusals, reports byte counts and never retries (8.9818ms)
✔ native stderr cannot turn a refused query into missing process or grant live ownership (2.7568ms)
✔ first Windows build refuses a junction output without writing into its target (13.954ms)
✔ build cache admits only exact source/compiler/binary receipt without mutating its bytes (0.8897ms)
✔ actual Windows builder compiles a missing pair once, reuses exact bytes and refuses partial or corrupted caches (416.845ms)
✔ source recipe, compiler change or binary replacement refuses cached native helper (0.8452ms)
✔ a repeated exact acknowledged workspace save retains the complete selected revision and pointer bytes (546.7754ms)
✔ same text with stale CAS refuses and private recovery does not suppress a real workspace commit (631.2287ms)
✔ a no-op save still refuses a failed recovery checkpoint and does not advance the original revision (228.9205ms)
✔ choosing another damaged owned project grants its recovery and keeps the original intact (742.2736ms)
✔ exact UTF-8 workspace import survives save and fresh store readback without rewriting identities (334.3187ms)
✔ two writers at the same revision cannot both commit and stale data is retained for explicit recovery (295.6759ms)
✔ failed flush or rename cannot claim save and keeps the exact previous revision (345.0262ms)
✔ path ids and junction replacement are rejected without reading unrelated bytes (155.9894ms)
✔ corrupt selected revision refuses normal load and keeps damaged bytes unchanged (140.395ms)
✔ only a specifically acknowledged pending copy is pruned; unacknowledged attempted work stays recoverable (361.3196ms)
✔ a crashed writer is reclaimed only after exact native identity proves it is no longer running (407.0505ms)
✔ asynchronous native permission denial is awaited before creating or committing a project (121.9084ms)
✔ legacy portable import preserves reusable libraries and picture bytes in the desktop storage bag (2.2534ms)
✔ public section honors forced KPMG in dark OS and Matrix in light OS (2.9557ms)
✔ invalid capsule fails before any canvas publication (0.8771ms)
✔ patched grammar build helper exists independently of renderer integration (0.9456ms)
✔ extracts exactly the admitted factory bytes and emits a deterministic module using shared installed Lezer (125.3643ms)
✔ malformed and changed baseline bytes are refused before any output or arbitrary evaluation (38.6294ms)
✔ baseline size is bounded before extraction and existing hard-linked input is never overwritten (81.3291ms)
✔ patched empty class patterns remain fixed against actual unpatched upstream control (74.0475ms)
✔ patched parenthesized with items remain fixed against upstream control (68.889ms)
✔ formfeed indentation remains fixed against upstream control (53.002ms)
✔ decorated async functions and multiline literals parse without executing Python (54.4144ms)
✔ local grammar highlighting uses the same installed highlight properties (50.6906ms)
✔ native Presenter and zero-entity Audience need exact readonly deck proofs during all-view preparation (888.2529ms)
✔ changed private notes invalidate a genuine presentation seal without giving Audience content authority (798.8756ms)
✔ zero-entity Audience cannot prepare without genuine native readonly classification (866.0131ms)
✔ readonly Code seals the exact selected historical source without committing a newer private draft (1113.37ms)
✔ readonly Docs seals only its exact selected document with native provenance and no content projection (702.2957ms)
✔ copied native captures, writable classification and changed Lock scope cannot issue readonly seals (690.0605ms)
✔ changed selected document or removed source reference invalidates a genuine readonly receipt (1543.3871ms)
✔ readonly seal keeps actual source corruption as a refusal without manufacturing durability (699.802ms)
✔ a native readonly Code/Docs roster prepares without committing the unselected draft or pretending to save (1054.4072ms)
✔ an empty acknowledgement still cannot prepare a writable Code/Docs roster (595.3009ms)
✔ readonly classification refuses source writes even with a genuine draining nonce (513.772ms)
✔ an unversioned Code admission cannot seal whichever source version later happens to be selected (547.499ms)
✔ unacknowledged conflicting work is offered and restores a new exact copy without altering either original (771.8696ms)
✔ damaged selection and revision have opaque export handles; unknown paths and changed bytes are refused (267.3473ms)
✔ revision pruning requires verified current checkpoint and retains ten committed copies plus damaged and future originals (2789.8274ms)
✔ exact durability verifies the saved candidate and its source bytes, without rebuilding unrelated recovery histories (1253.4161ms)
✔ missing, emergency-only, damaged and replaced checkpoint records never establish saved durability or trust catalog labels (1036.303ms)
✔ diagnostic control: actual recovered-copy services and production flush acknowledge an initialization save (278.6895ms)
✔ verified partial workspace commit stays failed but next production save uses its exact revision (396.9716ms)
✔ recovery writer contention remains an explicit refusal while a later exact-CAS save succeeds (284.9848ms)
✔ recovery selection drains an old operation before changing the selected bootstrap (226.5838ms)
✔ old operation cannot publish into a later selection generation, even when the selected project ID matches (163.9303ms)
✔ failed renderer flush leaves the current recovery selection usable and a later transition can retry (189.8351ms)
✔ checkpoint retention keeps 10 verified saved points, newest private draft and unacknowledged emergency (2183.4413ms)
✔ corrupt newest checkpoint and catalog offer an older verified copy while preserving damaged originals (418.7255ms)
✔ missing checkpoint bytes cannot be called recovered, even with a planted positive catalog entry (231.8267ms)
✔ owned process killed at write phases restarts with an exact old or new selected revision (2034.7982ms)
✔ three verified-dead unclean sessions within five minutes offer Recovery Mode; PID reuse is not a live session (94.8277ms)
✔ unknown process inspection and malformed session events fail closed instead of treating them as confirmed dead (132.4918ms)
✔ all native graph palettes match frozen original literals and named modes (929.3439ms)
✔ forced named modes ignore OS mode while System resolves once (1.144ms)
✔ render capsule refuses unknown names, inconsistent modes and arbitrary CSS/fields (0.5987ms)
✔ repeated unchanged renderer saves preserve the actual last-good backup and native project revision (446.8005ms)
✔ a real new state rotates last-good once and further unchanged saves preserve that prior state (525.1158ms)
✔ read-only legacy cache cleanup cannot mutate its mirror, issue schema-1 writes or poison a later Lock drain (7.5085ms)
✔ native adapter retains typed refusal and bounded commit receipt fields without reporting success (2.942ms)
✔ native refusal diagnostics keep CAS and reject malformed receipt metadata (3.1997ms)
✔ adapter reconciles only a degraded exact workspace bag with the immediate next committed revision (14.0024ms)
✔ private Code recovery waits for a native receipt and never labels rejected writes stored (20000.9768ms)
✔ account-transition storage lock retains the acknowledged mirror and a failed flush is not hidden (1.7949ms)
✔ built renderer freezes final account commit, drains writes, and safely resumes after a failed flush (10859.2512ms)
✔ accepted 64 MiB escaped work survives create, save, pending read and recovery in a fresh store (16447.824ms)
✔ oversized serialized revision is refused before changing the current pointer or writing a revision (807.4952ms)
✔ oversized serialized recovery point is refused before retaining an unreadable checkpoint (804.187ms)
✔ overlapping journal events read and publish in request order without losing a close record (130.9516ms)
✔ a real journal refusal does not poison later explicitly requested recovery writes (71.0114ms)
✔ duplicate native ready notifications share one pending journal publication: success (2.1917ms)
✔ duplicate native ready notifications share one pending journal publication: failure stays fenced (1.3894ms)
✔ private navigation is never shown before native admission or on its refusal (7.7308ms)
✔ a genuine Studio theme choice before the shared bar mounts still persists and wins startup (2.5907ms)
✔ wrong baseline refuses before creating any renderer output (63.8863ms)
✔ CSP hashes the script after HTML tokenization, including NULL and CRLF normalization (12807.3782ms)
✔ local protocol serves app bytes but refuses hostile raw paths (6.2029ms)
✔ local protocol rejects renderer symlink escapes (5.6346ms)
✔ IPC rejects remote/subframe senders and malformed save requests before dispatch (1.6167ms)
✔ an unusable portable data root requires explicit choice; cancel never redirects silently (13.8611ms)
✔ text has an explicit Python limitation while visible Compare routes to saved diff (7.9613ms)
✔ actual structure controller pages 64 literal labels and navigates exact offsets only for current immutable ref (18.9045ms)
✔ comparison uses a real window choice, paints literal A/B snapshots and explicit approximation, and navigates only current A (6.4019ms)
✔ late cancelled/Lock/stale replies never repopulate the real panel (7.7311ms)
✔ dirty/pending edits refuse analysis; selected range request contains immutable metadata and offsets, never text/path (2.1136ms)
✔ Cancel keeps its click target after completion and becomes Clear, so a finishing job cannot redirect the click (2.0652ms)
✔ starting a fresh job enables the genuine Cancel control even after changing analysis scope (1.7322ms)
✔ selected map sends only genuine range metadata, draws literal bounded nesting and supports collapse/navigation (2.078ms)
✔ a type annotation has a specific explanation without pretending to assign or observe a value (1.8736ms)
✔ actual patched worker indexes decorated classes/async functions/match/multiline and Unicode ranges without executing source (176.2359ms)
✔ malformed Python reports partial syntax coverage; arbitrary source stays literal (52.3974ms)
✔ finite UTF16 prefix/range and definition limits label partial coverage, never full support for truncated source (106.9485ms)
✔ invalid payload/getters/surrogate ranges/duplicate jobs are refused before additional I/O (110.6916ms)
✔ cancel during genuine load retains job until I/O drains and rejects its late result (10.9997ms)
✔ finite job evidence records pre-worker cancellation only after genuine held source I/O drains (12.414ms)
✔ stale results and corruption after a successful immutable read are refused, never cached (41.5845ms)
✔ hard deadline kills actual worker and cancellation/drain leaves no owned threads (11.2844ms)
✔ worker artifact bytes are bound to build receipt and tampered identity never starts a worker (3.4072ms)
✔ BOM/CRLF immutable offsets and long-token/node budgets remain exact and explicit (129.1114ms)
✔ actual worker crash is joined and deadline-expired worker can be replaced by a fresh successful job (83.3557ms)
✔ oversized worker artifact is refused by bounded owned-file read before worker creation (9.6533ms)
✔ source bundle admission uses its dedicated metadata method and disposes the validator (2.4948ms)
✔ stale source bundle metadata admission creates no validator resource (0.8212ms)
✔ invalid metadata encoding, shape and native file name are refused before resource creation (1.5488ms)
✔ Lock while bundle metadata is pending refuses its reply and destroys the validator (0.4535ms)
✔ unavailable dedicated method, malformed reply and failed disposal cannot admit a copy (0.6246ms)
✔ real exported source versions copy to independent version-one identities with exact bytes provenance and global recovery intact (2470.7683ms)
✔ source mutation or dangling admitted pointer is refused before allocation (2590.5746ms)
✔ initial revoked authority or missing recovery creates no copy (803.5152ms)
✔ revocation after source allocation leaves an explicit unselected incomplete copy and preserves original (1232.3296ms)
✔ failure during initial selector allocation reports only the actual fresh copy identity (901.1691ms)
✔ checkpoint failure cannot produce completed import and cannot damage existing global recovery points (1232.7464ms)
✔ an already verified checkpoint is acknowledged despite a later checkpoint hook error (1274.6274ms)
✔ unsupported raw source bytes are preserved in a new imported copy (740.6754ms)
✔ validator-admitted metadata changes are retained while source pointer identities are remapped (1203.9141ms)
✔ substituting another valid bundled pointer at the same metadata path is refused before allocation (435.9897ms)
✔ completed import status remains valid after a genuine later manifest save (1087.6491ms)
✔ absent status is normal while corrupted unknown oversized or mismatched status fails closed (412.5749ms)
✔ final completion publication failure is unconfirmed while actual owned marker still verifies incomplete (856.2427ms)
✔ post-rename completion hook failure retains a complete verified copy without claiming incomplete or successful selection (866.0313ms)
✔ authority revoked after final marker publication retains complete copy unselected with unconfirmed result (861.2962ms)
✔ equal bytes with distinct original source identities and provenance remain distinct in the copy (1071.257ms)
✔ actual source export uses metadata-only admission and retains exact native source bytes (565.763ms)
✔ a declared corrupt bundle refuses before isolated resources and cannot fall through to legacy (578.6193ms)
✔ metadata admission cannot substitute a source pointer or become current again after revocation (496.0384ms)
✔ the existing legacy project path still uses its frozen validation method (0.6454ms)
✔ a real RecoveryStore source export is admitted with exact bytes metadata and unknown provenance (855.019ms)
✔ only valid legacy JSON falls back; declared invalid bundles never fall back (0.6427ms)
✔ wire source aggregate reference and metadata budgets are checked using lower injected caps (699.9072ms)
✔ snapshot hash source hash full provenance and actual metrics must agree (780.8609ms)
✔ base64 is canonical rather than accepting whitespace junk excess padding or omitted padding (599.0046ms)
✔ operational unknown fields duplicates missing and extra records are refused without discarding opaque metadata (630.7909ms)
✔ traversal identities and unknown metadata source pointers cannot be admitted (634.3371ms)
✔ unsupported source encoding remains exact raw bytes and reference metrics (558.9109ms)
✔ parser owns input source bytes independently of the chosen wire buffer (604.1609ms)
✔ canonical base64 validation admits a bounded multi-megabyte real export without regex stack overflow (820.2656ms)
✔ actual 300k-line Unicode Python export parses without regex stack overflow and retains exact bytes (1724.0219ms)
✔ flat base64 validation keeps empty and all padding shapes canonical and refuses malformed padding or unused bits (2116.7289ms)
✔ dedicated gate preserves sparse native metadata and unknown opaque data (7.0293ms)
✔ only validation projection receives placeholders; pointers and opaque row fields survive (2.2816ms)
✔ explicit known loss and array dropping are rejected; original input stays unchanged (2.3377ms)
✔ absent defaults are allowed without replacing original document or review (0.96ms)
✔ frozen workspace context is candidate-bound and restored after rejection (1.8616ms)
✔ inline source collision, malformed pointer and invalid draft cannot cross the gate (3.3103ms)
✔ historical linked release/revision sources and private draft pointers are preserved (2.5039ms)
✔ prototype-named opaque keys remain data without changing object prototypes (1.0936ms)
✔ concurrent invocation is refused while frozen validation awaits, and can retry after completion (1.7035ms)
✔ source-aware zero-diagram path keeps Code and Docs gates without inventing a diagram (2.2449ms)
✔ selection refuses revocation immediately before pointer publication and retains original bytes (128.3979ms)
✔ already renamed selection finishes readback and state handoff while tracked in the Lock drain (52.681ms)
✔ post-rename failure reports uncertain selection in readonly recovery instead of claiming rollback (63.6743ms)
✔ explicit readonly client loads exact large Unicode/CRLF CM text through real reader leases without mutation adapters (564.7406ms)
✔ readonly selection is explicit boolean and default writable clients still require mutation adapters (0.7376ms)
✔ client loads verified CM Text with exact identity and no retained text in its state (460.1927ms)
✔ disposal cancels a pending document load without publishing retained text (554.5706ms)
✔ reset cancels an old load; its result cannot publish after identity generation changes (329.6292ms)
✔ a durable edit cancels an in-flight initial load and preserves the exact newer source (475.4905ms)
✔ external cancellation before the final client continuation cannot publish a verified document (411.8957ms)
✔ source client exists before any integration (1.0079ms)
✔ only an exact successful commit can replay its native operation; edit reuse and changed identities stay fenced (1.9126ms)
✔ view pause rejects new edits without fencing admitted local edits; drain waits for every native receipt (1.1659ms)
✔ failed or disposed paused queues cannot report a successful drain or reset themselves clean (0.3596ms)
✔ pause invalidates pending reads while an unpaused drain refuses a false barrier (0.4067ms)
✔ resume and a new pause retire an older drain even when both have the same source identity (0.2747ms)
✔ real paused local queue drains edits and an already admitted commit with exact fresh disk bytes (916.9498ms)
✔ copies immutable identity and refuses malformed references or bridge (1.2875ms)
✔ bounded Unicode reads use bound identity and never accept mismatched receipt coordinates (0.8007ms)
✔ metrics validate full identity and numeric/encoding shape without provenance publication (0.7968ms)
✔ serializes queued edits and commit; advances only after exact durable acknowledgements (0.5924ms)
✔ failed edit fences queued edits and commit until explicit same-source reset (0.4134ms)
✔ malformed mutation identity, operation, version, hash or durability never advances (0.4574ms)
✔ commit must preserve exact current hash/version and reports degraded recovery explicitly (0.2565ms)
✔ stale and duplicate operation requests cannot rebase or double-apply (0.1864ms)
✔ mutation request validation prevents unpaired or oversized input and accessor evaluation (0.4074ms)
✔ accepts the IPC 8MiB insertion byte boundary and refuses multibyte overflow (32.7485ms)
✔ stalled authority cannot retain an unbounded mutation queue (0.9663ms)
✔ pending inserted bytes are bounded separately from operation count (70.1361ms)
✔ late range and metric replies after disposal/reset contain no source data (0.5525ms)
✔ read started before an edit cannot publish stale text after durable version changes (0.3907ms)
✔ dispose discards in-flight reads/mutations and notifications; queued mutations never call bridge (0.3722ms)
✔ reset invalidates late completions without altering another source or queued work (0.3031ms)
✔ subscriber teardown and throwing observers cannot change receipt acceptance (2.3608ms)
✔ bounded recent operation cache does not stop normal editing after 4096 acknowledgements (66.8547ms)
✔ subscriber reset invalidates older notification delivery to remaining observers (0.257ms)
✔ transport failures and malformed failures fence without publishing bridge secrets (0.2447ms)
✔ real repository byte receipts survive Unicode edit, no-op and commit without source copying (1019.8753ms)
✔ draft with a materialized blob is not a native commit; proof never writes or updates Docs (401.9909ms)
✔ fresh native proof resolves exact selected historical commits without substituting latest source (1082.7182ms)
✔ recovery-degraded remains degraded in a fresh proof rather than accepting claimed durable status (524.2623ms)
✔ corrupted committed blob or commit journal cannot yield a proof (809.5574ms)
✔ proof copies its request before awaits and rechecks native access before publication (427.2353ms)
✔ source context distinguishes exact, earlier and same-name/hash foreign associations without private bodies (1.6278ms)
✔ metadata requires admitted references and safe own names; unknown language never becomes Python from source contents (0.2481ms)
✔ relationship previews and scans are finite and disclose incompleteness instead of claiming unlinked (40.9309ms)
✔ exact Docs Python claims work without standalone files; conflicting claims stay unknown (0.3644ms)
✔ exact file language outranks a stale fileId name and duplicate Doc rows still contribute conflicts (11.6413ms)
✔ relationship filters inspect admitted associations beyond the eight preview captions (0.5865ms)
✔ native Docs txt classification and unsafe descriptive filenames cannot conceal an explicit text conflict (0.2203ms)
✔ actual owned diff worker compares two immutable hashes and exact EOF changes in 300k-line source (453.429ms)
✔ missing/forged right ref, right corruption and left-buffer mutation during second read cannot publish a diff (3.5894ms)
✔ cancellation during right-version read waits for actual I/O and starts no late worker (1.2291ms)
✔ exact bounded LCS produces independent before/after ranges with CRLF, Unicode and EOF endings intact (2.4255ms)
✔ real 300k-line localized EOF change is an exact complete comparison beyond prefix budgets (159.2201ms)
✔ dense region and hunk/preview budgets explicitly aggregate approximation, preserving full comparison coverage (0.5627ms)
✔ identical and empty sources remain exact; UTF16 preview never splits a surrogate and invalid budgets are refused (0.9172ms)
✔ unlinked Code explicitly creates one exact source-pointer block in chosen Docs and duplicate never adds a second (1363.1179ms)
✔ new Code Docs target refuses stale CAS, forged source proof, malformed fields and late revocation without changing existing Docs (929.6723ms)
✔ explicit Docs save links exact committed source while preserving other Docs, agent, release and source bytes (940.379ms)
✔ new Code row refuses the native 300-block budget and never manufactures room by removing existing blocks (817.9744ms)
✔ distinct document content tokens permit sequential owner saves without refreshing stale envelopes (1385.3354ms)
✔ exact duplicate returns selected historical receipt after other changes; operation reuse refuses (1053.4023ms)
✔ forged commit and unknown/foreign targets refuse with unchanged native Docs selection (663.7957ms)
✔ active storage envelope is updated without changing unrelated bag keys (615.2084ms)
✔ revocation inside native before-select hook cannot publish a linked Docs revision (588.3613ms)
✔ recovery-degraded source cannot produce an unqualified committed Docs receipt (645.5118ms)
✔ strict link input rejects getters and extra fields without evaluating user code (435.5803ms)
✔ one native owner serializes concurrent distinct Docs and publishes only immutable matching document receipts (884.0075ms)
✔ unsafe Docs adapter output is refused before publication instead of forwarding text or forged refs (491.1195ms)
✔ selected marker without the actual linked document cannot fabricate a successful historical operation (425.3216ms)
✔ unselected orphan operation cannot manufacture an acknowledgement; explicit retry must select and read back (587.0288ms)
✔ strict data-only payloads and only four methods reject before repository dispatch (621.5329ms)
✔ native registry authority fences forged senders, subframes, wrong source, roles, epoch and locked access (1286.8305ms)
✔ readonly Code can read bounded immutable versions; metadata and read receipts expose no provenance (288.0982ms)
✔ range, version, Unicode and exact UTF8 insertion caps reject before dispatch; TextModel protects split surrogates (761.2664ms)
✔ per-call guard binds repository context to captured project/source/action and rejects asynchronous access policy (428.3934ms)
✔ real edits and blob commits are durable and idempotent; stale versions and operation ID reuse refuse without manifest save (810.8769ms)
✔ revocation after awaited read or mutation withholds every stale byte and acknowledgement (1673.0661ms)
✔ publication fault revokes during native before-select guard and leaves the selected source pointer unchanged (1274.8773ms)
✔ actual owned writer contention and native version/budget failures keep fixed sanitized codes (260.4779ms)
✔ checkpoint degradation remains explicit blob durability and unsafe repository outputs cannot disclose data (324.6402ms)
✔ main-only diagnostics retain native failure code without exposing private errors or logging rejected renderer authority (337.4578ms)
✔ verified loader builds CodeMirror Text without normalizing BOM, CRLF, bare CR or Unicode (48.9241ms)
✔ loader detects equal-length text corruption against the independent full hash (2.8133ms)
✔ cancel after a progress callback never exposes a partial document and closes the read (1.8409ms)
✔ wrong reader/version/boundaries and stalled chunks refuse rather than append or loop (3.561ms)
✔ failure to close a successful read is reported rather than presenting a verified document (4.4199ms)
✔ a read opened after cancellation is closed when its delayed native receipt arrives (32.5225ms)
✔ native read refusal remains an attributed error, without a partial document (0.528ms)
✔ the captured source identity cannot be changed by a bridge adapter (0.3707ms)
✔ a bridge cannot rewrite the expected close identity and acknowledge a different read (0.945ms)
✔ manifest validates exact bounded reference identities and refuses inline or missing sources (571.5698ms)
✔ commit materializes exact old source versions before selecting schema 2 manifest (595.7681ms)
✔ manifest refuses forged metrics and provenance without selecting a new project revision (524.0216ms)
✔ idempotent manifests survive newer commits and changed payload IDs refuse reuse (652.0789ms)
✔ unselected orphan revisions cannot produce a successful duplicate acknowledgement (483.6608ms)
✔ after-selection fault acknowledges exact selected manifest while checkpoint failure remains degraded (421.6136ms)
✔ source verification fault leaves original selection and retains attempted files (368.6764ms)
✔ unsupported raw source bytes remain exactly referenced and exportable after a manifest commit (648.1325ms)
✔ access revoked after source materialization refuses manifest publication (421.642ms)
✔ concurrent manifest owners cannot both publish against one project revision (508.2792ms)
✔ identical orphan and successful retry records still prove selected ancestry for duplicate receipts (667.4831ms)
✔ native restore purpose permits new manifest selection when ordinary workspace saves are refused (341.5467ms)
✔ permission revoked in the awaited before-select hook cannot publish a new manifest (344.0508ms)
✔ selected parent identity distinguishes an orphan with a different checkpoint policy (582.3545ms)
✔ real admitted parser projects values, annotations without values and updates distinctly (4.5747ms)
✔ annotation classification follows direct parser operator, not equals in strings or nested calls (1.0347ms)
✔ chained, destructured, attribute, subscript and Unicode assignments retain exact source ranges (0.9311ms)
✔ function and branch containment includes assignments without claiming execution or data flow (0.6774ms)
✔ existing yield, await and call blocks survive assignment projection (0.5211ms)
✔ syntax errors retain absolute locations and bounded diagnostics, not successful runtime claims (20.8511ms)
✔ new assignment blocks honor graph, edge and visit caps (7.3619ms)
✔ shortened assignment labels never split a Unicode surrogate pair (0.4349ms)
✔ actual map view accepts annotation literally with an accurate explanation and immutable navigation (18.5813ms)
✔ actual patched worker maps selected Python syntax containment and exact navigation without claiming execution (226.9393ms)
✔ selected syntax map uses exact EOF ranges/lines beyond 300k and refuses a missing range before I/O (180.0457ms)
✔ actual isolated analysis worker preserves assignment, update and annotation distinctions in the exact stored version (41.4038ms)
✔ finite map budgets, incomplete syntax and literal labels remain explicitly partial and retain immutable bytes (86.276ms)
✔ metrics distinguish UTF-8 bytes, UTF-16 offsets and CRLF line width (1.179ms)
✔ empty and unterminated long lines count without adding terminator width (0.1726ms)
✔ metrics refuse unpaired surrogate input rather than replacement encoding (0.3892ms)
✔ migration writes a new schema 2 project and leaves every original project file byte-identical (1317.4073ms)
✔ two Docs referencing one original source share a blob while distinct release identities stay separate (924.6732ms)
✔ actual desktop storage bag migrates linked files, release snapshots and private draft keys (682.0836ms)
✔ partial source import failure reports the retained new project without admitting migration (401.8574ms)
✔ remapping updates only exact source pointers including JSON-valued storage without changing owner IDs (1.3663ms)
✔ migration keeps current linked files bound to current rows when a retained backup has older text (989.7634ms)
✔ source remapping preserves special JSON keys as data without prototype mutation (0.4884ms)
✔ satellite native metadata observer rejects source text, authority, accessors and invalid refs and unsubscribes exactly (9.2357ms)
✔ other-window notices coalesce and refresh only a clean idle view, ignoring unrelated and old versions (2.63ms)
✔ failed clean refresh retains its notice without an unbounded retry loop; a newer native version may try once (2.7153ms)
✔ dirty, pending, fenced or retiring view preserves local work and never silently reloads it (1.5847ms)
✔ native read admission reflects genuine private captures, owner pause and access revocation without creating writes (720.8677ms)
✔ production reads require an explicit selected version and cannot disclose a newer unselected draft (838.1695ms)
✔ native Code reads exact versioned bytes and metrics without project, Docs or another source content (712.5446ms)
✔ write and unknown methods are refused before obtaining any native source repository (697.2797ms)
✔ Docs, copied same-URL sender, subframe, foreign source and locked callers cannot read native source bytes (681.1374ms)
✔ Home cannot reuse the workspace role to obtain source data and malformed payloads cannot evaluate accessors (602.2186ms)
✔ read bridge obeys owner pause and cannot lift a transition fence (785.2764ms)
✔ typed read receipt streams exact source with Unicode-safe acknowledged boundaries and no provenance (365.8138ms)
✔ another registered view cannot consume or close a copied read ID (349.09ms)
✔ source/hash/version confusion and renderer authority fields refuse without disclosing text (330.0796ms)
✔ service bounds opening and active handles; disposal fences pending admission (291.6617ms)
✔ destroying one native reader window immediately releases its budget without closing another window lease (402.9967ms)
✔ a native window lost while a reader opens cannot publish bytes or retain the opening budget (276.0497ms)
✔ legitimate disk corruption retains its error attribution and releases the failed open (344.4499ms)
✔ a null native rejection becomes a sanitized failure rather than rejecting the invocation (273.005ms)
✔ native adapter extensions cannot add private fields to typed open or chunk receipts (275.9105ms)
✔ actual native main owner allows verified selected schema-2 reads in readonly while preserving legacy write gates (682.0855ms)
✔ actual main source gate refuses PIN transitions, shell failures, quiescence, legacy source IDs and unselected source refs (3888.0586ms)
✔ actual main mounts the finite read-only source channel and tracks its pending operation in the shared write/drain set (535.2783ms)
✔ primary source API stays readonly; satellite mutations use a distinct finite native channel (4.8968ms)
✔ actual main confines a Code window to its admitted version even when another version is selected in the same project (709.8468ms)
✔ bounded chunks preserve every BOM/newline/Unicode byte and the captured version after a later edit (596.2377ms)
✔ snapshot reads stay immutable; subsequent readers verify disk integrity again (342.4367ms)
✔ Lock revokes snapshot reads and disposal closes access rather than returning retained text (358.6076ms)
✔ reader limits include pending opens; failure/disposal reclaim capacity without changing source bytes (322.2605ms)
✔ unsupported UTF-8 cannot create a reader and does not consume its slots (286.662ms)
✔ pool capacity cannot be expanded by overwriting exposed configuration (362.8854ms)
✔ an expired pending open keeps its capacity until the original I/O settles (325.2628ms)
✔ dispose during the final read guard suppresses already computed private text (287.2983ms)
✔ pool expiry cannot be postponed by overwriting exposed configuration (2533.9194ms)
✔ microtask disposal immediately before read publication suppresses private text (252.0851ms)
✔ microtask disposal immediately before open publication suppresses the reader grant (203.6737ms)
✔ schema 2 refuses old renderer workspace save without changing the source manifest (513.5086ms)
✔ selecting schema 2 exposes a read-only legacy view instead of allowing metadata-only edits (304.1541ms)
✔ schema 2 checkpoints and exports bind referenced bytes, not only metadata JSON (667.3375ms)
✔ restoring schema 2 creates independent sources and preserves every byte of the original project (1107.7818ms)
✔ source collection preserves emergency references and selected private drafts, removing only unselected import debris (1059.7808ms)
✔ damaged recovery scan refuses collection and retains original source/debris bytes (580.2637ms)
✔ missing bytes of a selected unlinked source refuse collection instead of classifying it as an import orphan (542.434ms)
✔ an unscanned checkpoint temporary refuses collection because recovery coverage is incomplete (425.2186ms)
✔ verified read never reuses bytes after the owned source blob changes or disappears (341.2011ms)
✔ verified version reads exact original or edited bytes with one genuine replay and rechecks read/export authority after it (486.7046ms)
✔ exact BOM, mixed newline and Unicode bytes survive import, durable draft, commit and fresh reopen (663.8059ms)
✔ duplicate operations survive restart; stale writes and ID reuse cannot replace selected bytes (757.0783ms)
✔ split surrogate, unpaired input and out-of-range edits preserve original version and bytes (525.383ms)
✔ malformed UTF-8 stays exactly exportable and refuses editing without implicit conversion (322.3398ms)
✔ 32 MiB source boundary is accepted, +1 refused; growing edit also obeys bytes rather than lines (1451.926ms)
✔ project disk budget includes retained distinct blobs and journal overhead, refusing before publication (334.2954ms)
✔ blob, journal and preselection faults keep old version; postselection ACK states the durable new version (1138.1174ms)
✔ checkpoint failure after source commit returns committed version with recovery-degraded durability (393.7115ms)
✔ edit and commit share an operation identity namespace, refusing cross-kind reuse (316.4888ms)
✔ default 256 MiB disk budget refuses the eighth distinct 32 MiB blob and preserves the seven admitted originals (5802.2591ms)
✔ PIN/access, IDs, unknown project and junctions cannot bypass owned-source access (151.9982ms)
✔ concurrent owners cannot both select edits from the same source version (169.6168ms)
✔ access lost immediately before pointer selection cannot publish a new draft (174.0284ms)
✔ a successful checkpoint receipt is durable and idempotent after restart (237.7248ms)
✔ an unselected durable commit journal does not poison its operation ID after another commit (294.744ms)
✔ native source mutation bridge preserves two independent Unicode/CRLF sources and leaves Docs/project untouched (1067.8782ms)
✔ native duplicate and stale mutation retain exact CAS semantics and immutable original (735.0736ms)
✔ historical Code, Docs, foreign entity, copied sender and subframe cannot gain edit authority (557.235ms)
✔ mutation payloads cannot smuggle project/epoch/nonce, methods or getters before native repository admission (400.185ms)
✔ Lock during pending edit suppresses successful disclosure and preserves the selected source (713.1649ms)
✔ paused mutation requires the genuine frame drain ticket and seals an actual committed source (670.8329ms)
✔ actual main mutation channel refuses normal readonly/historical/foreign views and tracks genuine admitted draft writes (923.5196ms)
✔ satellite preparation keeps the source drain nonce private and never exposes it in the public bridge (5.9576ms)
✔ actual startup retains readonly identity refusal and records bounded diagnostics without native paths (6.8118ms)
✔ startup reports finite native query/decode reasons and byte counts without returned text (2.4464ms)
✔ exact ten Terminal methods accept only their complete typed request and normalize an immutable copy (3.6269ms)
✔ Terminal requests reject unsafe identifiers, numeric coercion, omitted fields and dimension overflow (0.4835ms)
✔ prototype-bearing, accessor, symbol and hidden payload fields are refused without executing getters (0.2878ms)
✔ terminal input is bounded by exact UTF-8 bytes and refuses malformed UTF-16 without partial normalization (3.3256ms)
✔ invalid Terminal payload is refused before dispatch and valid dispatch receives only the immutable copy (1.0708ms)
✔ frozen Terminal default budgets equal the approved finite limits (0.2195ms)
✔ per-lease256KiB and global2MiB output credits are exact and bounded across8 views (2.133ms)
✔ only observed delivery boundaries refund credit; duplicate ACK never refunds twice (1.3194ms)
✔ detach releases exactly its credit and stale lease cannot ACK a new attachment (0.3452ms)
✔ strict byte offsets, finite frame metadata and gaps never grant hidden credit (0.8399ms)
✔ unknown, duplicate and exhausted cursors refuse without mutating credit state (0.996ms)
✔ Terminal output component exports the specified pure interfaces (1.6052ms)
✔ ring retains an exact 4 MiB tail of a 10 MiB line and reports exact cursor gap (24.8732ms)
✔ UTF-8 deliveries never cut a scalar and resume exactly from their byte cursor (0.4959ms)
✔ small writes pack into finite blocks and saturation preserves bounded metadata (6.4219ms)
✔ producer keeps appending without a consumer and clear preserves sequence/gap accounting (0.4512ms)
✔ invalid options, data and future cursors refuse without changing retained output (0.6065ms)
✔ VT filter holds a split sequence until complete and preserves ordinary ANSI/Unicode (0.6721ms)
✔ oversized OSC is omitted across pushes through a split ST without retaining payload (3.1092ms)
✔ CSI and C1 DCS/SOS/PM/APC budgets recover after their actual terminators (5.4172ms)
✔ CAN cancels discarded VT data and parser reset drops a bounded incomplete sequence (1.1594ms)
✔ filter output deliveries are capped even when a pending sequence completes with a full input chunk (2.948ms)
✔ Terminal policy defaults to refusing sender identity; matching plain fields never mint native authority (2.1198ms)
✔ workspace may configure/list/create/stop, but only terminal role may attach/input/resize/ACK/detach (1.6377ms)
✔ PIN and epoch are checked on every call, including passive session metadata (0.3403ms)
✔ readonly and recovery expose only passive eligible metadata; unknown modes refuse everything (0.2945ms)
✔ native session, project and current attachment identity are required for leased operations (0.3694ms)
✔ failed or asynchronous authority providers cannot authorize a synchronous input fence (0.5236ms)
✔ normal app mode never upgrades a current read-only view to shell execution (0.4341ms)
✔ Terminal session state starts closed and never pretends it owns native processes (1.0777ms)
✔ one project/window lease and immutable bounded session metadata; no foreign session attach (0.6179ms)
✔ exact Unicode input is written once; duplicates, conflicting data and sequence gaps do not replay (1.8389ms)
✔ latest256 input receipts stay bounded; expired inputs cannot be resubmitted (7.3376ms)
✔ Lock fences synchronously, drops queued input, keeps an already delivered command untouched (3.1799ms)
✔ pending duplicate receives one receipt, bounded queue refuses a whole paste and drains serially (4.2399ms)
✔ zero-byte pending input metadata is bounded and malformed input has zero writer effects (6.4474ms)
✔ transport failure is ambiguous, closes the lease and never retries or replays a command (0.5535ms)
✔ detach or host loss revokes pending work without issuing process commands (0.501ms)
✔ known host loss immediately settles active and queued input as unavailable; late ACK cannot resurrect state (3.0262ms)
✔ eight real rings keep32MiB after512MiB output while stalled consumers cannot grow credited deliveries (1127.5151ms)
ℹ {"scope":"Pure Node rings/credits only; no PTY/renderer/native latency qualification","producedUtf8Bytes":536870912,"retainedUtf8Bytes":33554432,"peakCreditedUtf8Bytes":2097152,"peakAllocatedRingBytes":33554432,"visibleGaps":80,"peakObservedRss":172998656,"elapsedMs":1125}
✔ beginning, middle and EOF edits preserve exact BOM, emoji and CRLF (3.7232ms)
✔ duplicate identity returns original result and changed payload refuses reuse (0.6042ms)
✔ invalid UTF-16 boundaries, unpaired insertions and invalid ranges leave state unchanged (1.0911ms)
✔ validate prepares an inverse without consuming operation identity or mutating state (0.7873ms)
✔ undo and redo use unique action IDs with monotonic versions and clear redo on branch (0.9921ms)
✔ history budget retains recent operations and refuses undo once older entries are evicted (0.6489ms)
✔ unique no-op edits advance journal versions without adding undo history (0.2915ms)
✔ returned inverses cannot mutate retained history (0.3338ms)
✔ malformed numeric and source payloads return typed refusal without throwing (0.3056ms)
✔ line metrics update when edits join CRLF boundaries and remove longest lines (0.664ms)
✔ all short newline boundary edits retain exact text and independently derived metrics (19.6461ms)
✔ repeated long-line edits and undo preserve widths and bytes without snapshot histories (11.0699ms)
✔ mixed repeated Unicode and newline edits match an independent string oracle (9.4306ms)
✔ exhausted versions refuse changes and evicted history still remembers operation identity (0.3427ms)
✔ real anonymous release discovery stages only a complete signed package and an independently readable receipt (290.7284ms)
✔ 404, rate limit, server outage, draft and prerelease never report current (132.3199ms)
✔ HTTP success with a short or corrupt body never produces a ready receipt (6140.4694ms)
✔ cancel stops an actual paused response without admitting it or switching the application (35.7498ms)
✔ durable high-water refuses rollback and corrupt trust state without silently resetting (48.1042ms)
✔ production transport refuses arbitrary hosts, HTTP, credentials, unsafe TLS and redirected private destinations (1.637ms)
✔ automatic discovery waits for online status and durably runs at most once per 24 hours without downloading (133.9521ms)
✔ publisher signature verifies exact bytes; changed bytes, signature reuse and unknown key fail (22.9112ms)
▶ authenticated but unsafe metadata fails independently of a valid publisher signature
  ✔ expired (0.9811ms)
  ✔ product (0.8353ms)
  ✔ arch (0.733ms)
  ✔ channel (0.5759ms)
  ✔ schema (0.6885ms)
  ✔ semver (0.7407ms)
  ✔ prerelease (0.7639ms)
  ✔ overflow (0.9466ms)
  ✔ extractedOverflow (0.8251ms)
  ✔ duplicate (0.5607ms)
  ✔ caseCollision (0.8172ms)
  ✔ prefixCollision (0.7658ms)
  ✔ traversal (1.6186ms)
  ✔ reserved (0.8462ms)
  ✔ ADS (0.6924ms)
  ✔ trailingDot (0.6753ms)
  ✔ userData (0.9416ms)
  ✔ assetMismatch (0.7174ms)
  ✔ floorAboveRelease (0.7985ms)
✔ authenticated but unsafe metadata fails independently of a valid publisher signature (20.026ms)
✔ duplicate JSON fields, comments, trailing commas and invalid UTF-8 are rejected before use (2.2419ms)
SIREN_VIEW_PREPARE_STAGE {"stage":"sent","role":"code","elapsedMs":0}
SIREN_VIEW_PREPARE_STAGE {"stage":"acknowledged","role":"code","elapsedMs":1}
SIREN_VIEW_PREPARE_STAGE {"stage":"sealing","role":"code","elapsedMs":1}
SIREN_VIEW_PREPARE_STAGE {"stage":"prepared","role":"code","elapsedMs":47}
SIREN_VIEW_PREPARE_FAILURE {"role":"code","code":"CONTROL_STALE","rendererCode":null}
✔ actual main control seals a selected readonly Code version and refuses satellite primary draining (799.6948ms)
✔ production package includes the mounted control, barrier and immutable proof modules (0.3407ms)
✔ native Code view control exists (1.1373ms)
✔ native seal rather than a renderer supplied receipt establishes flush success (3.745ms)
✔ unresponsive view reaches a native deadline and late acknowledgements cannot become success (17.8883ms)
✔ actual frame destruction refuses pending preparation and cancels its finite allowance (0.8927ms)
✔ one view is not prepared twice and independent views have independent acknowledgements (0.6695ms)
✔ deadline covers the native seal and never publishes its delayed success (17.0554ms)
✔ disposing control refuses every outstanding request and never records a clean close (0.8796ms)
✔ bounded native preparation diagnostics distinguish delayed renderer from delayed seal without granting authority (16.4891ms)
✔ preload.cjs bounds native preparation and keeps the draining nonce private (6.4493ms)
✔ windows/preload.cjs bounds native preparation and keeps the draining nonce private (2.3257ms)
✔ all captured views are covered before mutable flushes; immutable and Home seals describe the final saved revision (5.6887ms)
✔ workspaceEntities implementation exists (0.8523ms)
✔ schema 1 native direct workpapers grant Docs but never infer legacy Code file IDs (1.4014ms)
✔ schema 2 sourceRefs produce unique Code IDs independently from provenance docs (0.3631ms)
✔ actual desktop primary bag outranks imported state, direct workpapers and old caches (0.3067ms)
✔ imported bag.state and direct active workpapers are recognized without recursive crawling (0.266ms)
✔ storage bag without primary and unrelated/release/draft arrays grant no Docs (0.313ms)
✔ invalid present primary or imported state fails closed instead of falling back (0.7339ms)
✔ malformed snapshots, schemas and outer JSON return empty without throwing (0.2944ms)
✔ invalid IDs, versions and hashes are filtered without numeric coercion (0.3883ms)
✔ missing or malformed sourceRefs yield no Code while actual Docs remain scoped (0.3051ms)
✔ own data descriptors avoid snapshot/ref getters and inherited authority (0.2518ms)
✔ array accessors and inherited sparse entries cannot contribute Code IDs (0.1314ms)
✔ JSON special keys never create inherited workpapers or pollute prototypes (0.0918ms)
✔ workspace UTF-8 byte cap rejects oversized multibyte JSON before parsing/granting (79.805ms)
✔ roster contains only fresh ID arrays and preserves frozen native inputs (0.398ms)
✔ actual ProjectStore-verifiable schema 1 and schema 2 snapshots produce native rosters (1.824ms)
✔ renderer emits only data-free hashed role entrypoints and exact packaged modules (11272.9991ms)
✔ native role factory remains hidden and denies navigation, subframes, popups and webviews (2.1939ms)
✔ close active view targets its captured native shell, never the main workspace or another view (3.9498ms)
✔ close from main targets only the selected attached view; no selection is a harmless no-op (0.8134ms)
✔ close refuses foreign, revoked and mid-selection transition origins; native veto remains intact (0.7457ms)
✔ Quit requests the permanent main close path from any captured native role and also from locked main (0.5695ms)
✔ Ctrl+W and Ctrl+Q use the genuine input origin once, suppress repeat/menu duplicates and preserve composing keys (0.8921ms)
✔ native cycling restores the selected minimized neighbour and wraps both directions without opening a view (0.7989ms)
✔ main return restores only the permanent window while locked without authorizing a data view (0.5944ms)
✔ transition fences and invalid directions never restore a minimized data view (0.4026ms)
✔ same-URL replacement frames and changed native permissions are excluded from the focus roster (0.4587ms)
✔ a foreign focused native handle is never brought into the registered cycle (0.9467ms)
✔ native window lookup cannot alias another grant and access is rechecked after gathering the roster (0.7682ms)
✔ native key handling uses its genuine source window and consumes the menu accelerator once (0.3333ms)
✔ native key handling preserves unrelated keys and cannot cycle from an unregistered handle (0.4674ms)
✔ preserves reachable negative DIP coordinates on a monitor left of origin (4.0076ms)
✔ uses workArea DIP unchanged across 100, 150 and 200 percent scaling (0.4422ms)
✔ current overlap outranks a stale display hint and largest overlap chooses the monitor (0.2527ms)
✔ display hint breaks equal overlaps and otherwise primary breaks ties (0.2498ms)
✔ removed monitor rehomes offscreen normal bounds to the primary workArea (0.1735ms)
✔ existing display hint rehomes an offscreen window to that display (0.1545ms)
✔ taskbar and resolution changes keep the titlebar and entire normal window reachable (0.1795ms)
✔ tiny workAreas win over default or remembered sizes without an offscreen minimum (0.2095ms)
✔ malformed saved bounds fall back to centered capped defaults (0.3347ms)
✔ fractional stored bounds round to DIP integers and fractional workAreas round inward (0.2943ms)
✔ maximized and fullscreen restoration retains a usable normal rectangle and literal flags (0.2084ms)
✔ invalid displays are excluded and no usable current display is an explicit failure (0.6704ms)
✔ restoration neither mutates inputs nor reads or copies unrelated content (0.3582ms)
✔ malformed numeric fields cannot execute coercion or accessor code (0.352ms)
✔ varied disconnected and changed layouts always contain the restored normal window (14.2728ms)
✔ different sources serialize through one owner and preserve exact independent texts and linked Docs (865.6919ms)
✔ same entity stale updates and duplicate operation IDs retain native conflict semantics across fresh repositories (807.9722ms)
✔ pause refuses new admission while accepted in-flight work drains with its actual receipt (557.4529ms)
✔ a paused owner admits only bounded source flushes from the captured native frame (628.0108ms)
✔ a flush ticket is not a successful save when only a draft or a failed operation was received (452.1303ms)
✔ flush sealing waits for native selection and prevents additional work while it waits (470.8035ms)
✔ flush admission rejects reads, foreign sources, byte overflow and stale pause generations (307.4649ms)
✔ resuming authority inside a flush write fences publication and cannot seal a stale success (420.7199ms)
✔ native cancellation refuses clone or foreign frame and fences a pending flush publication (308.2463ms)
✔ captured frame revocation inside source write prevents late selection and receipt disclosure (325.1532ms)
✔ bounded owner queue includes pending native I/O and does not admit cloned grants or foreign entities (454.7607ms)
✔ same native frame cannot submit a queued source edit after its access policy becomes readonly (342.228ms)
✔ queued payload is copied before awaits and a renderer getter is never evaluated (400.7751ms)
✔ subscriptions contain only verified scoped source receipts and stop on dispose or native revocation (372.3552ms)
✔ required window IPC implementation exists (1.0783ms)
✔ getView returns only the native caller grant despite forged event identity (3.058ms)
✔ missing, unregistered, forged-object and subframe senders are refused (0.464ms)
✔ exact payloads reject unknown keys, symbols, prototypes, accessors and identity fields (0.9978ms)
✔ empty requests accept omitted, null and empty-object payloads only (0.2544ms)
✔ workspace opens scoped Code/Docs and finite Diagram with exact nonnegative source version (1.5617ms)
✔ foreign entity requests and every satellite opening or global listing are refused (0.6895ms)
✔ Audience gets its grant with empty entityIds and no project, notes or source content (0.292ms)
✔ listViews filters project and epoch and strips non-record data (0.3977ms)
✔ workspace focuses and closes scoped satellites but cannot close workspace (1.1751ms)
✔ satellites focus and close only themselves with no global shelf grant (0.5118ms)
✔ foreign project, epoch and unknown targets refuse before native actions (0.393ms)
✔ canceled close stays registered and never reports successful close (0.2848ms)
✔ workspace and satellite self-close acknowledge actual asynchronous native closure (0.4243ms)
✔ asynchronous self-close cannot acknowledge a changed access epoch, project or sender (0.6832ms)
✔ self-close revalidates native scope at the final IPC continuation (1.2038ms)
✔ navigation and crash disposal never count as an intentional pending self-close (1.5856ms)
✔ native close deadline reports unknown completion separately from cancellation (16.4341ms)
✔ renderer unload veto cancels close while an overridden veto waits for native closed (0.9105ms)
✔ open caller revocation discards the newly registered view even when close is canceled (0.447ms)
✔ late open caller revocation and failed disposal report sanitized destruction failure (0.2481ms)
✔ project and epoch revocation while open is pending refuse without publishing a grant (0.3803ms)
✔ async metadata reads recheck native caller object and frame after awaiting (0.4447ms)
✔ async target lookup rechecks caller before executing focus (0.3254ms)
✔ native errors never expose stack, path, notes or arbitrary error code (0.3171ms)
✔ rejected asynchronous operations also recheck caller before returning a receipt (0.5186ms)
✔ layout metadata survives a fresh store read without project/source data and retains negative DIP bounds (100.7649ms)
✔ malformed or oversized saved layout defaults safely and is retained without overwrite (92.4642ms)
✔ duplicate native entity views reserve separate stable slots, restore after restart and rehome a missing display (70.4197ms)
✔ layout identity accepts the native registry entity alphabet, including imported uppercase and leading underscore IDs (33.485ms)
✔ native geometry events coalesce metadata only, revoke on disposal and keep the last actual normal/max/full state (90.2781ms)
✔ cancelled native placement retains last stable fullscreen metadata instead of persisting its temporary exit (48.9428ms)
✔ native factory consumes saved geometry while hidden and releases a failed creation slot; package includes the memory module (7.9464ms)
✔ hidden native factory verifies and corrects constructor frame drift before a saved maximized/fullscreen view can be admitted (72.6865ms)
✔ hidden frame sizing compensates one stable native scale rounding offset while still requiring exact final DIP readback (99.0729ms)
✔ native placement suspends mode persistence before fullscreen exit and cancels that metadata transaction at Lock (22.7963ms)
✔ monitor chooser moves only its captured native Code to the selected negative-coordinate display and preserves modes (101.2629ms)
✔ monitor chooser refuses copied tickets, forged displays, retired frames and changed display topology before mutation (0.9962ms)
✔ cross-DPI monitor movement uses actual DIP bounds and positions before sizing on the destination display (147.1972ms)
✔ native completion matches the exact OS DIP-pixel projection while preserving the requested size and rejecting out-of-area projections (181.6475ms)
✔ native monitor popup uses radio choices and a captured one-use origin without exposing renderer move authority (1.1131ms)
✔ removed-display recovery rehomes actual admitted native handles without focus, navigation or grants (300.1342ms)
✔ automatic metrics recovery preserves reachable windows and minimized, maximized and fullscreen states (203.9572ms)
✔ explicit bring-back moves admitted windows to primary and restores minimized views without selecting or saving (297.3478ms)
✔ Lock and transition retain only permanent PIN window geometry and never reveal retained native data handles (197.4513ms)
✔ replacement frames and aliased native handles cannot enter display recovery (198.9675ms)
✔ per-view grant and transition are rechecked after native normal bounds are read (98.2706ms)
✔ tiny current workArea reduces native minimum constraints and no usable display makes no changes (299.8322ms)
✔ native failure does not prevent independent live windows from recovering and reports incomplete outcome (232.7397ms)
✔ native bring-back shortcut is consumed once from the genuine originating window and repeats do not act (297.733ms)
✔ actual display-event binding recovers on removed/geometry metrics only and can be disposed (398.1746ms)
✔ fullscreen normal geometry is positioned outside fullscreen before that native state is restored (305.0078ms)
✔ restored minimized native dimensions are read again before explicit rehome (300.0473ms)
✔ native placement completes in a later turn before maximize can cache the new normal bounds (300.3138ms)
✔ later native frame replacement cancels a captured target before geometry mutation (200.4911ms)
✔ concurrent explicit recovery is refused rather than interleaved into native state transitions (299.0318ms)
✔ native bounds failure conditionally restores fullscreen while reporting incomplete recovery (233.9619ms)
✔ Lock during a native await never restores fullscreen or reveals a retired handle (215.933ms)
✔ request origin is captured before scheduling and a replaced originating frame cancels the whole operation (0.4998ms)
✔ controller disposal cancels queued recovery without native mutations or new requests (0.3889ms)
✔ superseded display recovery cancels the old result and completes one coalesced latest-workArea operation (299.0514ms)
✔ origin retirement during native completion cancels all remaining mutations and main focus (50.6683ms)
✔ dispose during native completion prevents restoration, following target moves and focus (49.326ms)
✔ disposing a queued coalesced completion resolves false without leaving a pending listener or moving targets (0.2857ms)
✔ native captured callers cannot be cloned and retire on frame epoch or permission changes (2.9777ms)
✔ captured same-URL frame is retired when native main frame identity changes (0.7025ms)
✔ a pinned native workspace stays locked without a data grant and explicitly rebinds a new epoch after reload (1.3523ms)
✔ workspace-preserving Lock revokes every grant and destroys minimized satellites before any new activation (1.0726ms)
✔ modern native navigation details revoke a satellite and trusted discard bypasses canceled close (1.0704ms)
✔ an in-flight workspace factory cannot become a second owner after native binding (0.5956ms)
✔ pinned inactive native owner identities cannot be reused by a factory or new binding (0.5368ms)
✔ workspace preservation cannot forgive a prior failed native destruction (0.4749ms)
✔ opens distinct native views with trusted project scope and serializable records (0.7398ms)
✔ refuses forged scope, unsupported roles and malformed versions before creating a window (0.5349ms)
✔ refuses cross-project entities and absent or malformed native authorization (0.2876ms)
✔ locked and readonly write authorization cannot create data windows (0.1837ms)
✔ readonly and recovery read authorization admits eligible views without overriding safety (0.1113ms)
✔ workspace scope permits no entity while audience requires presentation authorization (0.1569ms)
✔ caller derives its grant from registered native objects and ignores forged payload identity (0.1265ms)
✔ same URL and numeric renderer ID never grant an unregistered sender native object (0.1117ms)
✔ subframes and role, query or fragment URL substitutions never authorize IPC (0.1357ms)
✔ live caller authorization refuses closed, destroyed or native ID replacement (0.2239ms)
✔ caller revalidates trusted current project, entity ownership, mode and access (0.2223ms)
✔ entity grants are isolated immutable snapshots and audience receives no source IDs (0.182ms)
✔ authorization exceptions and asynchronous policy never grant renderer access (0.1792ms)
✔ focus restores a minimized native view and closing one view preserves the others (0.4943ms)
✔ cancelled native close retains the registered view and its grant (0.2487ms)
✔ native close waits for actual asynchronous destruction without revoking a retained grant early (0.2216ms)
✔ a pending close has a bounded deadline and keeps a canceled or unresponsive native view intact (15.5959ms)
✔ native destruction, crash and main navigation permanently revoke the renderer grant (0.3593ms)
✔ subframe navigation cannot revoke the unrelated main-frame view (0.088ms)
✔ epoch invalidation destroys minimized and audience views and locked policy blocks new grants (0.2426ms)
✔ pending creation cannot publish after epoch invalidation or a native policy change (0.4794ms)
✔ a destroyed or reused factory renderer cannot acquire a second view grant (0.2183ms)
✔ returned view records cannot mutate registry role, epoch or lifecycle state (0.1447ms)
✔ a replacement main-frame object at the same URL cannot inherit a prior grant (0.068ms)
✔ factory identity collisions reject the new view without destroying an existing renderer (0.2357ms)
✔ failed epoch destruction revokes every grant and blocks new windows until destruction completes (0.2619ms)
✔ sparse trusted entity lists and malformed native windows fail closed without publishing (0.3757ms)
✔ a failed stale factory disposal is retained for epoch retry and never gains a grant (0.2273ms)
✔ navigation destruction failure revokes synchronously and prevents new grants until retry (0.2597ms)
✔ a pending factory cannot publish after another view fails navigation destruction (0.2525ms)
✔ registry exposes a private immutable roster fence (435.2831ms)
✔ roster captures every real minimized frame and refuses cloned proofs or new opens (252.7735ms)
✔ a pre-fence pending factory cannot join even after the fence is released (401.9695ms)
✔ retirement, policy change, same URL frame replacement and epoch changes invalidate the roster (929.6926ms)
✔ native source receipt reconciliation exists (0.1301ms)
✔ an older per-view commit does not represent the final shared source draft (430.396ms)
✔ two native commits reconcile to the genuinely latest shared selected version (529.0701ms)
✔ old-only, forged commit, cross-project and failed receipts cannot establish latest persistence (405.1628ms)
✔ reconciliation refuses live allowances and guards its asynchronous proof reads (308.5409ms)
✔ empty receipts or a missing Code entity cannot establish complete roster persistence (443.7044ms)
✔ native source barrier exists (0.1699ms)
✔ every minimized Code view must flush before a native-only prepared proof can be issued (362.7416ms)
✔ one failed or throwing view cannot produce a clean close and remains honestly fenced (512.3449ms)
✔ Docs or workspace routes are explicitly refused until their domain barriers are admitted (162.1234ms)
✔ retirement after view ACK but before final proof cannot become successful preparation (434.1837ms)
✔ resuming the owner or beginning another native allowance invalidates prepared authority (598.6983ms)
✔ overall deadline cancels outstanding preparation and delayed success cannot issue a proof (159.9135ms)
✔ shared shelf names only current owned native views and reports real minimized state without source reads (6.0742ms)
✔ title metadata cannot cross a retired grant, navigate a view or execute getters in IPC payloads (0.7776ms)
✔ Diagram docking retains its renderer and captured grant while refusing borrowed IDs and stale peers (1.4481ms)
✔ two attached native views retain independent renderer draft/selection/history and only the selected one is visible (0.7795ms)
✔ a stale attached peer refuses a new attachment before changing native ownership or visibility (0.4887ms)
✔ release of a preparation roster and focusing an attached view catch up a host resize without reattachment (0.6505ms)
✔ returning to the main workspace hides attached pixels without navigating or discarding them (0.5621ms)
✔ retired grants and a frozen writer roster refuse movement or activation before native changes (0.7466ms)
✔ dock IPC derives actual caller identity and rejects borrowed IDs, getters, subframes and revoked grants (0.8768ms)
✔ prepared same-project entry rotation retires only the old primary capture and preserves minimized satellites (4.4965ms)
✔ matching target URL is insufficient while the genuine native document is still loading (0.633ms)
✔ native barrier permits entry retirement only after real persisted preparation and holds writes until the fresh entry is complete (380.6008ms)
✔ a failed load cannot lift the paused owner or reuse its old proof; disposal retires navigation authority without resuming writes (291.0034ms)
✔ new native work, Lock or consumed roster after entry completion prevents the prepared transition from resuming the owner (1109.842ms)
✔ forged/stale roster, copied tickets and reused tickets cannot rotate or activate the bound workspace (0.4931ms)
✔ Lock, changed selected project, policy change and satellite loss refuse navigation completion without a fresh primary grant (0.846ms)
✔ only the expected finite target can complete rotation; unexpected navigation remains fenced even after returning to it (0.3531ms)
✔ rotation validates native option descriptors before retiring any existing view (0.2965ms)
✔ actual setupPin waits for native load before mutation or successful ACK (2.6149ms)
✔ actual unlockPin waits for native load before mutation or successful ACK (0.7528ms)
✔ actual startup services refuse a new access transition while waiting and do not mutate on load failure (1.3224ms)
✔ PIN side effects and acknowledgement wait for the native main-frame load boundary (2.2412ms)
✔ a loaded live workspace runs once without adding a delayed acknowledgement (0.261ms)
✔ load failure, crash, destruction or navigation refuses before PIN mutation (0.7911ms)
✔ readiness deadline refuses without changing the PIN and removes listeners (10.6455ms)
✔ a main-frame recheck closes the event-subscription race and failed native identity refuses (0.6487ms)
✔ renderer loss or fresh navigation after finish but before continuation still refuses PIN mutation (0.3484ms)
✔ native did-finish-load can precede the end of main-frame loading; stop event completes the gate (0.303ms)
✔ factory opts Code/Docs/Diagram into the same owned surface while presentation roles stay isolated (4.6101ms)
✔ a failed surface load rejects only after actual renderer and shell cleanup (0.7862ms)
✔ a failed unregistered surface cleanup preserves the concrete owned handle on its refusal (21.5468ms)
✔ synchronous epoch retirement refuses confirmation while a surface renderer survives (4.5037ms)
✔ a factory error cannot dispose a previously admitted surface using a reused native handle (0.7268ms)
✔ async epoch retirement fences before awaiting and confirms only contents plus shell destruction (0.4778ms)
✔ async trusted discard retires one surface without renewing another primary grant (0.3787ms)
✔ timed out async retirement retains its fence and a later actual close can recover it (17.0134ms)
✔ self-close waits for contents destruction before issuing its one-use native proof (0.7658ms)
✔ an older async retirement cannot confirm a newer epoch as its own (0.4549ms)
✔ external shell closure retains its surviving renderer and fences retirement/admission through timeout (16.1128ms)
✔ external renderer closure cannot forget a native shell that refuses destruction (1.0253ms)
✔ surface initialization failure retains unadmitted native handles when cleanup cannot be confirmed (32.9817ms)
✔ attach/detach moves one native view with the same contents/frame and restores focus (3.9782ms)
✔ retired authority cannot attach, detach, resize or focus a surface (0.5107ms)
✔ focus restores an authorized minimized native parent before measuring its zero-sized content viewport (0.5228ms)
✔ replacement native frame makes transfer authority stale (0.3039ms)
✔ a destroyed host or contents cannot receive a view (0.4058ms)
✔ unsafe or undersized viewport refuses movement before native ownership changes (0.4164ms)
✔ dispose hides/removes sensitive view immediately but waits for actual contents destruction (1.1252ms)
✔ concurrent disposal requests share one contents close and one confirmation (0.3588ms)
✔ timeout retains actual handles, refuses success and permits a later confirmed disposal (16.1251ms)
✔ native close exception keeps handles fenced and can never confirm cleanup (0.622ms)
✔ a shell closed outside the controller also removes its view and closes the renderer (0.1924ms)
✔ failed native reparenting is hidden and fenced rather than reported as attached (0.2355ms)
✔ secure preferences cannot be relaxed by the surface options (0.2105ms)
✔ external renderer destruction conceals its attached view and closes the empty shell (0.1075ms)
✔ host destruction disposes the attached view rather than stranding its hidden shell (0.1172ms)
✔ a failed view constructor cannot leave a native shell alive (0.1893ms)
ℹ tests 1666
ℹ suites 0
ℹ pass 1666
ℹ fail 0
ℹ cancelled 0
ℹ skipped 0
ℹ todo 0
ℹ duration_ms 187838.7462
