✔ main service revalidates account binding, expiry, started-work permission and logout without browser/token exposure (16.7884ms)
✔ failed protected persistence does not secretly activate memory credentials after reporting login failure (5.1579ms)
✔ unconfigured production login returns a precise unavailable result and does not open a system browser (1.6595ms)
✔ validated login waits for old-account persistence before replacing credentials and permissions (3.5713ms)
✔ a delayed old-account timestamp write cannot undo login (104.1681ms)
✔ a delayed old-account timestamp write cannot undo logout (108.2994ms)
✔ signed offline activation lasts exactly 30 days and stops at the expiry boundary (14.3125ms)
✔ wrong signature, installation, key or product never grants activation; overlong permits are refused (5.44ms)
✔ clock rollback beyond five minutes requires online revalidation while retaining owned-data recovery (1.8694ms)
✔ unavailable OS-protected storage keeps credentials in memory and creates no plaintext file (6.4135ms)
✔ actual original same and changed native restore retains an open menu and the original palette lifecycle (36.2342ms)
✔ appearance staging cleanup removes only this uncommitted file, with generic atomic defaults unchanged (106.5109ms)
✔ transient replace refusal reuses one flushed file and commits exact appearance on the second attempt (53.5984ms)
✔ persistent replace refusal has three attempts, bounded delays, finite diagnostics and intact old bytes (52.4664ms)
✔ retirement or Lock during an inter-attempt delay prevents a subsequent rename (124.3381ms)
✔ phase-hook refusals and unexpected rename errors are not retried (148.9213ms)
✔ failure after committed rename is not replayed or described as retaining previous bytes (96.4585ms)
✔ durable readback mismatch refuses after one committed rename without deleting the target (130.1083ms)
✔ target ownership changed during retry is refused before a second rename (116.6324ms)
✔ generic atomic replacement still attempts once, and unsafe cleanup never masks the original failure (187.0037ms)
✔ root-serialized appearance writes keep a later choice behind a bounded EBUSY retry (115.8276ms)
✔ real private-shell store transaction loses captured authority during retry and cannot commit (75.1069ms)
✔ actual Windows denied Delete-sharing handle is released after a genuine rename EPERM, then production commit succeeds (890.0359ms)
✔ a delayed appearance read cannot overwrite a newer user choice (6.1652ms)
✔ overlapping theme writes defer polling and obsolete errors until the latest choice settles (1.9289ms)
✔ a pending or refused theme choice cannot manufacture native appearance admission (1.4625ms)
✔ original named themes retain their exact chrome colours without importing resources (1297.9585ms)
✔ native appearance carries original angular, rounded and glow metrics through the packed shell (2561.8171ms)
✔ appearance persists atomically, refuses stale writers and preserves corrupt records (91.8694ms)
✔ private shell refuses Audience, forged fields and callers retired during an await (0.522ms)
✔ shared asset insertion preserves closing-body literals inside renderer libraries (991.3406ms)
✔ shared stylesheet insertion preserves closing-head literals inside head libraries and CSP hashes (1192.1674ms)
✔ corrupt appearance falls back without hiding navigation or overwriting the original record (0.3524ms)
✔ classic appearance bridge synchronizes every original theme route without autosaving a visual preference (1.2576ms)
✔ accepted native appearance survives a later legacy startup theme and user selection can replace the owner (1.0142ms)
✔ failed preference writes preserve finite native diagnostics without exposing paths or changing refusal (102.325ms)
✔ confirmed desktop close selects matching real draft/clean flag, not merely a separate recovery checkpoint (629.5664ms)
✔ refused workspace close cannot mark clean exit or replace a recoverable draft (63.2081ms)
✔ close retains a larger recovery-only workspace instead of deleting its extra diagram (419.105ms)
✔ an acknowledged selected workspace retains the complete draft even when separate recovery-only requests refuse (350.9697ms)
✔ a final selected-workspace refusal cannot be hidden by acknowledged recovery-only checkpoints (400.9089ms)
✔ cancelled native transition selects a running marker without retaining a false clean-exit flag (685.0503ms)
✔ repeated acknowledged close without edits preserves the complete selected snapshot and recovery timestamp (660.0593ms)
✔ unchanged-close deduplication still commits changed view settings and private recovery data (972.6087ms)
✔ repeated close after an intentional draft shrink preserves the complete already-confirmed smaller snapshot (660.9517ms)
✔ close drains a newer queued save and acknowledges its exact bytes instead of rejecting supersession (6.2496ms)
✔ close waits for a newer workspace receipt queued during private recovery flush (confirmed) (1.7922ms)
✔ close waits for a newer workspace receipt queued during private recovery flush (failed) (1.8954ms)
✔ close refuses a newer failed receipt even if its own earlier save succeeded (1.0609ms)
✔ unchanged editor notifications cannot erase the completed Docs link result (16.2877ms)
✔ actual new draft metrics and new stored version replace old action feedback (1.1069ms)
✔ paused disposed and stale editor callbacks cannot publish or erase status (2.8247ms)
✔ finite shared commands preserve read-only, paused, saving and fenced mutation guards (1.0354ms)
✔ native target catalog returns only bounded matching row metadata and content CAS tokens (796.7376ms)
✔ unlinked Code lists selected-project documents as metadata only and creates through real native owner proof (1157.9359ms)
✔ explicit native link proves the real source commit, preserves historical bytes and refuses stale Docs CAS (1435.9802ms)
✔ finite Code-only boundary rejects Docs, subframes, pinned versions, Lock, paused owner and readonly admission (874.6585ms)
✔ strict target request rejects inherited fields, getters, paths and over-budget offsets before mutation (760.7873ms)
✔ pagination is bounded to 64 metadata targets and oversized catalog refuses rather than truncates silently (1177.4915ms)
✔ new document catalog pages130 choices without private content and refuses forged new-row authority (1128.2944ms)
✔ actual main mounts explicit Code/Docs channel, refuses readonly, refreshes selected native metadata only after a genuine manifest commit (1794.7496ms)
✔ satellite preload exposes only finite explicit link methods and never a Docs snapshot or transition nonce (3.6276ms)
✔ source-backed Code editor build exists (1.0005ms)
✔ editor bundle is local, deterministic, retains notices and uses the frozen patched Python grammar (1088.4021ms)
✔ trusted multiline beforeinput preserves blank LF at EOF as one ordinary undoable typed transaction (4.5763ms)
✔ composition, untrusted/noncancelable events, single-line input, paste and disabled/read-only editing retain their existing handlers (1.3179ms)
✔ normal selection replacement and multiple blank lines use exact state offsets and retain Unicode (0.6973ms)
✔ read-only toolbar focus retains selected range against delayed DOM selection after theme repaint (2.4541ms)
✔ pointer, keyboard, exact map navigation and writable selections remain available (1.1499ms)
✔ Code view lifecycle exists (0.7384ms)
✔ flushView freezes first and drains all accepted editor edits before the downstream client (1158.5722ms)
✔ failed flush retains optimistic text and cannot become a prepared or resumed view (357.959ms)
✔ readonly view drains without a synthetic commit acknowledgement (386.128ms)
✔ disposal while native work is pending never prepares a retired view (424.5304ms)
✔ a save observer admitting another edit cannot make incomplete local text look prepared (671.911ms)
✔ Presenter edits only its own diagram; native Diagram plays only its exact saved version without transporting private content (562.9655ms)
✔ forged peer/deck routes, stale save proofs, Audience writes and readonly/Lock/pending retirement cannot open editable content (1239.5445ms)
✔ desktop module entry cannot start a delayed legacy tour, while manual and standalone tours remain available (2.3666ms)
✔ manual diagnostics are an allowlist with no project labels, source, account identity, path or credentials (1.4565ms)
✔ diagnostic leakage admission rejects planted fields and token-like text even under an allowed runtime field (0.5611ms)
✔ CI executes native Diagram Inspector and filters and copied original harness, retaining bounded original receipts on failure (1.2929ms)
✔ CI rejects missing original execution, hidden copied failure or profile-wide evidence upload (2.3148ms)
✔ mounted Inspector pending fields refuse Save/history/source/Refresh/presentation and auto-refresh without dropping text (10.2897ms)
✔ common prepare refuses pending Inspector while hiding content; rollback restores fields; source/error invalidation retires selection (2.9783ms)
✔ annotation module and metadata contract belong to native Diagram only; overlays preserve preview height (4.2489ms)
✔ new annotation controls occupy overlay chrome without adding another preview toolbar row (0.7497ms)
✔ overlay controls and form content keep their pointer/wheel gestures instead of canvas capture or zoom (1.912ms)
✔ pending metadata survives repaint/invalidation/Lock rollback and guard never autoapplies (5.3054ms)
✔ Apply rejection retains exact invalid field and Cancel restores saved values (1.9472ms)
✔ readonly inspection does not delegate edits and unsupported imported values remain inert (1.4485ms)
✔ facets use exact Unicode values, AND across fields, OR within fields; reset preserves SVG and project (14.2291ms)
✔ projection uses numeric child paths, preserves source opacity, deduplicates nested unmatched groups (1.9807ms)
✔ unmatched semantic container with matching descendant is retained as context and reported (1.7936ms)
✔ target cap and eight-group cap are truthful, stale/disconnected groups cannot be edited (18.8773ms)
✔ toolbar pointerdown preserves active editor focus; pending selection/closing refuses (1.4183ms)
✔ local filters and selections isolate between controller instances and dispose removes only owned CSS (2.238ms)
✔ excluded long semantic IDs and protected inline opacity are reported as partial coverage (1.3576ms)
✔ computed readback reports author-stylesheet precedence instead of claiming all unmatched groups dim (1.1681ms)
✔ a repaint captures the potentially large diagram once, not once per facet value (0.8874ms)
✔ unsupported retained managed fields are immutable while valid fields on the same node remain editable (1.1143ms)
✔ disabled retained overlength values have bounded previews without rewriting the saved value (1.9307ms)
✔ working context with another editor pending is not mislabelled read only (1.3474ms)
✔ native textarea type is getter-only; Evidence mounts and preserves multiline input (1.4617ms)
✔ actual style adapter cap discloses admitted coverage even when upstream already truncated 251 IDs (15.6616ms)
✔ real Build controller selects rendered blocks, applies label/shape without automatic persistence and refuses stale fields (15.0823ms)
✔ tentative Add/Connect fields refuse Lock-style commit until explicitly applied or cancelled; new blocks retain original source (4.8395ms)
✔ Build edits actual block declarations and link endpoints without changing imported colours/frontmatter/comments or unselected nodes (12.8018ms)
✔ Build adds bounded new blocks/connections and direction, refuses collisions/unsupported diagram grammars and retains source (5.2635ms)
✔ append leaves FIFO before genuine working admission and leaves the origin grant/save intact (778.0753ms)
✔ same-operation concurrent requests and retry reuse one admitted window without reloading its draft (742.9348ms)
✔ Home empty entity grant may create, while Docs/Code and unknown methods cannot (654.5975ms)
✔ browse is bounded and allowed independently of creation; malformed options do not execute getters (452.8926ms)
✔ factory failure retains persistence and exact-operation retry opens it without another append (737.1373ms)
✔ later edited sibling opens current version while historical birth stays version one (967.4798ms)
✔ deleted sibling is not resurrected or opened by historical operation replay (756.8699ms)
✔ suspended factory cannot publish a new window after pause and rollback (542.1738ms)
✔ suspended factory cannot publish a new window after roster and rollback (642.2617ms)
✔ suspended factory cannot publish a new window after dispose and rollback (532.1753ms)
✔ admission or show failure destroys only its newly opened native surface and retains creation (772.6755ms)
✔ failed destruction is reported and fences native operation instead of losing the handle (630.9585ms)
✔ native domain exposes a separate catalogue append method (1.1534ms)
✔ append preserves the complete storage envelope, source references and opaque existing marker keys (681.4108ms)
✔ append preserves the complete state envelope, source references and opaque existing marker keys (472.7969ms)
✔ append preserves the complete direct envelope, source references and opaque existing marker keys (604.8989ms)
✔ B then C and exact retry append once each without overwriting markers or selecting old revisions (790.0843ms)
✔ creation replay after origin and new diagram edits keeps current versions and historical birth separate (1062.9869ms)
✔ replay of deleted creation acknowledges history but never resurrects or advertises current availability (768.5842ms)
✔ changed operation reuse and a foreign existing edit operation refuse without UUID or mutation (602.5281ms)
✔ arbitrary payload/getter/prototype/unknown entry refuses before allocation or evaluation (443.5813ms)
✔ malformed or duplicate raw diagrams containers refuse without normalizing unrelated saved data (2304.2614ms)
✔ a missing diagrams field is an explicit empty project case; desktop missing-primary bags are refused (1234.6679ms)
✔ imported matching-operation marker is opaque and cannot prove creation or trigger a second append (506.6857ms)
✔ missing selected parent history refuses replay rather than duplicating an existing creation (649.5936ms)
✔ validation rejection, schema1 and revocation before native selection preserve exact selected bytes (2341.5958ms)
✔ recovery failure truthfully acknowledges committed data as recovery-degraded and exact replay (628.6678ms)
✔ append-only count ceiling accepts9999→10000 and refuses10000→10001 without lowering read compatibility (1299.4136ms)
✔ selected ancestry read can enforce a native-only retained-record budget before reading extra files (530.4464ms)
✔ Home catalogue assets have exact local SRI/CSP and do not enlarge the inline startup (99.4297ms)
✔ new local resources reject queries, hashes, encoding aliases, traversal and unrelated assets (23.3205ms)
✔ CI runs real catalogue controls in development and isolated copied preview, retaining only scoped evidence (2.0397ms)
✔ CI rejects omitted copied execution, swallowed failure and profile-wide upload (3.4032ms)
✔ focus capture is idempotent, restores selection before releasing and preserves mounted pending fields (3.3557ms)
✔ successful separate opening does not steal focus; lease retires on genuine window return (1.8174ms)
✔ context change, pause, disposal and hidden Lock cannot restore private content (2.2225ms)
✔ composition prevents acquisition before focus moves and disabled contexts cannot acquire (0.5748ms)
✔ genuine origin focus returning before the create response restores its field when success closes the catalogue (0.5858ms)
✔ actual main channel tracks the full append AND suspended admission; private flush cannot create (749.0186ms)
✔ actual preload.cjs exposes only finite catalogue browse/create and no flushing identity (4.7561ms)
✔ actual windows/preload.cjs exposes only finite catalogue browse/create and no flushing identity (2.5808ms)
✔ full main-derived birth marker is verified independently of legitimate later diagram edits (641.4277ms)
✔ catalogue append is its own owner action and preserves a later origin save at its original version (766.0781ms)
✔ authentic empty-grant Home can append; Docs/Code/unadmitted Diagram and cloned grant cannot (535.7005ms)
✔ same-operation concurrent append requests serialize and create one retained entity (674.5318ms)
✔ a genuine private flush nonce never authorizes catalogue append (513.231ms)
✔ a queued append cannot revive after pause/resume while an earlier operation is suspended (522.5906ms)
✔ an intervening roster freeze and release permanently revokes a suspended append (380.9081ms)
✔ captured admission guards reject forged captures and do not revive after roster rollback (526.1116ms)
✔ finite owner projection refuses an adapter answer with extra private fields or invalid birth/current versions (444.6887ms)
✔ catalogue action consumes the existing owner queue request/byte budgets (986.1874ms)
✔ opening browses only a bounded page; selecting previews literal source without rendering, mutation or implicit creation (6.3621ms)
✔ opening moves keyboard focus to Cancel before loading; reopening an open catalogue does not steal an edited title focus (2.0468ms)
✔ creation sends only the selected entry, exact title and UUID; successful opening closes without restoring origin focus (2.8738ms)
✔ saved but unopened retains exact operation for deliberate retry and never reports that creation failed (2.1436ms)
✔ rejected and unsuccessful requests retain the exact operation, with no automatic retry (2.1582ms)
✔ changing selection or title after a failure creates a fresh operation, while repeated selection preserves it (2.224ms)
✔ busy creation blocks duplicate sends, title edits, selection and paging without queuing future work (2.0223ms)
✔ paging replaces rows instead of accumulating sources; filters reset to the first page and show honest group labels (4.7228ms)
✔ read-only browsing explains creation restrictions and cannot send a forged click (1.7165ms)
✔ invalid title never mutates; blank resets to a useful selected title and overlong or malformed title is refused (1.9372ms)
✔ cancel invalidates pending replies and clears private source; a later open cannot be closed by the old mutation (1.8938ms)
✔ pause and dispose reject stale page responses, remove listeners, clear all private previews and never restore focus (1.9978ms)
✔ permission revocation rejects late mutation results and prevents new operations until root pauses or closes (1.7881ms)
✔ malformed or oversized pages and duplicate rows are refused before their contents reach the preview (6.2366ms)
✔ failed browsing remains retryable without exposing errors or automatically fetching again (1.0541ms)
✔ saved but unavailable is distinguished from failure and malformed success cannot navigate or close (3.0985ms)
✔ Escape cancels exactly once, repeated open adds no listeners or fetch and each view owns its private controls (2.5589ms)
✔ reopening after pause or cancel keeps a single host class and a bounded listener set (3.2564ms)
✔ reselecting an already saved entry retains its saved/open-failed explanation and exact retry (1.9565ms)
✔ editing a title during read-only browsing retains the read-only explanation (2.4068ms)
✔ all real frozen catalogue rows retain exact source and finite page behavior in the actual renderer controller (4.8074ms)
✔ trusted future catalogue additions enforce the actual newline budget in the shared factory (4.6232ms)
✔ catalogue exposes deeply frozen finite data with explicit reference provenance (0.6654ms)
✔ all literal catalogue sources match the frozen HTML exactly without executing it (43.9616ms)
✔ bounded catalogue pages retain exact ordered entries without omission or duplication (1.5015ms)
✔ starter/template filters use catalogue positions and independent finite cursors (0.5927ms)
✔ unknown, malformed, prototype-like and non-scalar IDs never resolve as catalogue entries (1.3933ms)
✔ page rejects unbounded or descriptor-backed options without running getters (0.5447ms)
✔ creation request retains literal Unicode title and operation identity without taking source authority (0.5328ms)
✔ creation refuses extra authority, inheritance, getters and symbols without coercion (0.5448ms)
✔ creation validates finite title, operation identity and allowlisted entry without normalization (0.8152ms)
✔ capability notes distinguish source editing from semantic mouse authoring without claiming render evidence (0.5743ms)
✔ every advertised source fits honest immutable catalogue budgets (0.351ms)
✔ browser injection uses the identical self-contained factory with inert literal sources (4.0487ms)
✔ source and style changes save as one exact typed transaction; no style edit can escape readonly/pending/conflict fences (12.5217ms)
✔ working Diagram sends source-only typed CAS and accepts only exact source/entity/version/hash receipts (5.9573ms)
✔ stale Diagram saves retain and fence local source; frozen validation refusal remains correctable without a blind fresh-version retry (2.1169ms)
✔ Diagram Lock waits its real pending save, rollback releases input state and a late refused receipt cannot clear local source (0.8866ms)
✔ a failed client hash check cannot report a successful save or silently permit a new operation after uncertain commit (0.8168ms)
✔ only a clean preparing Diagram may reread its exact newer native entity before flush; dirty conflicts retain their original source (4.1225ms)
✔ a queued same-diagram save between clean read and flush permits one read-only recapture, never a blind mutation retry (2.3805ms)
✔ native diagram engine carries exact pinned Mermaid/ELK scripts and notices without the full application startup (3624.995ms)
✔ tampered frozen input cannot emit a native diagram engine or substitute an external-host build (17.0734ms)
✔ native Diagram builds only the frozen engines and selected view with exact CSP script identities (5078.0977ms)
✔ isolated SVG entry freezes style and engine fragments with exact CSP hashes and no full application or preload startup (1367.0598ms)
✔ guided lease retains valid pending DOM/value/selection and restores before release (13.4473ms)
✔ guided lease retains invalid error and explicit prepare commit still refuses (4.1788ms)
✔ guided explicit commit applies exactly once while leased and retire never applies (4.0123ms)
✔ guided changed context/source and disposed controller never restore old focus (6.7073ms)
✔ guided actual composition lifecycle refuses acquisition and commit until completion (2.864ms)
✔ style lease retains valid pending DOM/value/selection and restores before release (3.1592ms)
✔ style lease retains invalid error and explicit prepare commit still refuses (4.4118ms)
✔ style explicit commit applies exactly once while leased and retire never applies (2.3446ms)
✔ style changed context/source and disposed controller never restore old focus (5.4492ms)
✔ style actual composition lifecycle refuses acquisition and commit until completion (1.751ms)
✔ Guided choice change is suspended but explicit Escape cancels with no draft mutation (4.2339ms)
✔ Style target and colour changes during lease cannot apply pending text or mutate colours (2.7296ms)
✔ disposed Guided field cannot apply retained private input through a late blur (2.2222ms)
✔ guided suspended private or disabled field refuses restoration without focus (6.0952ms)
✔ style suspended private or disabled field refuses restoration without focus (5.4936ms)
✔ Style repaint during external focus cannot replace live colour preview or field error DOM (2.4064ms)
✔ guided equal-source replacement cannot apply retained pending input after refused lease restoration (2.779ms)
✔ guided explicit commit and repaint refuse old private fields in equal-source replacement context (3.738ms)
✔ style equal-source replacement cannot apply retained pending input after refused lease restoration (2.1514ms)
✔ style explicit commit and repaint refuse old private fields in equal-source replacement context (3.8655ms)
✔ Guided blur applies once without stealing external control focus; keyboard and explicit commit return focus to the chip (17.6205ms)
✔ real Guided controller retains invalid, stale and refused fields across repaint/pause; Escape cancels without changing source (8.9786ms)
✔ actual Guided inline field commits once and preserves every other line; readonly never opens an editor (3.3856ms)
✔ actual Guided mounts at most 64 rows and keeps a tentative field when source notification tries to repaint (3.0764ms)
✔ frozen Guided parses flowchart chips/inline labels while preserving complete CRLF, frontmatter and unknown syntax (180.7927ms)
✔ Guided single-field edits preserve imported colour lines and unrelated labels and escape executable/literal input (148.6089ms)
✔ other diagram grammars remain exact raw rows; long/ambiguous chains fall back and finite source budgets refuse (153.2312ms)
✔ Diagram history native and genuine copied-package regression run and retain bounded original receipts on failure (2.3758ms)
✔ Diagram history CI refuses missing copied execution/retention and profiles or exported data capture (4.9468ms)
✔ mounted Undo/Redo/History use actual bounded draft and refuse pending fields without discarding source (6.8213ms)
✔ semantic source Ctrl+Z/Shift+Z/Y respects focused fields, composition, modifiers and repeated keydown without browser divergence (2.0861ms)
✔ complete source/style history restores exact optional fields after Save using current CAS and preserves presentation edits (16.0796ms)
✔ typing coalesces within750ms, equal input creates no step, structured edits and Save seal typing, new input truncates redo (3.2175ms)
✔ 60state/8MiB UTF8 history evicts oldest states without truncating current work, oversized state clears undo safely (189.8123ms)
✔ readonly/pending/fenced/paused/disposed history commands cannot mutate; failed validation remains correctable (6.0838ms)
✔ new saved version adopted during preparing resets local history; same saved content retains it on rollback (3.5648ms)
✔ CI runs real layout controls in development and isolated copied preview, retaining only scoped evidence (2.6488ms)
✔ CI rejects omitted copied execution, swallowed failure and profile-wide upload (4.7677ms)
✔ CI rejects omitted or duplicated utility execution and missing utility result retention (2.5388ms)
✔ actual common render adapter applies explicit fallback without mutating source colours or automatic defaults (11.9817ms)
✔ actual draft tracks layout in local history and saves it with exact source in one typed transaction (9.8386ms)
✔ native request boundary refuses unknown layout choices and typed history removal admits only the finite field (4.8643ms)
✔ native layout accepts only finite explicit choices and preserves unsupported imported values (1.6329ms)
✔ source layout and scoped renderer declarations own layout; comments, labels and palette do not (0.4527ms)
✔ automatic and unsupported grammars never force a different Mermaid default (0.2547ms)
✔ contract refuses descriptor tricks without running getter or mutating prototype (0.2886ms)
✔ metadata no-op and rejected fields preserve original absence, clean status and history (5.7863ms)
✔ one finite annotation delta is undoable while opaque source pointers and other nodes stay exact (4.8703ms)
✔ source/style/annotations save in one current CAS and Undo after Save restores optional metadata absence (10.1358ms)
✔ readonly/pending/fenced/paused/disposed annotation writes refuse and preserve local data (4.917ms)
✔ annotation history observes existing state/byte budgets and equal updates do not create steps (9.6948ms)
✔ retained unsupported managed objects/scalars cannot be overwritten, cleared or reset; valid sibling fields stay editable (5.9911ms)
✔ production hidden helper refuses managed-field pointer replacement/removal without relaxing arbitrary invalid renderer input (4.5258ms)
✔ actual native owner refuses managed pointer/scalar loss and whole metadata reset even with permissive external validator (593.8404ms)
✔ draft refuses unsupported-field correction before it can create an unsavable historical state (4.5491ms)
✔ actual isolated domain helper validates metadata deltas without the lossy general import sanitizer (10.4973ms)
✔ finite metadata edit preserves opaque nested source pointers and unrelated node data exactly (6.1818ms)
✔ strict field ceilings and status values reject overflow/coercion without partial mutation (2.9797ms)
✔ empty edits preserve optional absence and clearing deletes only managed keys (0.3942ms)
✔ prototype-name semantic IDs create own data without prototype writes (0.4198ms)
✔ untrusted descriptors, non-data input and malformed identities refuse without executing accessors (0.5233ms)
✔ bounded maps and exact Unicode values do not normalize retained data or silently widen budgets (38.9309ms)
✔ managed block typography validates with actual frozen sanitizer while preserving opaque sibling data exactly (3.1242ms)
✔ new node entries retain actual aggregate frozen admission and reject invalid empty node keys (17.4714ms)
✔ prototype-named nodes use own data for first style and deletion; sanitizer prototype writes never grant admission (0.4693ms)
✔ CI runs actual endpoint transport in development and copied preview with scoped evidence (2.1448ms)
✔ CI refuses a missing copy, swallowed native exit or profile-wide evidence (3.8552ms)
✔ pan applies the genuine release endpoint even without an intervening pointermove (10.839ms)
✔ pan release consumes its final endpoint after an earlier coalesced move and does not drift on a click (2.6347ms)
✔ foreign pointer release/cancel/lost-capture cannot terminate the owning pan (6.5737ms)
✔ matching cancellation/lost-capture ends the pan without applying an invented release endpoint (4.3568ms)
✔ private prepare retires pan before a late release and later rollback does not restore a drag (3.2945ms)
✔ actual Diagram controller waits for its native placement before reading or exposing content (12.1634ms)
✔ foreign or invalid shelf placement never admits Diagram source readiness (6.9494ms)
✔ placement arriving during pause or after retirement cannot start a source read (6.207ms)
✔ actual Diagram preload has finite editor commands, private draining nonce and strictly numeric metadata notifications (9.6512ms)
✔ Mermaid/style and finite deck edits form one exact save preserving opaque cards and private notes (13.902ms)
✔ deck mutations cannot escape readonly, preparation, conflict or invalid-operation fences (6.0095ms)
✔ native Mermaid protects its security policy and finite renderer budgets from imported init directives (274.9055ms)
✔ edit-intent invalidation fences an old in-flight render before a debounced replacement starts (5.3178ms)
✔ fresh/local preview receives exact corresponding metadata without changing the saved context (1.3653ms)
✔ working Diagram previews local source without rereading or changing its saved context, and Lock fences late local SVG (1.5035ms)
✔ native Diagram retains exact imported source and preserves it when Mermaid rejects syntax (1.2589ms)
✔ Lock fences pending SVG and reads; rollback permits a fresh render without publishing private late results (9.0381ms)
✔ competing refreshes publish only the newest read and disposal refuses all further access (1.5982ms)
✔ layout control uses explicit finite local choices and leaves pending invalid style fields intact (7.6765ms)
✔ layout picker explains source ownership and unsupported types without overriding saved data (3.5617ms)
✔ pending style fields survive source repaint; invalid font size cannot be lost, saved or flushed; Escape cancels it (2.275ms)
✔ readonly and source-owned colours cannot be changed through the actual optional controller; stable B targets remain editable (3.8031ms)
✔ global and block typography edit without implicit Save; inheritance removes fields and retains colours/siblings (3.9454ms)
✔ invalid block size survives refused target switch; source-owned typography and readonly controls remain disabled (5.1485ms)
✔ changing an admitted font preserves existing opaque block metadata and refuses new or changed opaque fields (4.2506ms)
✔ absent global typography shows Theme default and stays absent until explicitly edited (2.4266ms)
✔ source global font ownership disables controls even when no stable block targets exist (1.9275ms)
✔ an inherited block size without metadata stays blank until the user explicitly enables a size (3.6079ms)
✔ surface provenance keeps exact source hex colours and refuses invalid CSS or contextual/resource values (21.9189ms)
✔ frozen Mermaid-resolved provenance preserves declared colours, paints only exact matching blocks and retains class/own precedence (4.5785ms)
✔ imported theme palettes and font declarations stay in Mermaid control; unrendered/unsafe metadata never creates targets or CSS (4.428ms)
✔ strict Mermaid render prefixes map by exact DB DOM identity; near matches never receive another block style (1.9089ms)
✔ source node and global weight declarations prevent global/root and block typography overrides (2.9697ms)
✔ actual extracted Mermaid node CSS provenance identifies family/size/weight and keeps its rendered text untouched (1.7745ms)
✔ isolated SVG utility denies preload, privileges, navigation/network and joins actual native destruction (31.2449ms)
✔ wrong bytes, revoked scope or oversized native input create no utility (44.595ms)
✔ changed entry or substituted frame refuses SVG publication and destroys utility (27.9541ms)
✔ cancel/deadline reject late work and private/oversized output cannot become an SVG receipt (95.164ms)
✔ successful SVG render waits for separate webContents destruction (37.5087ms)
✔ CI executes native Diagram walkthrough and copied original harness, retaining bounded original receipts on failure (2.3442ms)
✔ CI rejects missing original execution, hidden copied failure or profile-wide evidence upload (4.1205ms)
✔ real native controller mounts readonly-safe browsing and retires target authority at every edit intent (16.0896ms)
✔ Refresh retires before placement resolves; common prepare/disposal clear browsing before async work (6.3622ms)
✔ walkthrough asset is scoped to native Diagram, decoration stays outside SVG and uses shared theme (25.3562ms)
✔ semantic multi-group nodes count once, traverse locally and never mutate SVG/source fields (3.9296ms)
✔ admission, captions and geometry are bounded and disconnected or foreign groups are refused (5.4932ms)
✔ invalidated, paused, hidden and disposed views cannot navigate or revive stale targets (1.5708ms)
✔ only focused walkthrough controls own navigation keys; editor/composition/modifiers remain untouched (1.7107ms)
✔ overlay follows actual viewport scaling and geometry without changing node attributes (1.294ms)
✔ pointer browsing preserves focused valid pending form input instead of causing blur-change commits (1.5238ms)
✔ actual SVG outer rows preserve wrapped Unicode words and inline spans remain a single word (1.851ms)
✔ 250-entry caption discloses the shown set rather than claiming the full diagram count (2.2596ms)
✔ CI runs actual Docs Activity in development and genuine copied package with bounded failure evidence (2.4882ms)
✔ CI rejects missing copied Activity, swallowed exit and profile-wide upload (4.0775ms)
✔ Activity compares an explicit saved or working target and reveals lazy editor blocks without repaint or save (32.3731ms)
✔ verified Save replaces Activity saved context once and keeps archived records exact (28.7689ms)
✔ save conflict retains original saved Activity context and exact unsaved editor content (24.0286ms)
✔ Lock preparation pauses Activity and verified flush updates its context on resume (23.4731ms)
✔ readonly Docs exposes Activity and exact reader jump without granting working comparison or writes (9.2968ms)
✔ actual Activity regains saved admission after pending Refresh is retired by preparation and rollback (7.8333ms)
✔ compact readonly disclosure uses inert recorded rows and preserves mounted editor focus/selection (5.5433ms)
✔ comment filters retain original source positions and unsupported resolution is not open or resolved (3.4099ms)
✔ pagination advances original source cursor after bounded filtered scan and reports limits honestly (2.8387ms)
✔ exact block jump callback is readonly-safe; failure says refused and cannot mutate recorded data (8.2463ms)
✔ revision comparison explicitly selects saved or unsaved working target and paginates at most20 rows (5.8131ms)
✔ comparison refusal and malformed record containers expose explicit limited/unavailable state (2.7303ms)
✔ review and releases display recorded provenance without verified approval claims (1.8533ms)
✔ pause, context replacement, invalidation and disposal fence late comparison callbacks and clear private DOM (8.3618ms)
✔ disabled state refuses actions and dirty update invalidates a pending working comparison (2.1296ms)
✔ clean working comparison does not invent unsaved changes and native controls retain keyboard focus (2.5474ms)
✔ one pending callback, throw/refusal and bounded excerpts never report a successful jump or equality (3.4587ms)
✔ comparison maximum512 rows stays paged20 and context replacement retires already-captured handlers (6.419ms)
✔ detached old controls cannot act on a newly admitted document or a replaced local page (3.0591ms)
✔ comments preserve original positions and require actual boolean resolution (5.5267ms)
✔ pagination scans a finite source range without claiming a filtered total (0.9296ms)
✔ all page output budgets are finite and inert with explicit scalar excerpts (1.6685ms)
✔ unsupported entry notices count toward the exact aggregate page budget (0.5299ms)
✔ malformed record containers and invalid options refuse rather than invent data (0.4106ms)
✔ revision rows retain exact positions and disclose complete comparison availability (0.3805ms)
✔ recorded review combines top-level file provenance, trail and releases without merging (0.4869ms)
✔ frozen review and release field names expose recorded details and fingerprints (0.5252ms)
✔ projection never invokes imported getters or coercion (0.4742ms)
✔ comparison is exact over formatting, opaque fields, images and source pointer values (2.1148ms)
✔ canonical key order is equal and reorder remains a real difference (0.784ms)
✔ added removed and malicious valid identifiers retain exact identity (0.7748ms)
✔ invalid duplicate Unicode and absent identities never yield partial equality (0.5778ms)
✔ complete comparison refuses oversized blocks, bytes, nodes and depth (16.9711ms)
✔ complete comparison refuses accessors, cycles, non JSON values and container anomalies (0.7556ms)
✔ locate proves uniqueness within the whole finite range and never normalizes IDs (1.1582ms)
✔ browser injection uses the same finite model without runtime imports (3.0406ms)
✔ body and context share history and one exact save acknowledgement with preserved provenance (13.1026ms)
✔ returning context to original clears dirtiness; readonly and conflicting views cannot mutate or falsely save (11.6067ms)
✔ finite context changes retain unknown agent fields, review, releases, blocks and unsupported references (2.6217ms)
✔ whole saved references add and remove by exact kind/id, preserving unrelated opaque records (3.0568ms)
✔ context normalization rejects arbitrary approval, paths, extra nested fields, overlimits and accessors without invoking them (0.5223ms)
✔ ordinary Docs Save preserves Undo and Redo against the newly saved baseline (14.2449ms)
✔ local Docs history groups typing, preserves original blocks and metadata, and refuses paused or uncertain edits (2.8792ms)
✔ Docs history stays bounded for large content and resets when a clean view adopts an external saved document (22.2551ms)
✔ Docs rejects a well-shaped save receipt with the wrong complete entity hash and fences uncertain commit exceptions (3.7075ms)
✔ clean Docs preparation can recapture one concurrent saved document; dirty conflict never adopts someone else’s text or retries a mutation (3.1457ms)
✔ Docs draft changes only local title/blocks; explicit atomic save binds exact document/version and preserves metadata (2.846ms)
✔ conflicting or fabricated Docs acknowledgement retains exact local text and does not invent saved success (3.6073ms)
✔ Docs finite prepare pauses input, saves unsaved content and flushes its actual latest token before success (2.5344ms)
✔ native rollback during a pending save releases the pause without admitting edits or dropping refused local text (2.4878ms)
✔ Docs native and genuine copied-package regression run and retain bounded original receipts on failure (2.6846ms)
✔ Docs CI refuses missing copied execution/retention and profiles or exported data capture (5.4725ms)
✔ actual Docs export main handler tracks the real promise and rejects all transition fences before invoking service (2.6149ms)
✔ actual all-window preparation pauses, drains and checks Docs exporter before issuing quiescence (2.7683ms)
✔ actual native retirement refuses uncertain Docs cleanup instead of proceeding to view destruction (1.6045ms)
✔ document export parser is shipped with exact existing runtime versions and actual license notices (1987.3013ms)
✔ actual native Docs export preload has only finite delivery/reveal and never borrows a private flush ticket (8.3379ms)
✔ Docs export picker explains dirty saved-only semantics, cancels without IPC and submits only finite expected identity (8.8311ms)
✔ pending export is unique and prepare hides/joins it; late completion cannot restore receipt after resume (2.0168ms)
✔ stale/refused or malformed saved receipt never shows file or implies draft saved (3.5696ms)
✔ unready or disposed Docs refuses picker; disposal removes handlers and cached receipt (1.4735ms)
✔ Enter on Cancel or format selection never triggers a saved-document export (1.518ms)
✔ raster inspection accepts a bounded PNG and rejects remote, executable, spoofed, corrupt and oversized inputs (1.9951ms)
✔ image edits preserve opaque imported fields and refuse invalid changes atomically (1.5812ms)
✔ JPEG SOF dimensions reject decompression-sized rasters before assigning an image source (1.2291ms)
✔ a late decoded image cannot stage after Lock or overwrite a newer draft edit (7.7382ms)
✔ a source-only document keeps its existing source outline instead of gaining an empty reading page (7.1242ms)
✔ exact jump beyond the first page appends blocks and keeps existing mounted content (3.763ms)
✔ duplicate missing invalid and over-limit jumps refuse before mounting additional blocks (3.5391ms)
✔ source-only rendering stays empty until an explicit unknown-block jump creates a labelled anchor (1.0716ms)
✔ own Docs discovers bounded metadata only and opens only its exact saved reference/version (666.3004ms)
✔ references reject forged targets, stale versions, getters, private preparation and lock without opening peers (733.411ms)
✔ pending reference discovery cannot publish after lock or current document replacement (786.4319ms)
✔ rich editing accepts inert formatting and original palette classes while preserving the original block until editing (10.7569ms)
✔ unsupported attributes, executable/resource HTML and oversized/deep rich blocks stay preserved rather than converted (5.0442ms)
✔ actual main opens a genuine saved Docs pointer in readonly Code, tracks lifecycle and rejects Lock without a window (852.3518ms)
✔ satellite preload exposes one finite Docs source opener without copying the private flush nonce (5.0374ms)
✔ Docs preview returns bounded exact historical source pages and disposes readers without opening or saving (1342.0755ms)
✔ Docs preview refuses malformed ranges, borrowed caller authority and payload getters before source reads (837.466ms)
✔ Docs preview cannot publish text read before Lock and closes the genuine held reader (877.8082ms)
✔ Docs preview reserves a finite whole-operation budget and releases it after refused held requests (788.223ms)
✔ Docs preview retains exact Unicode boundaries, empty EOF and refuses a changed document before publication (1092.543ms)
✔ Docs opens only its genuine saved source version as a pinned immutable Code window, preserving newer head and project (1219.0031ms)
✔ Docs opener rejects caller identity, getters, foreign frames/roles and private drain nonce before source access (740.0772ms)
✔ actual changed Docs or revoked native owner during source verification refuses opening and preserves both entities (808.9404ms)
✔ late document change while native window is prepared destroys only the new hidden Code window (951.793ms)
✔ a duplicate knowledge row refuses a Code grant (1016.5739ms)
✔ manifest refuses unknown Docs pointers and forged hashes before source-opening admission (2121.1918ms)
✔ native source readback mismatch refuses window creation (832.3149ms)
✔ failed native publication destroys the new window and leaves existing work untouched (690.9498ms)
✔ structured table pages are lazy and bounded, literal edits retain off-page values, role and exact other blocks (28.0473ms)
✔ newly added sections retain their focused live input after the asynchronous details toggle (1.6334ms)
✔ structured mutations refuse pending, paused, fenced, revoked and stale block controls; malformed text does not become a draft (1.6986ms)
✔ row and column changes keep exact rectangular shape, retained data and confirmation cancellation (3.5417ms)
✔ prompt controls edit literal documentation and preserve exact history and dates; checklist and settings remain bounded (6.8207ms)
✔ new structured sections have exact frozen canonical defaults, no source/agent/history authority and independent mutable payloads (1.8729ms)
✔ editable canonical shapes remain bounded and refuse opaque provenance rather than silently dropping it (2.2696ms)
✔ JSON archive preserves exact saved data and actual CAS/hash with honest references-only metadata (4.9338ms)
✔ standalone HTML renders normal rich content, keeps exact archival appendix and has no active/external resources (16.3291ms)
✔ unsafe and unknown rich structures remain escaped preserved data without executing markup (10.7958ms)
✔ Markdown escapes table/fence controls and includes a complete indented JSON archive (2.8428ms)
✔ mismatched identity, malformed input, accessors, depth/node and read/output budgets refuse without coercion (1295.8353ms)
✔ complex rich blocks stop finite traversal and preserve full exact input in the appendix (50.8264ms)
✔ jagged tables preflight aggregate rendered cells before Markdown padding; HTML never builds unused padded Markdown (26.8891ms)
✔ lone CR cannot escape Markdown prompt/rich-fallback indentation into active HTML in the actual existing Markdown parser (118.0592ms)
✔ scoped domain repository and strict intent validator exist (1.6387ms)
✔ Docs body and finite context commit once with exact opaque metadata and same-project reference admission (724.5205ms)
✔ finite Diagram resetStyleFields deletes exact admitted optional keys under current CAS and never persists controls or erases siblings (782.9267ms)
✔ typed presentation/source/style transaction persists once and rejects stale or ambiguous edits without replacing project context (712.6167ms)
✔ finite layout saves and removes once against real manifest ancestry while preserving source/context and refusing stale replay (809.6591ms)
✔ different diagrams and Docs from one original revision preserve every unrelated field and source ref (767.3099ms)
✔ same entity conflicts retain the selected version; duplicates return actual selected historical receipts (717.0318ms)
✔ native validation refuses rather than silently normalizing or replacing imported colors (457.9318ms)
✔ one Diagram source/style transaction commits once, preserves all other metadata and refuses stale/unknown fields (571.3716ms)
✔ Docs replacement preserves linked source pointers, release provenance and exact independently expected content (656.6776ms)
✔ one Docs content transaction changes title and blocks atomically while retaining agent/releases/other entities (650.1329ms)
✔ getters, prototype authority, unknown fields, oversize and sparse blocks are refused before user code executes (435.1187ms)
✔ revocation during validation or native selection cannot publish an edited document or successful receipt (1196.8083ms)
✔ read and flush verify the current entity version and never claim an old version is the latest (741.9033ms)
✔ checkpoint failure returns recovery-degraded instead of a false committed acknowledgement (714.7133ms)
✔ one native owner serializes document edits and finite flushes preserve both independent changes (798.109ms)
✔ native role/entity/access and result projection refuse cross-document or fabricated persistence (882.9761ms)
✔ complete Docs roster uses native seals and latest document tokens before prepared authority (605.2242ms)
✔ a missing document flush or a changed document is not established by earlier domain commits (903.0519ms)
✔ read result digest must describe the exact entity delivered to the renderer (427.7308ms)
✔ a clean preparing peer may seal one exact conflict/read/flush recapture after the other native Diagram saves (896.2612ms)
✔ failed mutations and unverified or repeated flush conflicts cannot be hidden by a later successful native receipt (2409.9963ms)
✔ the same bounded clean recapture binds Docs to the full saved document hash, not its old token (795.2489ms)
✔ whole block-style reset cannot erase imported opaque fields even with a permissive value validator (529.2648ms)
✔ finite metadata edits retain opaque source pointers, siblings and exact CAS; even permissive validation cannot erase or forge unknowns (521.7462ms)
✔ metadata history reset removes only safe managed data and accepts all seven finite reset names (468.303ms)
✔ Diagram typed removal controls are never sent to frozen style validator; reset-only still validates source and added fields (6.4577ms)
✔ one Diagram content mutation requires both original source/style validators and disposal before admission (2.1506ms)
✔ owned content validation uses both frozen validators and disposes on every result without accepting normalization (0.6321ms)
✔ native validation revocation, exception and disposal failure cannot authorize a domain save (0.6771ms)
✔ Code editor persistence adapter exists (1.5094ms)
✔ a reopened clean working view replays its verified commit after another window advances without rewinding latest (834.4996ms)
✔ summary metrics track exact local Unicode bytes/lines while source identity advances only on native acknowledgement (655.891ms)
✔ view pause freezes upstream admission while all earlier multi-range edits reach the source commit (1253.9933ms)
✔ pausing downstream first cannot falsely acknowledge an upstream editor queue as saved (308.5824ms)
✔ pause retains local text and refuses resumed editing when an accepted native write fails (279.1561ms)
✔ pause aborts an incomplete load and never reports it as a prepared view (321.3533ms)
✔ readonly pause preserves selection without pretending to commit and disposal cannot resume (287.2963ms)
✔ verified CM document and LF transaction parsing preserve BOM, literal CR and source offsets (669.1333ms)
✔ one multi-range transaction persists shifted UTF16 offsets in order and advances each receipt (733.1927ms)
✔ flush awaits actual in-flight durable edits, blocks new edits and coalesces callers (736.2277ms)
✔ a native edit refusal retains every local edit, fences subsequent edits and never commits (289.2279ms)
✔ split emoji and malformed insert are refused before changing document or native source (360.6887ms)
✔ readonly state rejects changes but permits selection without durable writes (339.0208ms)
✔ native receipt after client reset cannot mark retained optimistic text as saved (413.118ms)
✔ disposal aborts in-flight open and cannot resurrect an editor document (334.6569ms)
✔ real history undo and redo persist the complete expected source through native receipts (934.8122ms)
✔ open completion observer reset cannot publish an obsolete success (355.2687ms)
✔ flush completion observer reset preserves the commit but refuses obsolete UI success (677.6205ms)
✔ open completion observer dispose cannot publish an obsolete success (380.2552ms)
✔ flush completion observer dispose preserves the commit but refuses obsolete UI success (1088.8577ms)
✔ a final-size-valid transaction refuses an over-budget intermediate native source before any prefix (0.6086ms)
✔ client disposal by the first completed-status observer suppresses later ready notifications (337.7097ms)
✔ failed source loading exposes its refusal status without falsely announcing a ready document (275.6765ms)
✔ shipped manual is finite, immutable and tied to real source files (11.4305ms)
✔ catalog refuses duplicate article and scoped mapping identities (1.5833ms)
✔ catalog rejects dangling relations, executable fields, getters and oversized prose without invoking getters (3.4856ms)
✔ non-enumerable required fields cannot disappear when a validated catalog is snapshotted (2.7334ms)
✔ flow bounds and references refuse cycles, duplicate nodes and excessive data (4.3957ms)
✔ partial export and opening failure never imply that a committed result disappeared (0.506ms)
✔ every shipped exact mapped code occurs in at least one referenced source (13.403ms)
✔ CI executes actual Help in development and a verified portable copy and retains its failure evidence (2.2456ms)
✔ CI refuses missing Help, swallowed package exit, late execution and broad private uploads (5.8112ms)
✔ native F1 handler routes exact unmodified key once and consumes repeats without new authority (1.6754ms)
✔ native Help dispatches only a fixed command to the current registered origin (1.3613ms)
✔ native Help refuses absent, stale, Audience and asynchronous truthiness authority (1.4264ms)
✔ preloads expose only a fixed read-only Help event and unsubscribe cleanly (15.7749ms)
✔ exact namespace and operation select the meaning of reused codes (0.8474ms)
✔ unknown, arbitrary stdout, extra project text and non-data input never become diagnoses (0.2053ms)
✔ exact code and title rank ahead of prose, with deterministic local category search (10.9629ms)
✔ bounded search refuses malformed query and never interprets HTML or regex (0.4099ms)
✔ flow and catalog snapshots cannot be changed by the caller (2.6876ms)
✔ manual uses real catalog search, scoped diagnosis and local category filtering (74.8733ms)
✔ flow has finite interactive decisions, a text alternative and reset (17.6809ms)
✔ Escape closes, clears diagnosis and restores initiator focus; dispose cannot reopen (12.526ms)
✔ unavailable or retired context cannot reveal a panel or accept arbitrary metadata (13.589ms)
✔ callbacks retained from a retired dialog cannot change a newly opened article (17.1819ms)
✔ opening the manual without an error welcomes browsing instead of diagnosing an unknown failure (15.0887ms)
✔ Escape is consumed so a containing Presenter does not also leave fullscreen (12.5544ms)
✔ shared manual closes synchronously on cover and cannot reopen before native resume (12.8986ms)
✔ contextual error and static render help are finite, inert and retired on Lock (13.9887ms)
✔ cover and resume retire earlier error controls and refuse results captured before the transition (11.5319ms)
✔ delayed events from a closed dialog cannot close its replacement (13.4877ms)
✔ unknown structured error keeps only its bounded code visible without guessing a cause (13.3797ms)
✔ the actual Docs save callback cannot offer a diagnosis after native cover and resume (16.2947ms)
✔ repeated open is a single dialog with an unknown-identity explanation (12.1477ms)
✔ Home native regression runs once and retains its nested receipt even on failure (2.4166ms)
✔ Home CI admission rejects missing retention, blanket profile capture and package mislabeling (3.9946ms)
✔ Home exports internally selected saved classic bytes and returns only finite verified facts (168.0874ms)
✔ source-backed saved backup round-trips exact BOM CRLF Unicode and opaque history; private drafts stay outside it (818.4753ms)
✔ extra fields, accessor payloads, forged frames/URLs, locked or missing selection never read or publish (980.0036ms)
✔ readonly saved export remains available, cancellation is not success, and a completed operation releases its pending slot (112.6595ms)
✔ one pending Home export; Lock then unlock during saved read permanently revokes it (100.5509ms)
✔ base64 wire expansion over importer limit refuses before loading any source bytes (854.9741ms)
✔ source corruption cannot fall back to metadata-only output or open a chooser (825.7119ms)
✔ actual main Home registration publishes exact saved bytes through tracked writer, without legacy URL widening (174.2814ms)
✔ actual Home publication revocation at before-flush preserves existing destination and cleans pending bytes (140.9754ms)
✔ actual Home publication revocation at after-flush preserves existing destination and cleans pending bytes (188.3639ms)
✔ actual Home publication revocation at before-rename preserves existing destination and cleans pending bytes (131.727ms)
✔ accepted rename remains in actual drain until readback; Lock cannot relabel committed output as cancellation (142.1525ms)
✔ failed readback after accepted rename and revocation reports uncertain output rather than clean access refusal (143.6523ms)
✔ unanswered chooser is not a writes drain; returning to same project cannot revive it (164.2966ms)
✔ actual main cancellation and single pending chooser leave snapshot and output untouched (155.4582ms)
✔ actual destination write failure is distinguished from unavailable saved data (205.9169ms)
✔ unconfirmed cleanup remains a rejected actual drain rather than successful Lock (232.2374ms)
✔ home_never_reads_content_to_list_recents even a huge invalid pointer stays metadata only (320.1144ms)
✔ missing recent entries retain labels and timestamps with honest unavailable status (15.5976ms)
✔ cold owned projects have generic labels and no invented last-visited date (28.1843ms)
✔ recent summaries precede cold discovery without duplicate IDs or non-project files (36.3324ms)
✔ catalog strictly validates navigation input instead of projecting injected content (14.6073ms)
✔ empty data root has no fabricated project or disk writes (2.9947ms)
✔ incomplete or corrupt source-import markers cannot advertise a usable project (37.6966ms)
✔ Home native menu shortcuts route once to finite commands and disposal removes the listener (6.3993ms)
✔ Home commands cannot run behind PIN or a retired workspace; busy UI still permits native Lock (1.1348ms)
✔ actual Home export command invokes saved-backup bridge once, retains completion and never navigates (6.9248ms)
✔ Home cancellation stays cancellation and covered pending completion cannot repaint private status (1.8738ms)
✔ visible Home Lock remains enabled while backup waits for its native destination (1.5662ms)
✔ cross-project Continue opens its resolved document after genuine selection and returns only the native receipt (275.2721ms)
✔ missing entity, unavailable project and Lock during resolution leave the previous project untouched (777.5883ms)
✔ copied selection metadata cannot promote an old Home request into a new project window (297.6234ms)
✔ Continue for a saved native Diagram resolves and opens the exact entity in the selected project (301.579ms)
✔ Continue for a saved presentation resolves the exact deck and opens a Presenter, never Audience or raw source (180.5405ms)
✔ Continue validates missing/cross-project native Diagram before changing the selected project (586.7138ms)
✔ Home permits native PIN and update controls while refusing workspace envelopes and project bytes (1.2406ms)
✔ only the genuine App route can request Home, and locked access or extra fields refuse it (0.3827ms)
✔ actual native document handler prepares first and acknowledges durable same-project reselection with no new caller authority (614.8209ms)
✔ forged frame, caller identities, locked or readonly mode refuse before preparation and manifest writes (2181.1081ms)
✔ creation derives the genuinely saved post-preparation document rather than stale bootstrap content (872.4359ms)
✔ Lock at the actual document selector refuses selection and retains the complete original project (429.405ms)
✔ new document commits exactly one native identity with no invented agent/release and preserves every existing source, document and diagram (1309.3502ms)
✔ title request rejects extra authority, getters, invalid Unicode and length before any project write (897.3524ms)
✔ stale snapshot, classic project and revoked authority cannot add a document (1219.6469ms)
✔ access loss at the real atomic manifest selector retains the selected snapshot (872.2097ms)
✔ the finite 4096-document catalog refuses another document without changing sources or the selected manifest (1287.5607ms)
✔ empty readonly Recovery acknowledges a real retired frame and genuine native roster once (10.2798ms)
✔ copied native roster, URL-only mutation and loading Recovery cannot manufacture an acknowledgement (13.6942ms)
✔ normal no-project Home and Lock during a readonly transition cannot authorize Recovery (8.2886ms)
✔ entry URLs and native route contracts have one finite shared definition (0.9413ms)
✔ genuine Home activation grants no source/entity access and explicit App activation retains its native scope (2.9989ms)
✔ unknown entry, query, injected activation options and spoofed same-URL frames never activate a workspace (1.0776ms)
✔ Home readiness requires an explicit native expected URL; legacy default still requires App (0.8131ms)
✔ navigation away from a pending Home load refuses before invoking the PIN or route operation (0.6018ms)
✔ routes copy exact source references and never accept caller URLs, epochs or another surface source reference (1.3902ms)
✔ explicit null and accessor readiness/entry options are refused without invoking user code (1.5164ms)
✔ Home fixture admits exactly its five genuine local resources, including catalogue assets (5.1754ms)
✔ Home fixture continues to reject foreign, diagram, source and unexpected local requests (0.3343ms)
✔ actual fresh Home builder references every whitelisted asset with integrity, and no other external asset (1525.7174ms)
✔ Home is a bounded standalone entry with exact local script identities and no diagram initialization (1548.4059ms)
✔ actual native import service uses an isolated validator instead of executing the workspace renderer (381.7744ms)
✔ access change while hidden import validation is pending creates no project or checkpoint (107.5623ms)
✔ actual legacy native chooser restores an emitted source bundle into a distinct durable copy (1228.9605ms)
✔ legacy import scope is captured before chooser and revoked permanently by preparation epoch (144.4797ms)
✔ ordinary bundle import cannot bypass native readonly or recovery through private copy stores (1206.8963ms)
✔ actual Home import hands off to genuine durable native selection and saved recovery (298.1596ms)
✔ actual Home import uses a native chooser and isolated validator, returning metadata without source text (22.9666ms)
✔ Home import cancellation, extra identity fields and Lock during chooser do not select a project (39.1132ms)
✔ actual Home door selects a source-bundle copy with exact source bytes and saved checkpoint (1286.7536ms)
✔ Home copy cannot adopt a new epoch after Lock and rollback while its own preparation was pending (528.3161ms)
✔ actual Home open refuses an incomplete copy even when its selected manifest is readable (183.732ms)
✔ headless import build retains frozen validator/signoff and stops before workspace initialization (5268.6905ms)
✔ unrecognized baseline cannot overwrite an existing validator entry (51.3853ms)
✔ native import copies chosen bytes and disposes its isolated validator on success and failure (1.1469ms)
✔ native import refuses invalid UTF8 paths oversize or stale access before validator admission (0.9561ms)
✔ Lock during validation refuses publication and failed disposal never reports a valid import (0.2941ms)
✔ metadata-only Home has genuine native caller without a selected project or source grant (3.5691ms)
✔ same-origin forged sender subframe and non-exact URL cannot read Home (0.4883ms)
✔ locked Home request and an old grant after lock/unlock are refused (0.2465ms)
✔ Lock generation and frame replacement during asynchronous read suppress metadata (0.539ms)
✔ request getters extra fields inherited fields and unknown methods never dispatch (0.3778ms)
✔ Home result refuses content fields oversized lists or planted private values (0.6607ms)
✔ location write derives native project and carries a live access fence (0.3425ms)
✔ metadata projections preserve exact immutable Continue reference and finite view identity (2.322ms)
✔ no selected project may offer Continue for a listed project without granting its data (0.4664ms)
✔ unexpected native revalidation failure is a sanitized refusal instead of a rejected promise (0.4043ms)
✔ creation format is a finite optional choice; callers cannot supply a snapshot, path or conversion authority (0.6156ms)
✔ tests/native/home-library.mjs accepts actual Settings with all four named actions in order (13.7576ms)
✔ tests/native/home-library.mjs refuses missing, renamed, reordered and unexpected Settings actions (20.4816ms)
✔ tests/native/home-library-search.mjs accepts actual Settings with all four named actions in order (8.5001ms)
✔ tests/native/home-library-search.mjs refuses missing, renamed, reordered and unexpected Settings actions (15.498ms)
✔ recovery privacy waits for actual DOM after real locked preload admission (18.6156ms)
✔ recovery admission still fails if the admitted body exposes the private project label (8.5523ms)
✔ recovery never treats absent body as privacy success or extends the existing deadline (169.1914ms)
✔ actual native Home creation selects an owned durable project and acknowledges metadata only (216.122ms)
✔ actual failed Home selector retains no selected snapshot or false metadata acknowledgement (131.9721ms)
✔ actual desktop New selects the source-aware copy through durable native Home acknowledgement (462.9884ms)
✔ desktop New creates one durable source-aware project with real editable Docs/Diagram entities and a saved checkpoint (422.3724ms)
✔ Home conversion preserves original pointer/revision bytes and source/agent/release identities in a separate selected-ready copy (1510.5976ms)
✔ Lock/navigation during source extraction cannot select a source manifest or acknowledge a successful copy (394.5446ms)
✔ expired native scope refuses before creating anything; schema2 conversion is rejected without writes (370.3212ms)
✔ a retained copy without a verified saved recovery point is not admitted as a completed Home conversion (622.9392ms)
✔ first-use Home selection acknowledges only an actual durable project and fresh native scope (170.0389ms)
✔ memory selection without an owned durable pointer cannot confirm Home selection (113.7503ms)
✔ copied selection metadata and Lock after a genuine selection do not publish success (314.554ms)
✔ only genuine Continue selection permits a finite follow-up and Lock retires that scope (171.5831ms)
✔ Home state lists only cached metadata without reading project or source contents (169.6368ms)
✔ Home state permits empty selection and retains cached Continue without granting source access (172.7523ms)
✔ recording resolved location uses verified native label timestamp and preserves snapshot (194.0436ms)
✔ unknown entity readonly state and stale source reference cannot overwrite prior navigation (252.1482ms)
✔ Lock during catalog or domain resolution suppresses metadata and persistence (93.933ms)
✔ project change inside atomic navigation replacement cannot publish stale metadata (223.3484ms)
✔ caller mutation during domain resolution cannot alter the recorded source version or cursor (173.4219ms)
✔ resolver cannot silently substitute an immutable version by mutating its request (174.4447ms)
✔ Continue diagnostics follow genuine durable navigation stages without private metadata (271.5257ms)
✔ Continue diagnostics expose the held read boundary and refuse Lock before persistence (143.5251ms)
✔ Continue diagnostics retain refusals and sanitize unexpected storage errors (141.1775ms)
✔ a failed diagnostic sink cannot change a real navigation receipt or persistence (175.0267ms)
✔ actual native import handler reads only a chosen owned file, prepares before mutation and acknowledges genuine durable same-project reselection without source disclosure (1164.8877ms)
✔ Cancel, caller paths/identities, forged frames and Lock during native chooser perform no writes or selection (1960.6745ms)
✔ actual import reads the post-preparation revision and preserves content genuinely saved before quiescence (1092.7919ms)
✔ frame retirement during source extraction refuses both manifest and native acknowledgement and retains complete selected data (617.1884ms)
✔ owned Python import adds one unlinked source and preserves every prior Docs/Diagram field and exact BOM/CRLF/Unicode bytes (1558.9566ms)
✔ invalid encoding, oversized source and path-like filename cannot modify the project (443.998ms)
✔ access change after source bytes are written cannot select a new manifest or return success (462.8904ms)
✔ stale selected snapshot and classic projects are refused before imports (1069.8022ms)
✔ locked Home startup never constructs project UI or requests metadata (3.2999ms)
✔ introduction requires an explicit native startup request and plays once (2.7555ms)
✔ reduced motion has no mandatory vault timer (0.6304ms)
✔ Home metadata acknowledgement follows a genuine prepared native handoff while the old grant stays retired (1096.5434ms)
✔ copied completion metadata cannot acknowledge a retired Home request (976.5874ms)
✔ a renderer success label and URL change without a native handoff remain refused (624.0349ms)
✔ Lock after native completion refuses publication of its metadata receipt (980.4714ms)
✔ Home opens actual saved Docs and selected immutable Code without acquiring entity or source authority (752.314ms)
✔ unselected versions, unknown entities, copied Home frames and caller authority fields are refused before opening (685.5874ms)
✔ native shelf titles are literal bounded metadata with an exact role prefix and Unicode safety (2.4997ms)
✔ Home distinguishes real registered Code, Docs, diagram and presentation names from generic roles (2.0999ms)
✔ Code windows label their own exact admitted version and cannot borrow another hash or document name (0.6174ms)
✔ a genuinely admitted unsaved working source retains its selected filename and current version on Home (1054.1298ms)
✔ working label admission cannot name an unselected source or supply malformed version metadata (0.5929ms)
✔ Home omits other-project, primary and unknown windows and bounds the shelf without requesting their sources (0.6823ms)
✔ saved title metadata stays bounded and literal, with safe fallbacks and correct minimized state (0.6296ms)
✔ native validator is hidden sandboxed has no preload and cannot open network permissions or windows (17.7478ms)
✔ tampered validation entry is refused before creating native resources (32.7737ms)
✔ pending validation deadline destroys only its owned hidden window and suppresses a late reply (26.0398ms)
✔ same URL with a replaced main frame cannot validate using retired native identity (25.1333ms)
✔ disposal waits for asynchronous native webContents destruction after its window is gone (18.8588ms)
✔ dedicated bundle metadata validator uses literal arguments and retains the native frame fence (5.7344ms)
✔ pending bundle metadata cannot overlap patch validation and timeout destroys its owned validator (46.245ms)
✔ imported entity identity survives navigation and native read/save contracts without becoming a filesystem ID (2.3488ms)
✔ imported metadata identity never permits path components, control characters or noncanonical source IDs (0.7906ms)
✔ owned reads refuse oversize files before allocating their body and preserve the original (24.2542ms)
✔ native linked labels validate only finite editable text with the original sanitizer while keeping all immutable row fields (6.3074ms)
✔ linked metadata cannot rewrite source identity/version/hash, provenance, row order, other content or preserved block fields (10.7426ms)
✔ unchanged legacy linked blocks remain exact without sanitizing or deleting native references (1.1833ms)
✔ exportProject: chooser result after Lock cannot publish private bytes (12.1377ms)
✔ exportProject: actual preparation permanently revokes chooser even after unlock/rollback (4.2509ms)
✔ exportProject: unchanged authority preserves exact export and cancellation (55.7835ms)
✔ exportRecovery: chooser result after Lock cannot publish private bytes (3.6114ms)
✔ exportRecovery: actual preparation permanently revokes chooser even after unlock/rollback (12.0563ms)
✔ exportRecovery: unchanged authority preserves exact export and cancellation (54.918ms)
✔ authority lost during project read never opens a destination chooser (7.5978ms)
✔ a changed selection invalidates pending export (2.9637ms)
✔ a changed frame invalidates pending export (2.5514ms)
✔ a changed mode invalidates pending export (3.0198ms)
✔ access loss before atomic publication preserves an existing destination and removes its owned staging file (71.1269ms)
✔ a refused export destination leaves no full backup staging copy beside it (30.9669ms)
✔ an export still loading recovery bytes is revoked before a chooser can open (2.7087ms)
✔ a chooser does not enter the native writes drain and readonly exports remain available (92.7643ms)
✔ diagnostics use the same revoked chooser boundary (2.2831ms)
✔ actual Lock service drains publication already committed before Lock (36.8536ms)
✔ actual Lock succeeds when its revoked before-rename export was cleaned safely (31.5588ms)
✔ unconfirmed export cleanup remains a real drain failure and cannot confirm Lock (39.6286ms)
✔ new PIN waits for asynchronous protection and stores an explicit dedicated-provider envelope (251.7765ms)
✔ unknown legacy/new envelope versions refuse without invoking either decrypt backend or resetting bytes (272.3982ms)
✔ post-rename readback uncertainty retains an existing configured record and fails closed (245.2943ms)
✔ Lock revokes protection in progress before any PIN publication and drain waits for the operation (76.789ms)
✔ Lock during asynchronous load refuses even a wrong-PIN counter write (108.5137ms)
✔ legacy wrong-PIN counters stay legacy; only authenticated unlock migrates exact verifier to the new envelope (339.7373ms)
✔ revocation at atomic pre-rename leaves no record; accepted rename retains exact record but never grants a revoked session (225.2821ms)
✔ PIN unlock creates no implicit project, and failed explicit durable selection cannot publish selected state (401.0937ms)
✔ locked IPC refuses all project bytes and mutations, while PIN unlock cannot override native readonly creation safety (137.5103ms)
✔ native PIN lock drains private recovery writes and grants lock only after durable ACK (565.0091ms)
✔ native PIN lock drains private recovery writes and resumes after rejected persistence (311.1321ms)
✔ fresh local access configures a four-digit PIN only after encrypted native persistence, and restart locks (308.2203ms)
✔ setup accepts six digits, rejects all other forms and confirmation mismatch without creating a record (131.2191ms)
✔ same synthetic PIN has independent random salts and persisted verifiers in two installations (258.5337ms)
✔ five wrong PINs persist a 30-second cooldown across restart and successful unlock resets attempts (910.0586ms)
✔ invalid and oversized unlock input is generic, counted and never passed as an unbounded scrypt password (505.3835ms)
✔ change requires unlocked session and current PIN, then rotates salt and rejects the previous PIN after restart (827.4185ms)
✔ wrong change attempts obey persisted cooldown and revoke the existing session at five failures (661.8745ms)
✔ verifyCurrent preserves an unlocked session after ordinary wrong PIN, resets attempts on correct PIN and never rotates its verifier (393.1562ms)
✔ verifyCurrent persists fifth-failure cooldown across restart and cannot report success after a lock or failed durable acknowledgement (969.3783ms)
✔ unavailable protected storage is failclosed and never creates a plaintext or memory-only activation (14.3864ms)
✔ corrupt, empty, oversized and undecryptable records refuse setup/reset and preserve exact original bytes (149.8093ms)
✔ successful verification cannot grant unlock/change when external encryption fails before durable write (681.8237ms)
✔ owned hostile record target refuses setup without touching the planted directory; existing setup never resets (158.9682ms)
✔ concurrent wrong attempts are serialized across instances so cooldown cannot lose increments (765.3668ms)
✔ explicit lock cancels a queued setup/unlock without granting or rewriting the protected record (174.8743ms)
✔ missing owned root and authenticated malformed payloads fail closed without implicit reset (185.226ms)
✔ native qualification waits for registry admission after DOM/preload availability (2.2265ms)
✔ a native frame navigation gap does not certify a condition or extend its deadline; genuine later observation is required (8.3544ms)
✔ script exceptions, unknown native failures and CDP timeouts stay failures without retries (0.3014ms)
✔ only primary active diagram IDs enter the native roster, never cached or released diagrams (458.2875ms)
✔ native Diagram entry is finite, package admitted and rejects borrowed selectors/traversal (495.0154ms)
✔ Home catalog exposes selected diagram metadata only and admission opens a genuine independent shell (412.4506ms)
✔ readonly Diagram issues genuine exact byte seals and joins the all-view preparation barrier (511.2994ms)
✔ native Diagram editing requires genuine main admission and refuses readonly/Docs/Code/caller scope fields (462.9966ms)
✔ two genuine Diagram windows preserve exact independent edits and foreign Docs/source/agent data; same-diagram stale versions stay refused (824.0446ms)
✔ genuine Diagram draining nonce permits its typed flush while paused and is retired on disposal (543.3194ms)
✔ atomic native source/style admission is still bound to one genuine working Diagram and exact saved version (655.2987ms)
✔ SVG export derives only selected saved Diagram, writes owned unique exports and reveals only its actual unchanged receipt (585.2441ms)
✔ SVG export rejects spoofed frames/roles, stale hash/version, paths/source, unknown methods and getters before rendering (438.4183ms)
✔ Lock aborts and joins pending SVG render, rejects late results and leaves saved project exact (396.9305ms)
✔ saved entity replacement during isolated render refuses publication and budget accepts no arbitrary oversized result (865.4736ms)
✔ Lock during final saved-entity recheck cleans the actual renamed export and temporary bytes before drain completes (479.8578ms)
✔ changed export bytes cannot be revealed and payload value objects never invoke user coercion (567.8792ms)
✔ native Diagram receives only its actual selected entity, exact declared colour/source and readonly version/hash (542.5074ms)
✔ native Diagram refuses Docs/Code, spoofed frames, identities, mutation methods and payload getters without executing user properties (422.1957ms)
✔ native Diagram suppresses actual disk-read results after owner pause or selected content replacement (480.746ms)
✔ paused Diagram reread needs its genuine private draining ticket, cannot borrow another role/entity and cannot seal a read alone (461.283ms)
✔ genuine clean preparation reads the selected entity after an earlier queued save, rather than comparing it to the stale pre-queue display (579.8847ms)
✔ native working Docs requires explicit main admission and scopes real atomic content saves to its selected document (856.4092ms)
✔ Docs bridge rejects role/frame/identity/getters and revoked admission without changing original storage (585.4335ms)
✔ working Docs finite flush requires its genuine private ticket and seals actual owner receipts (848.0035ms)
✔ another genuine working Docs window receives metadata only after real persistence, without origin echo or paused delivery (1005.2577ms)
✔ readonly saved Docs exports exact archive with finite receipt; references and claims remain exact, foreign project data excluded (1024.8133ms)
✔ Docs-only current frame, exact CAS/hash and finite request reject spoofed source/role/path/body/getters before formatting (747.683ms)
✔ pending formatter is unique per own window; Lock abort/drain permanently fences output and leaves snapshot exact (898.7578ms)
✔ saved context change during formatting refuses output; no hidden flush/save or source retrieval (910.1987ms)
✔ Lock during final read after actual rename removes unretained export and stage before drain completes (828.7365ms)
✔ modified file cannot reveal, and malformed/oversized formatter bytes cannot publish (4077.8813ms)
✔ uncertain cleanup after real rename permanently fences exports and refuses quiescence (966.3606ms)
✔ Lock during final cleanup refuses stale Docs success, preserving the already retained file without receipt (863.1323ms)
✔ production native Docs is mounted through the shared owner and receives only its selected document (674.1211ms)
✔ both production preloads expose one readonly Docs method without an entity or mutation selector (4.5425ms)
✔ native Docs receives only its exact selected document through a readonly context (641.4359ms)
✔ native Docs refuses source/primary spoofing, write methods, identity payloads and getters without opening another document (597.8732ms)
✔ native Docs refuses publication after owner pause or selected document change during actual disk read (684.714ms)
✔ Docs preparation read is bound to its own genuine private ticket, cannot borrow Code or seal a read as persistence (774.0362ms)
✔ native module readiness waits for actual enabled Home after a held metadata handoff, without clicking or extending the condition deadline (140.824ms)
✔ native Home readiness refuses unknown roles before evaluating any injected expression and preserves genuine observation errors (0.4034ms)
✔ pointer stability observes a deferred menu position before accepting its rectangle (3.6041ms)
✔ stable rectangles wait for finite opening animations but not perpetual theme effects (2.4161ms)
✔ native pointer observations intersect the actual scroll clip of a virtualized editor (1.4497ms)
✔ readonly Presenter exports only its exact captured notes; newer saved data waits for Refresh, Audience stays public (261.6314ms)
✔ finite own main-frame authority rejects Audience/Docs/subframe/copied sender/extra path/text/version/getters (118.7889ms)
✔ bounded pending jobs permit normal navigation, but Lock, Refresh and session replacement revoke in-flight publication (538.2527ms)
✔ Lock detected after actual rename cleans unretained file before drain; uncertain cleanup fences service (404.4377ms)
✔ changed files cannot reveal and pause clears receipts without deleting retained user files (171.063ms)
✔ global pending budget admits two own Presenters and refuses a third until actual jobs finish (163.1289ms)
✔ changed Refresh or session replacement after actual rename removes unpublished old notes (507.9305ms)
✔ Lock or Refresh during final cleanup refuses stale success/receipt, retaining the previously accepted file (379.1972ms)
✔ process reader resolves only a fixed development or packaged resource (0.9586ms)
✔ reader admission rejects changed binary or source recipe and invokes no shell (7.6547ms)
✔ missing or changed reader cannot invoke a process or fall back to PowerShell (0.5654ms)
✔ actual native primary routes each reserved chord once and prevents duplicate page/menu delivery (2.7439ms)
✔ actual primary input route dispatches unmodified F1 exactly once (1.9137ms)
✔ keyup repeat composing and unrelated modifiers do not dispatch reserved native commands (1.1652ms)
✔ owner-recorded text refuses Python inspection before source I/O but permits exact saved text comparison with bounded labels (881.8991ms)
✔ native analysis derives genuine selected Code ref, keeps project/source bytes intact and refuses other roles/frames/versions/raw fields (750.0165ms)
✔ native comparison derives both refs from genuine open Code frames, never renderer scope (781.5679ms)
✔ comparison rechecks the other real frame during source I/O and drains cancellation (676.8707ms)
✔ real pause/drain denies pending source publication and permits a fresh job only after resume (698.7395ms)
✔ selected map uses the same genuine immutable Code frame authority and refuses Docs or missing ranges (791.6581ms)
✔ two genuine captures from one native frame can cancel its pending load; another Code window cannot (736.1689ms)
✔ production metadata adapter permits actual saved working Python v2 analysis while Docs and manifest remain v1 (1195.53ms)
✔ actual native main mounts bounded readonly source leases, keeps selected versions and tracks outstanding reads (751.3652ms)
✔ actual native view retirement disposes read sessions before revoking native windows (675.7936ms)
✔ both actual preloads expose finite readonly context/read session methods with no write channel (5.2295ms)
✔ working read context offers only an independently verified exact saved operation and rechecks Lock after proof (1255.6482ms)
✔ selected owner language is finite metadata and cannot alter immutable source admission (776.6567ms)
✔ native Code reference is selected-version metadata only; historical admission and private capture checks remain exact (628.5685ms)
✔ native read session loads exact immutable bytes and closes without any source commit or metadata change (748.3415ms)
✔ another registered Code window, Docs and a copied sender cannot consume a native read lease (726.0638ms)
✔ native readonly readers refuse writes, unselected versions, changed references and getter payloads before repository creation (794.4387ms)
✔ owner pause during a pending native chunk suppresses bytes and disposal makes every old read ID unusable (697.0138ms)
✔ toast admission and CSS isolation are observed in one native evaluation and owned fixture changes restored (1.4321ms)
✔ atomic observation preserves genuine leakage/precondition failures rather than reporting success (2.2377ms)
✔ native safety refuses original writes: {"packaged":true,"mode":"readonly"} (239.568ms)
✔ native safety refuses original writes: {"packaged":false,"mode":"normal","failReady":true} (285.0528ms)
✔ native safety refuses original writes: {"packaged":true,"mode":"normal","failReady":true} (258.7601ms)
✔ successful login preserves edits queued during the browser round trip before clearing grants or reloading (844.021ms)
✔ failed account-transition flush retains original authority and does not reload (1.2441ms)
✔ native identity is compiled before both original development groups and native unit tests (4.418ms)
✔ shared UI package checks fail independently and retain original evidence in every named upload (2.9601ms)
✔ all original native checks are assigned once to finite independent CI groups with an all-group qualification gate (12.0811ms)
✔ Diagram docking must execute in package qualification and retain originals in every named upload (2.6726ms)
✔ a native failure or spawn refusal cannot become group success, and later checks still execute exactly once (0.7951ms)
✔ source identity uses only exact admitted metadata and safe Unicode file names (1.8256ms)
✔ source names cannot be borrowed from other refs, documents, draft or release provenance (0.3946ms)
✔ unsafe, overlong and accessor names are not exposed; metadata scan is bounded (7.2572ms)
✔ optional native source label has exact owner checks and no repository/body access (766.2063ms)
✔ label adapter cannot publish after owner pause or change the exact reference (823.8672ms)
✔ native title identifies source, exact version, mode and local draft without markup (2.8249ms)
✔ bounded Unicode titles never retain a broken surrogate or metadata after reset (1.8455ms)
✔ Code register returns exact-version document/agent metadata and filters without private source bodies (690.8856ms)
✔ native App catalog lists readonly Docs and exact selected Code versions without content or future drafts (822.8596ms)
✔ explicit Docs register details and bounded filters expose facts without private bodies or agent instructions (573.9469ms)
✔ native Home catalog retains imported uppercase and underscore Docs/Diagram identities as literal metadata (695.3029ms)
✔ catalog is bounded and paginated while preserving exact metadata and Unicode labels (654.155ms)
✔ copied native sender, URL-only Home change, lock, project mismatch, identity payload and getters cannot obtain catalog metadata (787.5433ms)
✔ a genuinely admitted Home primary receives bounded metadata without source or document content (634.0584ms)
✔ Lock during actual native snapshot selection suppresses the pending catalog instead of publishing labels (721.1206ms)
✔ role-filtered pages bound the chosen library without first mounting unrelated Docs rows (1147.051ms)
✔ Present library discovers only verified diagram IDs and labels, never authored notes or source (665.4476ms)
✔ explicit all-module search retains separate Diagram and Present destinations without private content (711.5256ms)
✔ Code library uses selected file names and marks unlinked code without exposing source bytes or provenance paths (664.6242ms)
✔ name search finds literal Unicode labels past the first page without searching private bodies or escaping the catalog bound (643.0456ms)
✔ search rejects malformed input before reading a snapshot and retains genuine Lock and sender checks (662.5328ms)
✔ actual main retirement awaits native async destruction before confirming a transition (9.1162ms)
✔ actual main binds exact native owner, scoped shell entries and locked null bootstrap (3.0273ms)
✔ actual main exposes bounded selected Docs/Code metadata to the genuine App owner, never its satellite (3.9021ms)
✔ actual Quit refuses a competing native selection before touching its preparation or journal (1.6743ms)
✔ main failed factory destruction fences every later open and data bootstrap until native handles are destroyed (2.7257ms)
✔ actual main revokes a hidden in-flight native factory before a transition can admit or show it (2.352ms)
✔ actual ready/send/show failures dispose the admitted shell or fence retained native handles (10.9454ms)
✔ actual locked clean-close journal failure retains the owner after shell retirement, then admits a fresh unlocked grant (8.9231ms)
✔ historical native commit replay keeps both working grants current and cannot replace latest durability (1615.5763ms)
✔ working-source admission reads the actual latest draft while immutable selected refs and Docs remain exact (893.8161ms)
✔ genuine owner publishes only metadata changes to other working views, never echoes the origin or a readonly view (1281.7997ms)
✔ working source references advance from actual owner receipts shared across genuine views, never from renderer metadata (911.8309ms)
✔ historical Code, Docs, readonly policy and Lock cannot obtain a native working-source admission (820.6918ms)
✔ working-source pause, disposal and removed selected membership revoke cached draft references (1176.8283ms)
✔ real saved working v2 keeps exact-base Python metadata without selecting v2 in Docs or trusting a projected grant (1007.7138ms)
✔ navigation preserves exact immutable reference and copies all nested data (3.9989ms)
✔ navigation refuses accessor and inherited or unknown fields without evaluating getters (0.9192ms)
✔ navigation rejects invalid IDs references and numeric offsets (0.7938ms)
✔ navigation accepts sixteen validated layouts and rejects seventeen or bad geometry (0.9181ms)
✔ record validation bounds labels timestamps unique projects and native scope (1.4645ms)
✔ native resolver recognizes each active module entity without treating release or cache IDs as authority (451.7947ms)
✔ Continue resolves the exact old source version after newer private edits without changing any selected bytes (729.3141ms)
✔ missing version forged hash mismatched ID and offsets beyond actual UTF16 units refuse without substitution (415.9605ms)
✔ Lock during exact source verification suppresses the resolved route (522.8234ms)
✔ restored layouts use current workAreas and require each referenced entity to belong to its role (431.9696ms)
✔ navigation_metadata_preserves_content source bytes revisions and checkpoints (345.6324ms)
✔ 64 locations accepted 65th refused existing updates preserve every other location (2234.4844ms)
✔ complete-file byte budget accepts 64 KiB and ignores but preserves +1 (14.2415ms)
✔ oversized serialized record refuses before write and preserves prior exact bytes (450.1249ms)
✔ invalid input and readonly access preserve the existing navigation file (41.9089ms)
✔ corrupt metadata is ignored with diagnostic without replacing it or project mode (14.2464ms)
✔ concurrent native metadata intents serialize without losing another project (438.1467ms)
✔ torn write refuses with prior bytes and post-rename failure never claims verified acknowledgement (110.5636ms)
✔ permission revoked at final selection fence refuses before atomic replacement (52.6579ms)
✔ failed actual readback and invalid UTF8 cannot produce a successful receipt (92.2624ms)
✔ caller mutation while permission awaits cannot alter copied metadata (32.8284ms)
✔ controlled real HTTP issuer enforces PKCE S256 and one-use callback/code; tokens stay in main-side result (235.0787ms)
✔ state/nonce/audience/signature mismatch and denied consent cannot become a logged-in result (507.5743ms)
✔ production login refuses insecure issuer configuration and does not open a browser (0.7901ms)
✔ the actual 180-second callback deadline closes the owned listener without granting login (180141.048ms)
✔ staged application includes the actual cold Home entry and every finite generated destination (98.1351ms)
✔ package source allowlist refuses credentials, tests, development issuer, original source baseline and source maps (0.568ms)
✔ every relative native module reachable from the actual startup entry is admitted by the package allowlist (54.5281ms)
✔ supplemental notices resolve only their exact runtime reference and verified bytes (103.333ms)
✔ runtime inventory requires known production dependency licenses and all Chromium component notices (17.0384ms)
✔ inventory preserves unresolved upstream license references without claiming distribution admission (31.6344ms)
✔ actual first-session PIN crash regression gates development and copied-package qualification (0.8229ms)
✔ every original PIN crash receipt is retained without including protected profile data (4.0722ms)
✔ locked native session refuses project writes and reads even when the renderer knows an owned ID (138.6465ms)
✔ PIN requests validate exact numeric fields before reaching native access service (0.6786ms)
✔ unlocked native session still applies owned project writer checks (404.2335ms)
✔ private pipe writes must complete the full frame even when native writes are partial (2.2711ms)
✔ private protocol validates exact operation/nonce/fields, UTF8 framing, limits and canonical ciphertext (1.2979ms)
✔ protection requires encrypt close then a different decrypt close with exact payload before returning (40.5814ms)
✔ output arriving before actual process close cannot authorize persistence (31.3761ms)
✔ refuses timeout without returning protected bytes (124.1614ms)
✔ refuses exit without returning protected bytes (31.0988ms)
✔ refuses mismatch without returning protected bytes (139.803ms)
✔ refuses oversized without returning protected bytes (38.3663ms)
✔ a key profile lost after successful independent decrypt is never silently regenerated (15.1694ms)
✔ actual package entry admits both fixed startup branches and the private protocol without a renderer bridge (8.2642ms)
✔ actual worker refuses missing required key before native readiness; only first new encryption may create a key (5.2635ms)
✔ actual worker rejects unknown and duplicate worker flags, and occupied profiles before readiness (1.9448ms)
✔ required-key test has a negative control against the former parent-only guard (1.0582ms)
✔ finite deck operations preserve opaque cards/settings/notes while ordering, duplicating and editing supported content (2.1713ms)
✔ malformed deck operations, target ambiguity, opaque body edits and budget overflow refuse without sanitizing imported data (1.9508ms)
✔ public render context carries only a finite saved layout preference and never opaque layout payloads (1431.8191ms)
✔ native deck reads the exact selected diagram and genuine notes while excluding other project/private node metadata (121.4417ms)
✔ Audience/Docs/copied and revoked frames cannot load a deck or inherit source authority (99.4875ms)
✔ exact readback refusal detects corrupted snapshots and a selection change during load (250.4534ms)
✔ empty authored sequence produces a deterministic overview without changing the stored diagram (259.9876ms)
✔ unsupported/malformed or duplicate authored slides and oversized notes are refused without replacement (1035.5496ms)
✔ native deck projects the actual title visibility/font/style flags without copying private metadata (227.7322ms)
✔ saved Title/Text cards expose only finite public fields and prefer authored HTML over stale body (329.9894ms)
✔ unsupported card kinds retain their public label without projecting private live-content or asset authority (219.8594ms)
✔ malformed public text-card fields are refused without changing actual saved content (1762.3979ms)
✔ saved tables project exact public cells without private asset, notes or future fields (193.2663ms)
✔ table public projection retains reveal refusal rather than silently exposing an authored reveal table (187.3551ms)
✔ authored node uses exact Mermaid12 render-prefixed identity and transformed geometry (1.1202ms)
✔ exact imported data-id and legacy Mermaid identity remain supported (0.2655ms)
✔ vector semantic identity focuses only the exact renderer-derived block (0.3243ms)
✔ missing, ambiguous and lookalike node identities cannot focus an unrelated block (0.1662ms)
✔ Audience has only public-frame/ACK and own fullscreen methods; Presenter notes never cross roles (4.2825ms)
✔ unregistered, subframe, same-URL replaced and other module callers cannot invoke presentation (0.4639ms)
✔ display projection removes adapter private fields and fullscreen accepts no caller-supplied identity (1.417ms)
✔ opening Audience binds native grants and refuses role/project/deck fields from the renderer (0.6972ms)
✔ revocation while an Audience factory is pending destroys its owned view instead of returning success (0.6366ms)
✔ captured notes preserve exact Unicode/newlines/blank notes, ordered slide identities and deck version (1.6512ms)
✔ all 600 slides retained; encoded output is bounded before final allocation and never truncated (19.4047ms)
✔ invalid captured projections refuse getters, duplicates, extras, malformed Unicode and unbounded slides (0.5941ms)
✔ public utility denies permissions, navigation, new windows and network and confirms both native objects destroyed (103.6638ms)
✔ wrong entry bytes, excessive input and revoked scope create no renderer (31.1653ms)
✔ entry bytes replaced during loading and substituted main frame cannot publish (29.7448ms)
✔ cancellation while a renderer is pending destroys it and refuses its late result (7.5459ms)
✔ deadline expiry and private extra fields cannot become public rendering receipts (36.8052ms)
✔ a successful render waits for separate webContents destruction before returning (37.2969ms)
✔ table finite edits preserve imported fields/private notes and duplicate full public cells (1.8605ms)
✔ table edits reject sparse/ragged/getter/oversized cells and non-table targets without evaluating getters (1.1773ms)
✔ native pause drains an actual outstanding render before admitting a transition and clears the Presenter preview (7.1375ms)
✔ Presenter preview receives only its successfully rendered public slide, never private notes or source (1.1222ms)
✔ genuine Presenter/Audience roles project only visible content, retaining notes solely for Presenter (1.9397ms)
✔ foreign/copy/retired caller, stale sequence/version and unexpected authority fields never publish (1.3692ms)
✔ a slow audience has one in-flight and one coalesced latest frame, independently of another audience (1.886ms)
✔ out-of-order rendering and pause/disposal never republish an older slide or cached audience data (1.452ms)
✔ explicit deck refresh preserves the current slide identity and rejects an old audience acknowledgement (1.7613ms)
✔ public payload validation refuses private fields, executable/remote media and oversized content without replacing the current frame (0.6837ms)
✔ native deck corruption or changed caller during load retains the original admitted deck (0.5589ms)
✔ render jobs have a finite native budget and cancellation signal; a refused burst does not consume its position (0.6879ms)
✔ canonical bounded PNG content is delivered as public media while oversized geometry and malformed encoding are refused (0.6023ms)
✔ Presenter theme changes coalesce while busy, use latest slide and leave deck immutable (7.3561ms)
✔ failed appearance render is not retried and Lock retires queued appearance work (1.9854ms)
✔ pagehide retires theme refresh without another native navigation (2.5447ms)
✔ real Presenter UI retains visible notes/slide and releases controls on thrown refresh or Audience transport (4.0365ms)
✔ actual Presenter window mounts captured export and prepares by hiding private notes then joining pending action (2.407ms)
✔ Presenter playback keys preserve native button/select defaults and text editing, while canvas shortcuts still navigate (1.4307ms)
✔ Lock during actual refresh follow-up read cannot repopulate private notes or render a late slide (1.1054ms)
✔ Presenter native and genuine copied-package regression run and retain bounded original receipts on failure (1.5653ms)
✔ Presenter CI refuses missing copied execution/retention and profiles or exported data capture (4.2511ms)
✔ actual Presenter export main handler tracks promise and refuses every transition fence (2.5523ms)
✔ actual native barrier pauses/drains Presenter exports and refuses proof on uncertain cleanup (2.5973ms)
✔ actual native retirement refuses uncertain Presenter export cleanup before session/view destruction (1.7717ms)
✔ finite application inventory admits real Presenter export modules, refusing similarly named test/draft files (1.2678ms)
✔ actual Presenter preload alone exposes finite notes export/reveal; Audience receives no private delivery bridge (8.8311ms)
✔ Presenter action submits only captured version and shows file only for exact finite acknowledged receipt (7.9521ms)
✔ unique pending action joins Lock and rejects late completion; resume cannot restore private delivery receipt (2.2854ms)
✔ Refresh/current version changes and malformed responses cannot expose stale file or imply successful export (3.1064ms)
✔ unready/disposed actions refuse transport and release controls after thrown export/reveal (1.6231ms)
✔ readonly navigation attests the exact selected envelope without creating a recovery point or content revision (691.236ms)
✔ a selected navigation seal cannot verify a changed envelope or a locked scope (738.1106ms)
✔ an unchanged acknowledged primary save reuses its independently verified recovery point (1445.0301ms)
✔ primary persistence has a native adapter (1.5626ms)
✔ revocation at the actual legacy selection boundary retains the previous revision and pending work (252.6943ms)
✔ primary save verifies the selected bytes and recovery point; private draft never changes the selected project (651.5639ms)
✔ checkpoint failure reports the real selected commit and keeps pending attempted bytes (307.7306ms)
✔ foreign project, getters and stale CAS cannot mutate or publish primary work (388.4619ms)
✔ revocation during checkpoint cannot acknowledge or publish to a later selected project (355.1185ms)
✔ legacy primary saves cannot downgrade a selected source manifest or strip source refs (643.0599ms)
✔ one owner orders primary and domain persistence; copied intent and revoked captures cannot cross scope (2.942ms)
✔ primary capacity remains 64 MiB independently of the 16 MiB source queue; aggregate admission is bounded (294.6211ms)
✔ receipt accessors and extra fields cannot fabricate primary persistence acknowledgements (0.5496ms)
✔ native primary seals re-read real saved and private checkpoints; old or degraded receipts cannot prove latest work (1321.4295ms)
✔ paused primary flush accepts only its original native frame and seals both saved work and private recovery (1107.5521ms)
✔ primary capture survives a genuine entity removal while old source authority is revoked (1.8694ms)
✔ a native readonly seal verifies schema-2 source recovery without rewriting or downgrading the project (569.8437ms)
✔ readonly preparation reuses an exact verified saved checkpoint without duplicating recovery histories (293.5281ms)
✔ genuine primary roster preparation requires a native persisted seal before transition authority (505.1707ms)
✔ checkpoint proof reads only its owned project and exact point instead of scanning every project (252.6122ms)
✔ native process reply preserves exact Unicode executable and creation time for the requested PID (2.6162ms)
✔ only explicit missing and exact unknown replies remain missing or unknown (0.54ms)
✔ malformed empty oversized and mismatched process replies cannot grant ownership (1.3887ms)
✔ identity reply refusal exposes only a finite reason without response text (0.2187ms)
✔ drive-relative and current-drive-rooted paths cannot identify an executable (0.2257ms)
✔ actual inspector distinguishes query and decode refusals, reports byte counts and never retries (9.3653ms)
✔ native stderr cannot turn a refused query into missing process or grant live ownership (2.9367ms)
✔ first Windows build refuses a junction output without writing into its target (29.5247ms)
✔ build cache admits only exact source/compiler/binary receipt without mutating its bytes (0.8235ms)
✔ actual Windows builder compiles a missing pair once, reuses exact bytes and refuses partial or corrupted caches (377.7165ms)
✔ source recipe, compiler change or binary replacement refuses cached native helper (0.8036ms)
✔ a repeated exact acknowledged workspace save retains the complete selected revision and pointer bytes (543.7416ms)
✔ same text with stale CAS refuses and private recovery does not suppress a real workspace commit (683.487ms)
✔ a no-op save still refuses a failed recovery checkpoint and does not advance the original revision (241.6722ms)
✔ choosing another damaged owned project grants its recovery and keeps the original intact (671.7146ms)
✔ exact UTF-8 workspace import survives save and fresh store readback without rewriting identities (225.2282ms)
✔ two writers at the same revision cannot both commit and stale data is retained for explicit recovery (341.1845ms)
✔ failed flush or rename cannot claim save and keeps the exact previous revision (392.3799ms)
✔ path ids and junction replacement are rejected without reading unrelated bytes (129.8984ms)
✔ corrupt selected revision refuses normal load and keeps damaged bytes unchanged (123.6719ms)
✔ only a specifically acknowledged pending copy is pruned; unacknowledged attempted work stays recoverable (256.5861ms)
✔ a crashed writer is reclaimed only after exact native identity proves it is no longer running (306.2823ms)
✔ asynchronous native permission denial is awaited before creating or committing a project (153.8283ms)
✔ legacy portable import preserves reusable libraries and picture bytes in the desktop storage bag (2.2634ms)
✔ public section honors forced KPMG in dark OS and Matrix in light OS (4.0837ms)
✔ invalid capsule fails before any canvas publication (0.8541ms)
✔ patched grammar build helper exists independently of renderer integration (0.7787ms)
✔ extracts exactly the admitted factory bytes and emits a deterministic module using shared installed Lezer (127.7361ms)
✔ malformed and changed baseline bytes are refused before any output or arbitrary evaluation (49.9508ms)
✔ baseline size is bounded before extraction and existing hard-linked input is never overwritten (155.716ms)
✔ patched empty class patterns remain fixed against actual unpatched upstream control (84.4331ms)
✔ patched parenthesized with items remain fixed against upstream control (63.492ms)
✔ formfeed indentation remains fixed against upstream control (61.171ms)
✔ decorated async functions and multiline literals parse without executing Python (61.7672ms)
✔ local grammar highlighting uses the same installed highlight properties (63.441ms)
✔ native Presenter and zero-entity Audience need exact readonly deck proofs during all-view preparation (930.2333ms)
✔ changed private notes invalidate a genuine presentation seal without giving Audience content authority (862.272ms)
✔ zero-entity Audience cannot prepare without genuine native readonly classification (777.2537ms)
✔ readonly Code seals the exact selected historical source without committing a newer private draft (1008.9729ms)
✔ readonly Docs seals only its exact selected document with native provenance and no content projection (815.3395ms)
✔ copied native captures, writable classification and changed Lock scope cannot issue readonly seals (1147.334ms)
✔ changed selected document or removed source reference invalidates a genuine readonly receipt (1542.0819ms)
✔ readonly seal keeps actual source corruption as a refusal without manufacturing durability (848.8185ms)
✔ a native readonly Code/Docs roster prepares without committing the unselected draft or pretending to save (836.4635ms)
✔ an empty acknowledgement still cannot prepare a writable Code/Docs roster (696.3606ms)
✔ readonly classification refuses source writes even with a genuine draining nonce (655.7514ms)
✔ an unversioned Code admission cannot seal whichever source version later happens to be selected (685.7649ms)
✔ unacknowledged conflicting work is offered and restores a new exact copy without altering either original (838.3222ms)
✔ damaged selection and revision have opaque export handles; unknown paths and changed bytes are refused (293.6668ms)
✔ revision pruning requires verified current checkpoint and retains ten committed copies plus damaged and future originals (2353.1583ms)
✔ exact durability verifies the saved candidate and its source bytes, without rebuilding unrelated recovery histories (1349.6608ms)
✔ missing, emergency-only, damaged and replaced checkpoint records never establish saved durability or trust catalog labels (878.294ms)
✔ diagnostic control: actual recovered-copy services and production flush acknowledge an initialization save (352.4241ms)
✔ verified partial workspace commit stays failed but next production save uses its exact revision (476.3126ms)
✔ recovery writer contention remains an explicit refusal while a later exact-CAS save succeeds (290.5236ms)
✔ recovery selection drains an old operation before changing the selected bootstrap (223.4505ms)
✔ old operation cannot publish into a later selection generation, even when the selected project ID matches (174.6866ms)
✔ failed renderer flush leaves the current recovery selection usable and a later transition can retry (197.1402ms)
✔ checkpoint retention keeps 10 verified saved points, newest private draft and unacknowledged emergency (1972.4571ms)
✔ corrupt newest checkpoint and catalog offer an older verified copy while preserving damaged originals (531.1567ms)
✔ missing checkpoint bytes cannot be called recovered, even with a planted positive catalog entry (249.6318ms)
✔ owned process killed at write phases restarts with an exact old or new selected revision (2364.2642ms)
✔ three verified-dead unclean sessions within five minutes offer Recovery Mode; PID reuse is not a live session (169.1512ms)
✔ unknown process inspection and malformed session events fail closed instead of treating them as confirmed dead (124.4143ms)
✔ all native graph palettes match frozen original literals and named modes (1108.6091ms)
✔ forced named modes ignore OS mode while System resolves once (1.0301ms)
✔ render capsule refuses unknown names, inconsistent modes and arbitrary CSS/fields (0.6346ms)
✔ repeated unchanged renderer saves preserve the actual last-good backup and native project revision (536.553ms)
✔ a real new state rotates last-good once and further unchanged saves preserve that prior state (608.4293ms)
✔ read-only legacy cache cleanup cannot mutate its mirror, issue schema-1 writes or poison a later Lock drain (6.6757ms)
✔ native adapter retains typed refusal and bounded commit receipt fields without reporting success (2.0128ms)
✔ native refusal diagnostics keep CAS and reject malformed receipt metadata (3.1722ms)
✔ adapter reconciles only a degraded exact workspace bag with the immediate next committed revision (13.3414ms)
✔ private Code recovery waits for a native receipt and never labels rejected writes stored (18351.5821ms)
✔ account-transition storage lock retains the acknowledged mirror and a failed flush is not hidden (2.1496ms)
✔ built renderer freezes final account commit, drains writes, and safely resumes after a failed flush (12162.3959ms)
✔ accepted 64 MiB escaped work survives create, save, pending read and recovery in a fresh store (15517.1797ms)
✔ oversized serialized revision is refused before changing the current pointer or writing a revision (776.5276ms)
✔ oversized serialized recovery point is refused before retaining an unreadable checkpoint (780.3273ms)
✔ overlapping journal events read and publish in request order without losing a close record (93.0191ms)
✔ a real journal refusal does not poison later explicitly requested recovery writes (90.1307ms)
✔ duplicate native ready notifications share one pending journal publication: success (1.2448ms)
✔ duplicate native ready notifications share one pending journal publication: failure stays fenced (1.2771ms)
✔ private navigation is never shown before native admission or on its refusal (7.7498ms)
✔ a genuine Studio theme choice before the shared bar mounts still persists and wins startup (3.5769ms)
✔ wrong baseline refuses before creating any renderer output (78.6486ms)
✔ CSP hashes the script after HTML tokenization, including NULL and CRLF normalization (12403.388ms)
✔ local protocol serves app bytes but refuses hostile raw paths (9.8629ms)
✔ local protocol rejects renderer symlink escapes (2.1458ms)
✔ IPC rejects remote/subframe senders and malformed save requests before dispatch (1.2407ms)
✔ an unusable portable data root requires explicit choice; cancel never redirects silently (24.9877ms)
✔ text has an explicit Python limitation while visible Compare routes to saved diff (8.0777ms)
✔ actual structure controller pages 64 literal labels and navigates exact offsets only for current immutable ref (24.5459ms)
✔ comparison uses a real window choice, paints literal A/B snapshots and explicit approximation, and navigates only current A (4.4571ms)
✔ late cancelled/Lock/stale replies never repopulate the real panel (7.0442ms)
✔ dirty/pending edits refuse analysis; selected range request contains immutable metadata and offsets, never text/path (2.2055ms)
✔ Cancel keeps its click target after completion and becomes Clear, so a finishing job cannot redirect the click (1.8099ms)
✔ starting a fresh job enables the genuine Cancel control even after changing analysis scope (2.789ms)
✔ selected map sends only genuine range metadata, draws literal bounded nesting and supports collapse/navigation (1.492ms)
✔ a type annotation has a specific explanation without pretending to assign or observe a value (2.4286ms)
✔ actual patched worker indexes decorated classes/async functions/match/multiline and Unicode ranges without executing source (242.9528ms)
✔ malformed Python reports partial syntax coverage; arbitrary source stays literal (67.0436ms)
✔ finite UTF16 prefix/range and definition limits label partial coverage, never full support for truncated source (141.8676ms)
✔ invalid payload/getters/surrogate ranges/duplicate jobs are refused before additional I/O (120.0559ms)
✔ cancel during genuine load retains job until I/O drains and rejects its late result (12.9756ms)
✔ finite job evidence records pre-worker cancellation only after genuine held source I/O drains (12.5329ms)
✔ stale results and corruption after a successful immutable read are refused, never cached (62.9177ms)
✔ hard deadline kills actual worker and cancellation/drain leaves no owned threads (16.9273ms)
✔ worker artifact bytes are bound to build receipt and tampered identity never starts a worker (5.3314ms)
✔ BOM/CRLF immutable offsets and long-token/node budgets remain exact and explicit (182.8417ms)
✔ actual worker crash is joined and deadline-expired worker can be replaced by a fresh successful job (82.5201ms)
✔ oversized worker artifact is refused by bounded owned-file read before worker creation (24.5875ms)
✔ source bundle admission uses its dedicated metadata method and disposes the validator (1.4399ms)
✔ stale source bundle metadata admission creates no validator resource (0.4501ms)
✔ invalid metadata encoding, shape and native file name are refused before resource creation (0.9658ms)
✔ Lock while bundle metadata is pending refuses its reply and destroys the validator (0.2258ms)
✔ unavailable dedicated method, malformed reply and failed disposal cannot admit a copy (0.3554ms)
✔ real exported source versions copy to independent version-one identities with exact bytes provenance and global recovery intact (2179.7882ms)
✔ source mutation or dangling admitted pointer is refused before allocation (3253.4077ms)
✔ initial revoked authority or missing recovery creates no copy (868.5765ms)
✔ revocation after source allocation leaves an explicit unselected incomplete copy and preserves original (1038.3074ms)
✔ failure during initial selector allocation reports only the actual fresh copy identity (978.0207ms)
✔ checkpoint failure cannot produce completed import and cannot damage existing global recovery points (1660.912ms)
✔ an already verified checkpoint is acknowledged despite a later checkpoint hook error (1331.9937ms)
✔ unsupported raw source bytes are preserved in a new imported copy (857.3172ms)
✔ validator-admitted metadata changes are retained while source pointer identities are remapped (970.9121ms)
✔ substituting another valid bundled pointer at the same metadata path is refused before allocation (461.4488ms)
✔ completed import status remains valid after a genuine later manifest save (997.5638ms)
✔ absent status is normal while corrupted unknown oversized or mismatched status fails closed (344.0827ms)
✔ final completion publication failure is unconfirmed while actual owned marker still verifies incomplete (845.6214ms)
✔ post-rename completion hook failure retains a complete verified copy without claiming incomplete or successful selection (800.5936ms)
✔ authority revoked after final marker publication retains complete copy unselected with unconfirmed result (765.0976ms)
✔ equal bytes with distinct original source identities and provenance remain distinct in the copy (706.9474ms)
✔ actual source export uses metadata-only admission and retains exact native source bytes (488.8255ms)
✔ a declared corrupt bundle refuses before isolated resources and cannot fall through to legacy (513.6942ms)
✔ metadata admission cannot substitute a source pointer or become current again after revocation (509.5946ms)
✔ the existing legacy project path still uses its frozen validation method (0.948ms)
✔ a real RecoveryStore source export is admitted with exact bytes metadata and unknown provenance (762.0447ms)
✔ only valid legacy JSON falls back; declared invalid bundles never fall back (0.4792ms)
✔ wire source aggregate reference and metadata budgets are checked using lower injected caps (693.4942ms)
✔ snapshot hash source hash full provenance and actual metrics must agree (665.4717ms)
✔ base64 is canonical rather than accepting whitespace junk excess padding or omitted padding (596.0747ms)
✔ operational unknown fields duplicates missing and extra records are refused without discarding opaque metadata (1133.5445ms)
✔ traversal identities and unknown metadata source pointers cannot be admitted (530.8769ms)
✔ unsupported source encoding remains exact raw bytes and reference metrics (695.0362ms)
✔ parser owns input source bytes independently of the chosen wire buffer (541.3975ms)
✔ canonical base64 validation admits a bounded multi-megabyte real export without regex stack overflow (739.5103ms)
✔ actual 300k-line Unicode Python export parses without regex stack overflow and retains exact bytes (1717.0892ms)
✔ flat base64 validation keeps empty and all padding shapes canonical and refuses malformed padding or unused bits (2976.2471ms)
✔ dedicated gate preserves sparse native metadata and unknown opaque data (8.5841ms)
✔ only validation projection receives placeholders; pointers and opaque row fields survive (2.1345ms)
✔ explicit known loss and array dropping are rejected; original input stays unchanged (3.4803ms)
✔ absent defaults are allowed without replacing original document or review (3.3842ms)
✔ frozen workspace context is candidate-bound and restored after rejection (1.4571ms)
✔ inline source collision, malformed pointer and invalid draft cannot cross the gate (6.315ms)
✔ historical linked release/revision sources and private draft pointers are preserved (2.9386ms)
✔ prototype-named opaque keys remain data without changing object prototypes (1.8021ms)
✔ concurrent invocation is refused while frozen validation awaits, and can retry after completion (2.334ms)
✔ source-aware zero-diagram path keeps Code and Docs gates without inventing a diagram (4.4727ms)
✔ selection refuses revocation immediately before pointer publication and retains original bytes (77.8662ms)
✔ already renamed selection finishes readback and state handoff while tracked in the Lock drain (36.9213ms)
✔ post-rename failure reports uncertain selection in readonly recovery instead of claiming rollback (38.9088ms)
✔ explicit readonly client loads exact large Unicode/CRLF CM text through real reader leases without mutation adapters (523.5175ms)
✔ readonly selection is explicit boolean and default writable clients still require mutation adapters (1.0677ms)
✔ client loads verified CM Text with exact identity and no retained text in its state (407.8261ms)
✔ disposal cancels a pending document load without publishing retained text (391.3021ms)
✔ reset cancels an old load; its result cannot publish after identity generation changes (332.9649ms)
✔ a durable edit cancels an in-flight initial load and preserves the exact newer source (615.5704ms)
✔ external cancellation before the final client continuation cannot publish a verified document (793.9002ms)
✔ source client exists before any integration (1.43ms)
✔ only an exact successful commit can replay its native operation; edit reuse and changed identities stay fenced (3.1564ms)
✔ view pause rejects new edits without fencing admitted local edits; drain waits for every native receipt (2.2152ms)
✔ failed or disposed paused queues cannot report a successful drain or reset themselves clean (0.7476ms)
✔ pause invalidates pending reads while an unpaused drain refuses a false barrier (0.8382ms)
✔ resume and a new pause retire an older drain even when both have the same source identity (0.5385ms)
✔ real paused local queue drains edits and an already admitted commit with exact fresh disk bytes (961.9496ms)
✔ copies immutable identity and refuses malformed references or bridge (1.4123ms)
✔ bounded Unicode reads use bound identity and never accept mismatched receipt coordinates (1.0294ms)
✔ metrics validate full identity and numeric/encoding shape without provenance publication (1.0191ms)
✔ serializes queued edits and commit; advances only after exact durable acknowledgements (0.6551ms)
✔ failed edit fences queued edits and commit until explicit same-source reset (0.4808ms)
✔ malformed mutation identity, operation, version, hash or durability never advances (0.5782ms)
✔ commit must preserve exact current hash/version and reports degraded recovery explicitly (0.3971ms)
✔ stale and duplicate operation requests cannot rebase or double-apply (0.227ms)
✔ mutation request validation prevents unpaired or oversized input and accessor evaluation (0.3862ms)
✔ accepts the IPC 8MiB insertion byte boundary and refuses multibyte overflow (46.8018ms)
✔ stalled authority cannot retain an unbounded mutation queue (1.5848ms)
✔ pending inserted bytes are bounded separately from operation count (73.4606ms)
✔ late range and metric replies after disposal/reset contain no source data (0.6522ms)
✔ read started before an edit cannot publish stale text after durable version changes (0.3183ms)
✔ dispose discards in-flight reads/mutations and notifications; queued mutations never call bridge (0.2643ms)
✔ reset invalidates late completions without altering another source or queued work (0.2519ms)
✔ subscriber teardown and throwing observers cannot change receipt acceptance (2.6719ms)
✔ bounded recent operation cache does not stop normal editing after 4096 acknowledgements (65.5557ms)
✔ subscriber reset invalidates older notification delivery to remaining observers (0.4004ms)
✔ transport failures and malformed failures fence without publishing bridge secrets (0.48ms)
✔ real repository byte receipts survive Unicode edit, no-op and commit without source copying (997.063ms)
✔ draft with a materialized blob is not a native commit; proof never writes or updates Docs (411.9336ms)
✔ fresh native proof resolves exact selected historical commits without substituting latest source (908.4365ms)
✔ recovery-degraded remains degraded in a fresh proof rather than accepting claimed durable status (525.4897ms)
✔ corrupted committed blob or commit journal cannot yield a proof (1399.436ms)
✔ proof copies its request before awaits and rechecks native access before publication (515.2369ms)
✔ source context distinguishes exact, earlier and same-name/hash foreign associations without private bodies (1.7845ms)
✔ metadata requires admitted references and safe own names; unknown language never becomes Python from source contents (0.4933ms)
✔ relationship previews and scans are finite and disclose incompleteness instead of claiming unlinked (63.3946ms)
✔ exact Docs Python claims work without standalone files; conflicting claims stay unknown (0.5221ms)
✔ exact file language outranks a stale fileId name and duplicate Doc rows still contribute conflicts (14.9212ms)
✔ relationship filters inspect admitted associations beyond the eight preview captions (0.695ms)
✔ native Docs txt classification and unsafe descriptive filenames cannot conceal an explicit text conflict (0.5908ms)
✔ actual owned diff worker compares two immutable hashes and exact EOF changes in 300k-line source (547.5434ms)
✔ missing/forged right ref, right corruption and left-buffer mutation during second read cannot publish a diff (3.1252ms)
✔ cancellation during right-version read waits for actual I/O and starts no late worker (1.0947ms)
✔ exact bounded LCS produces independent before/after ranges with CRLF, Unicode and EOF endings intact (4.1052ms)
✔ real 300k-line localized EOF change is an exact complete comparison beyond prefix budgets (246.4257ms)
✔ dense region and hunk/preview budgets explicitly aggregate approximation, preserving full comparison coverage (0.8678ms)
✔ identical and empty sources remain exact; UTF16 preview never splits a surrogate and invalid budgets are refused (1.3964ms)
✔ unlinked Code explicitly creates one exact source-pointer block in chosen Docs and duplicate never adds a second (1144.2626ms)
✔ new Code Docs target refuses stale CAS, forged source proof, malformed fields and late revocation without changing existing Docs (1465.2202ms)
✔ explicit Docs save links exact committed source while preserving other Docs, agent, release and source bytes (1029.8411ms)
✔ new Code row refuses the native 300-block budget and never manufactures room by removing existing blocks (878.5005ms)
✔ distinct document content tokens permit sequential owner saves without refreshing stale envelopes (1149.5567ms)
✔ exact duplicate returns selected historical receipt after other changes; operation reuse refuses (1118.1702ms)
✔ forged commit and unknown/foreign targets refuse with unchanged native Docs selection (811.9407ms)
✔ active storage envelope is updated without changing unrelated bag keys (1053.5068ms)
✔ revocation inside native before-select hook cannot publish a linked Docs revision (767.3761ms)
✔ recovery-degraded source cannot produce an unqualified committed Docs receipt (639.3603ms)
✔ strict link input rejects getters and extra fields without evaluating user code (451.7198ms)
✔ one native owner serializes concurrent distinct Docs and publishes only immutable matching document receipts (663.973ms)
✔ unsafe Docs adapter output is refused before publication instead of forwarding text or forged refs (491.8688ms)
✔ selected marker without the actual linked document cannot fabricate a successful historical operation (463.2477ms)
✔ unselected orphan operation cannot manufacture an acknowledgement; explicit retry must select and read back (512.3729ms)
✔ strict data-only payloads and only four methods reject before repository dispatch (429.7986ms)
✔ native registry authority fences forged senders, subframes, wrong source, roles, epoch and locked access (1825.791ms)
✔ readonly Code can read bounded immutable versions; metadata and read receipts expose no provenance (268.4976ms)
✔ range, version, Unicode and exact UTF8 insertion caps reject before dispatch; TextModel protects split surrogates (837.1711ms)
✔ per-call guard binds repository context to captured project/source/action and rejects asynchronous access policy (464.3379ms)
✔ real edits and blob commits are durable and idempotent; stale versions and operation ID reuse refuse without manifest save (838.9315ms)
✔ revocation after awaited read or mutation withholds every stale byte and acknowledgement (1561.6743ms)
✔ publication fault revokes during native before-select guard and leaves the selected source pointer unchanged (1869.391ms)
✔ actual owned writer contention and native version/budget failures keep fixed sanitized codes (331.5117ms)
✔ checkpoint degradation remains explicit blob durability and unsafe repository outputs cannot disclose data (495.6643ms)
✔ main-only diagnostics retain native failure code without exposing private errors or logging rejected renderer authority (318.1259ms)
✔ verified loader builds CodeMirror Text without normalizing BOM, CRLF, bare CR or Unicode (46.2985ms)
✔ loader detects equal-length text corruption against the independent full hash (4.3611ms)
✔ cancel after a progress callback never exposes a partial document and closes the read (1.4974ms)
✔ wrong reader/version/boundaries and stalled chunks refuse rather than append or loop (1.775ms)
✔ failure to close a successful read is reported rather than presenting a verified document (1.5631ms)
✔ a read opened after cancellation is closed when its delayed native receipt arrives (32.8486ms)
✔ native read refusal remains an attributed error, without a partial document (0.646ms)
✔ the captured source identity cannot be changed by a bridge adapter (0.4681ms)
✔ a bridge cannot rewrite the expected close identity and acknowledge a different read (1.1111ms)
✔ manifest validates exact bounded reference identities and refuses inline or missing sources (357.3923ms)
✔ commit materializes exact old source versions before selecting schema 2 manifest (674.907ms)
✔ manifest refuses forged metrics and provenance without selecting a new project revision (935.9086ms)
✔ idempotent manifests survive newer commits and changed payload IDs refuse reuse (655.0291ms)
✔ unselected orphan revisions cannot produce a successful duplicate acknowledgement (697.3158ms)
✔ after-selection fault acknowledges exact selected manifest while checkpoint failure remains degraded (516.7622ms)
✔ source verification fault leaves original selection and retains attempted files (344.4986ms)
✔ unsupported raw source bytes remain exactly referenced and exportable after a manifest commit (658.5013ms)
✔ access revoked after source materialization refuses manifest publication (363.0733ms)
✔ concurrent manifest owners cannot both publish against one project revision (393.6786ms)
✔ identical orphan and successful retry records still prove selected ancestry for duplicate receipts (636.5034ms)
✔ native restore purpose permits new manifest selection when ordinary workspace saves are refused (352.0904ms)
✔ permission revoked in the awaited before-select hook cannot publish a new manifest (482.2879ms)
✔ selected parent identity distinguishes an orphan with a different checkpoint policy (795.5063ms)
✔ real admitted parser projects values, annotations without values and updates distinctly (8.9914ms)
✔ annotation classification follows direct parser operator, not equals in strings or nested calls (1.9354ms)
✔ chained, destructured, attribute, subscript and Unicode assignments retain exact source ranges (1.8051ms)
✔ function and branch containment includes assignments without claiming execution or data flow (1.4999ms)
✔ existing yield, await and call blocks survive assignment projection (1.4085ms)
✔ syntax errors retain absolute locations and bounded diagnostics, not successful runtime claims (35.6377ms)
✔ new assignment blocks honor graph, edge and visit caps (15.0053ms)
✔ shortened assignment labels never split a Unicode surrogate pair (0.6467ms)
✔ actual map view accepts annotation literally with an accurate explanation and immutable navigation (41.7636ms)
✔ actual patched worker maps selected Python syntax containment and exact navigation without claiming execution (247.7505ms)
✔ selected syntax map uses exact EOF ranges/lines beyond 300k and refuses a missing range before I/O (214.6145ms)
✔ actual isolated analysis worker preserves assignment, update and annotation distinctions in the exact stored version (47.1348ms)
✔ finite map budgets, incomplete syntax and literal labels remain explicitly partial and retain immutable bytes (121.2369ms)
✔ metrics distinguish UTF-8 bytes, UTF-16 offsets and CRLF line width (2.5344ms)
✔ empty and unterminated long lines count without adding terminator width (0.3579ms)
✔ metrics refuse unpaired surrogate input rather than replacement encoding (0.6932ms)
✔ migration writes a new schema 2 project and leaves every original project file byte-identical (1751.0563ms)
✔ two Docs referencing one original source share a blob while distinct release identities stay separate (963.002ms)
✔ actual desktop storage bag migrates linked files, release snapshots and private draft keys (693.2312ms)
✔ partial source import failure reports the retained new project without admitting migration (411.5845ms)
✔ remapping updates only exact source pointers including JSON-valued storage without changing owner IDs (1.4481ms)
✔ migration keeps current linked files bound to current rows when a retained backup has older text (975.7617ms)
✔ source remapping preserves special JSON keys as data without prototype mutation (0.3801ms)
✔ satellite native metadata observer rejects source text, authority, accessors and invalid refs and unsubscribes exactly (9.7794ms)
✔ other-window notices coalesce and refresh only a clean idle view, ignoring unrelated and old versions (3.8035ms)
✔ failed clean refresh retains its notice without an unbounded retry loop; a newer native version may try once (3.8846ms)
✔ dirty, pending, fenced or retiring view preserves local work and never silently reloads it (2.342ms)
✔ native read admission reflects genuine private captures, owner pause and access revocation without creating writes (949.0247ms)
✔ production reads require an explicit selected version and cannot disclose a newer unselected draft (1052.3586ms)
✔ native Code reads exact versioned bytes and metrics without project, Docs or another source content (788.5661ms)
✔ write and unknown methods are refused before obtaining any native source repository (679.1045ms)
✔ Docs, copied same-URL sender, subframe, foreign source and locked callers cannot read native source bytes (728.3453ms)
✔ Home cannot reuse the workspace role to obtain source data and malformed payloads cannot evaluate accessors (595.8619ms)
✔ read bridge obeys owner pause and cannot lift a transition fence (571.3866ms)
✔ typed read receipt streams exact source with Unicode-safe acknowledged boundaries and no provenance (454.3111ms)
✔ another registered view cannot consume or close a copied read ID (800.6631ms)
✔ source/hash/version confusion and renderer authority fields refuse without disclosing text (311.0775ms)
✔ service bounds opening and active handles; disposal fences pending admission (283.2231ms)
✔ destroying one native reader window immediately releases its budget without closing another window lease (316.8255ms)
✔ a native window lost while a reader opens cannot publish bytes or retain the opening budget (403.0054ms)
✔ legitimate disk corruption retains its error attribution and releases the failed open (359.8808ms)
✔ a null native rejection becomes a sanitized failure rather than rejecting the invocation (322.6408ms)
✔ native adapter extensions cannot add private fields to typed open or chunk receipts (269.1958ms)
✔ actual native main owner allows verified selected schema-2 reads in readonly while preserving legacy write gates (1175.3399ms)
✔ actual main source gate refuses PIN transitions, shell failures, quiescence, legacy source IDs and unselected source refs (3793.3941ms)
✔ actual main mounts the finite read-only source channel and tracks its pending operation in the shared write/drain set (570.3419ms)
✔ primary source API stays readonly; satellite mutations use a distinct finite native channel (5.392ms)
✔ actual main confines a Code window to its admitted version even when another version is selected in the same project (922.7417ms)
✔ bounded chunks preserve every BOM/newline/Unicode byte and the captured version after a later edit (1038.3406ms)
✔ snapshot reads stay immutable; subsequent readers verify disk integrity again (277.5178ms)
✔ Lock revokes snapshot reads and disposal closes access rather than returning retained text (354.215ms)
✔ reader limits include pending opens; failure/disposal reclaim capacity without changing source bytes (443.3169ms)
✔ unsupported UTF-8 cannot create a reader and does not consume its slots (362.024ms)
✔ pool capacity cannot be expanded by overwriting exposed configuration (306.179ms)
✔ an expired pending open keeps its capacity until the original I/O settles (340.949ms)
✔ dispose during the final read guard suppresses already computed private text (361.4219ms)
✔ pool expiry cannot be postponed by overwriting exposed configuration (2464.8006ms)
✔ microtask disposal immediately before read publication suppresses private text (275.2395ms)
✔ microtask disposal immediately before open publication suppresses the reader grant (386.0141ms)
✔ schema 2 refuses old renderer workspace save without changing the source manifest (944.0282ms)
✔ selecting schema 2 exposes a read-only legacy view instead of allowing metadata-only edits (296.1875ms)
✔ schema 2 checkpoints and exports bind referenced bytes, not only metadata JSON (748.3842ms)
✔ restoring schema 2 creates independent sources and preserves every byte of the original project (1047.8124ms)
✔ source collection preserves emergency references and selected private drafts, removing only unselected import debris (1016.931ms)
✔ damaged recovery scan refuses collection and retains original source/debris bytes (450.9968ms)
✔ missing bytes of a selected unlinked source refuse collection instead of classifying it as an import orphan (672.7017ms)
✔ an unscanned checkpoint temporary refuses collection because recovery coverage is incomplete (558.4562ms)
✔ verified read never reuses bytes after the owned source blob changes or disappears (347.4334ms)
✔ verified version reads exact original or edited bytes with one genuine replay and rechecks read/export authority after it (440.091ms)
✔ exact BOM, mixed newline and Unicode bytes survive import, durable draft, commit and fresh reopen (770.9233ms)
✔ duplicate operations survive restart; stale writes and ID reuse cannot replace selected bytes (1019.7168ms)
✔ split surrogate, unpaired input and out-of-range edits preserve original version and bytes (444.1453ms)
✔ malformed UTF-8 stays exactly exportable and refuses editing without implicit conversion (338.5756ms)
✔ 32 MiB source boundary is accepted, +1 refused; growing edit also obeys bytes rather than lines (1257.9711ms)
✔ project disk budget includes retained distinct blobs and journal overhead, refusing before publication (475.1744ms)
✔ blob, journal and preselection faults keep old version; postselection ACK states the durable new version (1783.6272ms)
✔ checkpoint failure after source commit returns committed version with recovery-degraded durability (421.2268ms)
✔ edit and commit share an operation identity namespace, refusing cross-kind reuse (261.8786ms)
✔ default 256 MiB disk budget refuses the eighth distinct 32 MiB blob and preserves the seven admitted originals (5034.4949ms)
✔ PIN/access, IDs, unknown project and junctions cannot bypass owned-source access (127.3598ms)
✔ concurrent owners cannot both select edits from the same source version (186.3879ms)
✔ access lost immediately before pointer selection cannot publish a new draft (140.4735ms)
✔ a successful checkpoint receipt is durable and idempotent after restart (171.1045ms)
✔ an unselected durable commit journal does not poison its operation ID after another commit (322.0206ms)
✔ native source mutation bridge preserves two independent Unicode/CRLF sources and leaves Docs/project untouched (1109.9354ms)
✔ native duplicate and stale mutation retain exact CAS semantics and immutable original (721.8864ms)
✔ historical Code, Docs, foreign entity, copied sender and subframe cannot gain edit authority (538.5524ms)
✔ mutation payloads cannot smuggle project/epoch/nonce, methods or getters before native repository admission (428.1248ms)
✔ Lock during pending edit suppresses successful disclosure and preserves the selected source (542.4115ms)
✔ paused mutation requires the genuine frame drain ticket and seals an actual committed source (802.408ms)
✔ actual main mutation channel refuses normal readonly/historical/foreign views and tracks genuine admitted draft writes (997.1647ms)
✔ satellite preparation keeps the source drain nonce private and never exposes it in the public bridge (6.5083ms)
✔ actual startup retains readonly identity refusal and records bounded diagnostics without native paths (10.4388ms)
✔ startup reports finite native query/decode reasons and byte counts without returned text (3.7467ms)
✔ exact ten Terminal methods accept only their complete typed request and normalize an immutable copy (5.3016ms)
✔ Terminal requests reject unsafe identifiers, numeric coercion, omitted fields and dimension overflow (0.5932ms)
✔ prototype-bearing, accessor, symbol and hidden payload fields are refused without executing getters (0.3829ms)
✔ terminal input is bounded by exact UTF-8 bytes and refuses malformed UTF-16 without partial normalization (3.3034ms)
✔ invalid Terminal payload is refused before dispatch and valid dispatch receives only the immutable copy (1.2493ms)
✔ frozen Terminal default budgets equal the approved finite limits (0.1733ms)
✔ per-lease256KiB and global2MiB output credits are exact and bounded across8 views (1.4285ms)
✔ only observed delivery boundaries refund credit; duplicate ACK never refunds twice (1.2119ms)
✔ detach releases exactly its credit and stale lease cannot ACK a new attachment (0.4395ms)
✔ strict byte offsets, finite frame metadata and gaps never grant hidden credit (0.8779ms)
✔ unknown, duplicate and exhausted cursors refuse without mutating credit state (1.0915ms)
✔ cwd defaults refuse authority before invoking picker or filesystem (6.1352ms)
✔ cwd returns only immutable public grant and resolves same-project eligible peer (3.0765ms)
✔ cwd literal native paths preserve drive roots Unicode and shell punctuation (2.6727ms)
✔ cwd cancellation and empty or multiple picker results never choose a fallback (0.6887ms)
✔ cwd denies malformed path namespaces components and invalid Unicode (2.3658ms)
✔ cwd refuses protected root equality descendants case aliases and normalized traversal (0.868ms)
✔ cwd refuses redirected leaf or reparse ancestors without trusting canonical label (1.967ms)
✔ cwd revalidates selected identity and every ancestor instead of silently retargeting (1.6656ms)
✔ cwd missing inaccessible or file directory provider never returns an alternate path (0.7899ms)
✔ cwd guards reject copied foreign stale and disallowed role grants (0.8306ms)
✔ cwd locked readonly recovery and nonwritable views cannot select or resolve (1.2194ms)
✔ cwd picker completion cannot survive admission rollback or revoke (0.5476ms)
✔ cwd admission is rechecked after each protected-root and selected-directory await (0.5179ms)
✔ cwd resolve rechecks authority after every filesystem await (1.3725ms)
✔ cwd revoke and dispose invalidate old tokens and in-flight work permanently (0.519ms)
✔ cwd bounded tokens never evict live authority and concurrent picker capacity is finite (0.959ms)
✔ cwd stale completion after revoke cannot consume the new generation capacity (0.6865ms)
✔ cwd provider getters and asynchronous truthy authority are refused (0.41ms)
✔ cwd missing protection or inspection provider never grants a token (0.2472ms)
✔ cwd final authorization cannot revoke the scope and then return a late token (0.3536ms)
✔ cwd final resolve guard cannot dispose authority and still deliver a path (1.9531ms)
✔ cwd current guard cannot reentrantly revoke admission on the final return check (0.8309ms)
✔ cwd native device aliases are outside the admitted local pathname policy (0.4244ms)
✔ cwd rejected inspections redact provider exceptions and retain capacity (0.5617ms)
✔ cwd malformed provider reflection cannot leak private exceptions as receipts (0.3318ms)
✔ cwd hard grant capacity is finite and unknown forged ids never resolve (7.9075ms)
✔ Terminal output component exports the specified pure interfaces (1.3734ms)
✔ ring retains an exact 4 MiB tail of a 10 MiB line and reports exact cursor gap (17.3241ms)
✔ UTF-8 deliveries never cut a scalar and resume exactly from their byte cursor (0.4953ms)
✔ small writes pack into finite blocks and saturation preserves bounded metadata (6.7669ms)
✔ producer keeps appending without a consumer and clear preserves sequence/gap accounting (0.2917ms)
✔ invalid options, data and future cursors refuse without changing retained output (0.765ms)
✔ VT filter holds a split sequence until complete and preserves ordinary ANSI/Unicode (0.734ms)
✔ oversized OSC is omitted across pushes through a split ST without retaining payload (3.7805ms)
✔ CSI and C1 DCS/SOS/PM/APC budgets recover after their actual terminators (5.3797ms)
✔ CAN cancels discarded VT data and parser reset drops a bounded incomplete sequence (1.5034ms)
✔ filter output deliveries are capped even when a pending sequence completes with a full input chunk (4.1354ms)
✔ Terminal policy defaults to refusing sender identity; matching plain fields never mint native authority (1.6881ms)
✔ workspace may configure/list/create/stop, but only terminal role may attach/input/resize/ACK/detach (2.682ms)
✔ PIN and epoch are checked on every call, including passive session metadata (0.3224ms)
✔ readonly and recovery expose only passive eligible metadata; unknown modes refuse everything (0.3236ms)
✔ native session, project and current attachment identity are required for leased operations (0.3936ms)
✔ failed or asynchronous authority providers cannot authorize a synchronous input fence (0.455ms)
✔ normal app mode never upgrades a current read-only view to shell execution (0.3671ms)
✔ profile defaults do not discover files or issue a usable executable (4.1532ms)
✔ profile list is immutable and exposes no native executable argv or environment (3.7624ms)
✔ profile resolver returns absolute fixed interactive PowerShell envelope without commands (1.7295ms)
✔ profile missing native OS root or executable remains unavailable without PATH fallback (2.5883ms)
✔ profile unknown optional ids and caller startup arguments cannot select a shell (0.5637ms)
✔ profile revalidates pinned executable and directory identities after discovery (3.215ms)
✔ profile refuses native file evidence with missing ancestry identity or accessor fields (0.7787ms)
✔ profile environment strips injection keys without mutating native OS snapshot (0.6591ms)
✔ profile refuses duplicate case-folded environment variables and non-data snapshots (2.1637ms)
✔ profile total environment budget refuses oversized aggregate without silent truncation (1.0862ms)
✔ profile scope is checked after OS-directory and executable awaits on list (0.3757ms)
✔ profile scope is checked after each resolve await including environment snapshot (0.7487ms)
✔ profile revoke never revives an old asynchronous discovery and dispose is permanent (0.6194ms)
✔ profile concurrent operations are bounded without permanently consuming capacity on failure (0.6222ms)
✔ profile asynchronous truthy or throwing authorization cannot discover a shell (0.6188ms)
✔ usable native profile envelope never becomes a renderer supplied create authority (0.9477ms)
✔ profile final scope check cannot reentrantly revoke and deliver executable or env (0.8178ms)
✔ profile final native guard cannot dispose and still return a usable envelope (0.8314ms)
✔ profile replacement during environment await is rechecked before returning envelope (0.4966ms)
✔ profile concurrent discovery never accepts two different pinned native identities (1.9434ms)
✔ profile missing required OS variables or malformed private-key policy refuses (1.5177ms)
✔ profile discovery refuses native device aliases before trusting executable evidence (0.609ms)
✔ profile malformed provider reflection never leaks private errors through list or resolve (0.7833ms)
✔ profile final executable check is fenced after its own native await (0.4379ms)
✔ Terminal session state starts closed and never pretends it owns native processes (1.8697ms)
✔ one project/window lease and immutable bounded session metadata; no foreign session attach (0.9221ms)
✔ exact Unicode input is written once; duplicates, conflicting data and sequence gaps do not replay (2.7294ms)
✔ latest256 input receipts stay bounded; expired inputs cannot be resubmitted (11.3444ms)
✔ Lock fences synchronously, drops queued input, keeps an already delivered command untouched (5.8483ms)
✔ pending duplicate receives one receipt, bounded queue refuses a whole paste and drains serially (4.7606ms)
✔ zero-byte pending input metadata is bounded and malformed input has zero writer effects (5.501ms)
✔ transport failure is ambiguous, closes the lease and never retries or replays a command (0.546ms)
✔ detach or host loss revokes pending work without issuing process commands (0.5103ms)
✔ known host loss immediately settles active and queued input as unavailable; late ACK cannot resurrect state (3.0595ms)
✔ eight real rings keep32MiB after512MiB output while stalled consumers cannot grow credited deliveries (1379.4329ms)
ℹ {"scope":"Pure Node rings/credits only; no PTY/renderer/native latency qualification","producedUtf8Bytes":536870912,"retainedUtf8Bytes":33554432,"peakCreditedUtf8Bytes":2097152,"peakAllocatedRingBytes":33554432,"visibleGaps":80,"peakObservedRss":172322816,"elapsedMs":1377}
✔ beginning, middle and EOF edits preserve exact BOM, emoji and CRLF (6.9058ms)
✔ duplicate identity returns original result and changed payload refuses reuse (0.8365ms)
✔ invalid UTF-16 boundaries, unpaired insertions and invalid ranges leave state unchanged (1.4195ms)
✔ validate prepares an inverse without consuming operation identity or mutating state (1.9567ms)
✔ undo and redo use unique action IDs with monotonic versions and clear redo on branch (1.1466ms)
✔ history budget retains recent operations and refuses undo once older entries are evicted (1.0822ms)
✔ unique no-op edits advance journal versions without adding undo history (0.2909ms)
✔ returned inverses cannot mutate retained history (0.3135ms)
✔ malformed numeric and source payloads return typed refusal without throwing (0.3543ms)
✔ line metrics update when edits join CRLF boundaries and remove longest lines (0.469ms)
✔ all short newline boundary edits retain exact text and independently derived metrics (15.6631ms)
✔ repeated long-line edits and undo preserve widths and bytes without snapshot histories (11.7783ms)
✔ mixed repeated Unicode and newline edits match an independent string oracle (13.1308ms)
✔ exhausted versions refuse changes and evicted history still remembers operation identity (0.705ms)
✔ real anonymous release discovery stages only a complete signed package and an independently readable receipt (318.5646ms)
✔ 404, rate limit, server outage, draft and prerelease never report current (64.9325ms)
✔ HTTP success with a short or corrupt body never produces a ready receipt (6131.001ms)
✔ cancel stops an actual paused response without admitting it or switching the application (52.4314ms)
✔ durable high-water refuses rollback and corrupt trust state without silently resetting (46.5293ms)
✔ production transport refuses arbitrary hosts, HTTP, credentials, unsafe TLS and redirected private destinations (1.8117ms)
✔ automatic discovery waits for online status and durably runs at most once per 24 hours without downloading (80.744ms)
✔ publisher signature verifies exact bytes; changed bytes, signature reuse and unknown key fail (21.7402ms)
▶ authenticated but unsafe metadata fails independently of a valid publisher signature
  ✔ expired (1.3078ms)
  ✔ product (0.9732ms)
  ✔ arch (0.8776ms)
  ✔ channel (0.9798ms)
  ✔ schema (1.1598ms)
  ✔ semver (0.8262ms)
  ✔ prerelease (0.5742ms)
  ✔ overflow (1.2103ms)
  ✔ extractedOverflow (1.1564ms)
  ✔ duplicate (0.8707ms)
  ✔ caseCollision (1.0888ms)
  ✔ prefixCollision (0.9047ms)
  ✔ traversal (2.2466ms)
  ✔ reserved (0.8885ms)
  ✔ ADS (0.7487ms)
  ✔ trailingDot (0.7019ms)
  ✔ userData (0.794ms)
  ✔ assetMismatch (0.6583ms)
  ✔ floorAboveRelease (0.7807ms)
✔ authenticated but unsafe metadata fails independently of a valid publisher signature (24.1542ms)
✔ duplicate JSON fields, comments, trailing commas and invalid UTF-8 are rejected before use (3.5245ms)
SIREN_VIEW_PREPARE_STAGE {"stage":"sent","role":"code","elapsedMs":0}
SIREN_VIEW_PREPARE_STAGE {"stage":"acknowledged","role":"code","elapsedMs":1}
SIREN_VIEW_PREPARE_STAGE {"stage":"sealing","role":"code","elapsedMs":1}
SIREN_VIEW_PREPARE_STAGE {"stage":"prepared","role":"code","elapsedMs":134}
SIREN_VIEW_PREPARE_FAILURE {"role":"code","code":"CONTROL_STALE","rendererCode":null}
✔ actual main control seals a selected readonly Code version and refuses satellite primary draining (790.5271ms)
✔ production package includes the mounted control, barrier and immutable proof modules (0.4985ms)
✔ native Code view control exists (1.3288ms)
✔ native seal rather than a renderer supplied receipt establishes flush success (5.7636ms)
✔ unresponsive view reaches a native deadline and late acknowledgements cannot become success (16.4875ms)
✔ actual frame destruction refuses pending preparation and cancels its finite allowance (1.4629ms)
✔ one view is not prepared twice and independent views have independent acknowledgements (1.2605ms)
✔ deadline covers the native seal and never publishes its delayed success (17.1958ms)
✔ disposing control refuses every outstanding request and never records a clean close (0.7741ms)
✔ bounded native preparation diagnostics distinguish delayed renderer from delayed seal without granting authority (17.2839ms)
✔ preload.cjs bounds native preparation and keeps the draining nonce private (9.7023ms)
✔ windows/preload.cjs bounds native preparation and keeps the draining nonce private (4.8249ms)
✔ all captured views are covered before mutable flushes; immutable and Home seals describe the final saved revision (6.9723ms)
✔ workspaceEntities implementation exists (1.2358ms)
✔ schema 1 native direct workpapers grant Docs but never infer legacy Code file IDs (1.7681ms)
✔ schema 2 sourceRefs produce unique Code IDs independently from provenance docs (0.4346ms)
✔ actual desktop primary bag outranks imported state, direct workpapers and old caches (0.2719ms)
✔ imported bag.state and direct active workpapers are recognized without recursive crawling (0.2093ms)
✔ storage bag without primary and unrelated/release/draft arrays grant no Docs (0.3505ms)
✔ invalid present primary or imported state fails closed instead of falling back (0.7186ms)
✔ malformed snapshots, schemas and outer JSON return empty without throwing (0.3042ms)
✔ invalid IDs, versions and hashes are filtered without numeric coercion (0.3685ms)
✔ missing or malformed sourceRefs yield no Code while actual Docs remain scoped (0.3605ms)
✔ own data descriptors avoid snapshot/ref getters and inherited authority (0.3406ms)
✔ array accessors and inherited sparse entries cannot contribute Code IDs (0.1995ms)
✔ JSON special keys never create inherited workpapers or pollute prototypes (0.1243ms)
✔ workspace UTF-8 byte cap rejects oversized multibyte JSON before parsing/granting (85.739ms)
✔ roster contains only fresh ID arrays and preserves frozen native inputs (0.4758ms)
✔ actual ProjectStore-verifiable schema 1 and schema 2 snapshots produce native rosters (2.0963ms)
✔ renderer emits only data-free hashed role entrypoints and exact packaged modules (10158.9995ms)
✔ native role factory remains hidden and denies navigation, subframes, popups and webviews (2.1561ms)
✔ close active view targets its captured native shell, never the main workspace or another view (4.5326ms)
✔ close from main targets only the selected attached view; no selection is a harmless no-op (0.7165ms)
✔ close refuses foreign, revoked and mid-selection transition origins; native veto remains intact (0.6901ms)
✔ Quit requests the permanent main close path from any captured native role and also from locked main (0.4686ms)
✔ Ctrl+W and Ctrl+Q use the genuine input origin once, suppress repeat/menu duplicates and preserve composing keys (0.715ms)
✔ native cycling restores the selected minimized neighbour and wraps both directions without opening a view (0.8163ms)
✔ main return restores only the permanent window while locked without authorizing a data view (0.5396ms)
✔ transition fences and invalid directions never restore a minimized data view (0.3708ms)
✔ same-URL replacement frames and changed native permissions are excluded from the focus roster (0.4831ms)
✔ a foreign focused native handle is never brought into the registered cycle (0.7216ms)
✔ native window lookup cannot alias another grant and access is rechecked after gathering the roster (0.6018ms)
✔ native key handling uses its genuine source window and consumes the menu accelerator once (0.2994ms)
✔ native key handling preserves unrelated keys and cannot cycle from an unregistered handle (0.351ms)
✔ preserves reachable negative DIP coordinates on a monitor left of origin (3.7955ms)
✔ uses workArea DIP unchanged across 100, 150 and 200 percent scaling (0.4775ms)
✔ current overlap outranks a stale display hint and largest overlap chooses the monitor (0.3164ms)
✔ display hint breaks equal overlaps and otherwise primary breaks ties (0.2967ms)
✔ removed monitor rehomes offscreen normal bounds to the primary workArea (0.1996ms)
✔ existing display hint rehomes an offscreen window to that display (0.2564ms)
✔ taskbar and resolution changes keep the titlebar and entire normal window reachable (0.2184ms)
✔ tiny workAreas win over default or remembered sizes without an offscreen minimum (0.2476ms)
✔ malformed saved bounds fall back to centered capped defaults (0.4728ms)
✔ fractional stored bounds round to DIP integers and fractional workAreas round inward (0.4387ms)
✔ maximized and fullscreen restoration retains a usable normal rectangle and literal flags (0.233ms)
✔ invalid displays are excluded and no usable current display is an explicit failure (0.8532ms)
✔ restoration neither mutates inputs nor reads or copies unrelated content (0.7696ms)
✔ malformed numeric fields cannot execute coercion or accessor code (0.4909ms)
✔ varied disconnected and changed layouts always contain the restored normal window (13.6391ms)
✔ different sources serialize through one owner and preserve exact independent texts and linked Docs (886.2594ms)
✔ same entity stale updates and duplicate operation IDs retain native conflict semantics across fresh repositories (624.4682ms)
✔ pause refuses new admission while accepted in-flight work drains with its actual receipt (765.3628ms)
✔ a paused owner admits only bounded source flushes from the captured native frame (868.6016ms)
✔ a flush ticket is not a successful save when only a draft or a failed operation was received (798.8754ms)
✔ flush sealing waits for native selection and prevents additional work while it waits (723.8516ms)
✔ flush admission rejects reads, foreign sources, byte overflow and stale pause generations (310.1899ms)
✔ resuming authority inside a flush write fences publication and cannot seal a stale success (350.5452ms)
✔ native cancellation refuses clone or foreign frame and fences a pending flush publication (464.0405ms)
✔ captured frame revocation inside source write prevents late selection and receipt disclosure (342.4581ms)
✔ bounded owner queue includes pending native I/O and does not admit cloned grants or foreign entities (346.9269ms)
✔ same native frame cannot submit a queued source edit after its access policy becomes readonly (294.1549ms)
✔ queued payload is copied before awaits and a renderer getter is never evaluated (428.8322ms)
✔ subscriptions contain only verified scoped source receipts and stop on dispose or native revocation (386.0404ms)
✔ required window IPC implementation exists (1.8025ms)
✔ getView returns only the native caller grant despite forged event identity (3.6489ms)
✔ missing, unregistered, forged-object and subframe senders are refused (0.7702ms)
✔ exact payloads reject unknown keys, symbols, prototypes, accessors and identity fields (2.3273ms)
✔ empty requests accept omitted, null and empty-object payloads only (0.611ms)
✔ workspace opens scoped Code/Docs and finite Diagram with exact nonnegative source version (1.3622ms)
✔ foreign entity requests and every satellite opening or global listing are refused (0.9463ms)
✔ Audience gets its grant with empty entityIds and no project, notes or source content (0.9093ms)
✔ listViews filters project and epoch and strips non-record data (1.6714ms)
✔ workspace focuses and closes scoped satellites but cannot close workspace (2.0766ms)
✔ satellites focus and close only themselves with no global shelf grant (0.9971ms)
✔ foreign project, epoch and unknown targets refuse before native actions (0.6184ms)
✔ canceled close stays registered and never reports successful close (0.4865ms)
✔ workspace and satellite self-close acknowledge actual asynchronous native closure (0.7633ms)
✔ asynchronous self-close cannot acknowledge a changed access epoch, project or sender (1.4175ms)
✔ self-close revalidates native scope at the final IPC continuation (1.9806ms)
✔ navigation and crash disposal never count as an intentional pending self-close (1.8177ms)
✔ native close deadline reports unknown completion separately from cancellation (15.1991ms)
✔ renderer unload veto cancels close while an overridden veto waits for native closed (0.5827ms)
✔ open caller revocation discards the newly registered view even when close is canceled (0.3373ms)
✔ late open caller revocation and failed disposal report sanitized destruction failure (0.2071ms)
✔ project and epoch revocation while open is pending refuse without publishing a grant (0.3456ms)
✔ async metadata reads recheck native caller object and frame after awaiting (0.369ms)
✔ async target lookup rechecks caller before executing focus (0.2714ms)
✔ native errors never expose stack, path, notes or arbitrary error code (0.2569ms)
✔ rejected asynchronous operations also recheck caller before returning a receipt (0.5019ms)
✔ layout metadata survives a fresh store read without project/source data and retains negative DIP bounds (44.204ms)
✔ malformed or oversized saved layout defaults safely and is retained without overwrite (62.791ms)
✔ duplicate native entity views reserve separate stable slots, restore after restart and rehome a missing display (98.1707ms)
✔ layout identity accepts the native registry entity alphabet, including imported uppercase and leading underscore IDs (32.7303ms)
✔ native geometry events coalesce metadata only, revoke on disposal and keep the last actual normal/max/full state (58.2945ms)
✔ cancelled native placement retains last stable fullscreen metadata instead of persisting its temporary exit (58.8858ms)
✔ native factory consumes saved geometry while hidden and releases a failed creation slot; package includes the memory module (21.8681ms)
✔ hidden native factory verifies and corrects constructor frame drift before a saved maximized/fullscreen view can be admitted (79.9308ms)
✔ hidden frame sizing compensates one stable native scale rounding offset while still requiring exact final DIP readback (98.3127ms)
✔ native placement suspends mode persistence before fullscreen exit and cancels that metadata transaction at Lock (23.278ms)
✔ monitor chooser moves only its captured native Code to the selected negative-coordinate display and preserves modes (100.7461ms)
✔ monitor chooser refuses copied tickets, forged displays, retired frames and changed display topology before mutation (1.7009ms)
✔ cross-DPI monitor movement uses actual DIP bounds and positions before sizing on the destination display (148.8281ms)
✔ native completion matches the exact OS DIP-pixel projection while preserving the requested size and rejecting out-of-area projections (186.6424ms)
✔ native monitor popup uses radio choices and a captured one-use origin without exposing renderer move authority (0.7918ms)
✔ removed-display recovery rehomes actual admitted native handles without focus, navigation or grants (296.8545ms)
✔ automatic metrics recovery preserves reachable windows and minimized, maximized and fullscreen states (200.4579ms)
✔ explicit bring-back moves admitted windows to primary and restores minimized views without selecting or saving (298.2797ms)
✔ Lock and transition retain only permanent PIN window geometry and never reveal retained native data handles (200.7447ms)
✔ replacement frames and aliased native handles cannot enter display recovery (199.255ms)
✔ per-view grant and transition are rechecked after native normal bounds are read (99.9909ms)
✔ tiny current workArea reduces native minimum constraints and no usable display makes no changes (302.4858ms)
✔ native failure does not prevent independent live windows from recovering and reports incomplete outcome (233.1839ms)
✔ native bring-back shortcut is consumed once from the genuine originating window and repeats do not act (301.3426ms)
✔ actual display-event binding recovers on removed/geometry metrics only and can be disposed (398.0975ms)
✔ fullscreen normal geometry is positioned outside fullscreen before that native state is restored (295.8593ms)
✔ restored minimized native dimensions are read again before explicit rehome (296.2449ms)
✔ native placement completes in a later turn before maximize can cache the new normal bounds (295.3168ms)
✔ later native frame replacement cancels a captured target before geometry mutation (198.0975ms)
✔ concurrent explicit recovery is refused rather than interleaved into native state transitions (298.8733ms)
✔ native bounds failure conditionally restores fullscreen while reporting incomplete recovery (234.4826ms)
✔ Lock during a native await never restores fullscreen or reveals a retired handle (216.8317ms)
✔ request origin is captured before scheduling and a replaced originating frame cancels the whole operation (0.4665ms)
✔ controller disposal cancels queued recovery without native mutations or new requests (0.3928ms)
✔ superseded display recovery cancels the old result and completes one coalesced latest-workArea operation (301.0954ms)
✔ origin retirement during native completion cancels all remaining mutations and main focus (52.1912ms)
✔ dispose during native completion prevents restoration, following target moves and focus (49.5847ms)
✔ disposing a queued coalesced completion resolves false without leaving a pending listener or moving targets (0.3857ms)
✔ native captured callers cannot be cloned and retire on frame epoch or permission changes (2.8571ms)
✔ captured same-URL frame is retired when native main frame identity changes (0.7735ms)
✔ a pinned native workspace stays locked without a data grant and explicitly rebinds a new epoch after reload (1.8262ms)
✔ workspace-preserving Lock revokes every grant and destroys minimized satellites before any new activation (1.2757ms)
✔ modern native navigation details revoke a satellite and trusted discard bypasses canceled close (1.2187ms)
✔ an in-flight workspace factory cannot become a second owner after native binding (0.6609ms)
✔ pinned inactive native owner identities cannot be reused by a factory or new binding (0.653ms)
✔ workspace preservation cannot forgive a prior failed native destruction (0.4954ms)
✔ opens distinct native views with trusted project scope and serializable records (0.8205ms)
✔ refuses forged scope, unsupported roles and malformed versions before creating a window (0.7379ms)
✔ refuses cross-project entities and absent or malformed native authorization (0.5114ms)
✔ locked and readonly write authorization cannot create data windows (0.2471ms)
✔ readonly and recovery read authorization admits eligible views without overriding safety (0.1984ms)
✔ workspace scope permits no entity while audience requires presentation authorization (0.3816ms)
✔ caller derives its grant from registered native objects and ignores forged payload identity (0.1898ms)
✔ same URL and numeric renderer ID never grant an unregistered sender native object (0.1786ms)
✔ subframes and role, query or fragment URL substitutions never authorize IPC (0.2349ms)
✔ live caller authorization refuses closed, destroyed or native ID replacement (0.3575ms)
✔ caller revalidates trusted current project, entity ownership, mode and access (0.4024ms)
✔ entity grants are isolated immutable snapshots and audience receives no source IDs (0.3267ms)
✔ authorization exceptions and asynchronous policy never grant renderer access (0.2661ms)
✔ focus restores a minimized native view and closing one view preserves the others (0.4753ms)
✔ cancelled native close retains the registered view and its grant (0.2079ms)
✔ native close waits for actual asynchronous destruction without revoking a retained grant early (0.2246ms)
✔ a pending close has a bounded deadline and keeps a canceled or unresponsive native view intact (15.5736ms)
✔ native destruction, crash and main navigation permanently revoke the renderer grant (0.6832ms)
✔ subframe navigation cannot revoke the unrelated main-frame view (0.1714ms)
✔ epoch invalidation destroys minimized and audience views and locked policy blocks new grants (0.3155ms)
✔ pending creation cannot publish after epoch invalidation or a native policy change (0.5904ms)
✔ a destroyed or reused factory renderer cannot acquire a second view grant (0.5692ms)
✔ returned view records cannot mutate registry role, epoch or lifecycle state (0.3377ms)
✔ a replacement main-frame object at the same URL cannot inherit a prior grant (0.1911ms)
✔ factory identity collisions reject the new view without destroying an existing renderer (0.5852ms)
✔ failed epoch destruction revokes every grant and blocks new windows until destruction completes (0.5325ms)
✔ sparse trusted entity lists and malformed native windows fail closed without publishing (0.5262ms)
✔ a failed stale factory disposal is retained for epoch retry and never gains a grant (0.4607ms)
✔ navigation destruction failure revokes synchronously and prevents new grants until retry (0.4517ms)
✔ a pending factory cannot publish after another view fails navigation destruction (0.5068ms)
✔ registry exposes a private immutable roster fence (349.7412ms)
✔ roster captures every real minimized frame and refuses cloned proofs or new opens (331.2186ms)
✔ a pre-fence pending factory cannot join even after the fence is released (223.719ms)
✔ retirement, policy change, same URL frame replacement and epoch changes invalidate the roster (1173.3735ms)
✔ native source receipt reconciliation exists (0.1712ms)
✔ an older per-view commit does not represent the final shared source draft (601.0368ms)
✔ two native commits reconcile to the genuinely latest shared selected version (909.8963ms)
✔ old-only, forged commit, cross-project and failed receipts cannot establish latest persistence (707.3922ms)
✔ reconciliation refuses live allowances and guards its asynchronous proof reads (275.6987ms)
✔ empty receipts or a missing Code entity cannot establish complete roster persistence (418.0701ms)
✔ native source barrier exists (0.2443ms)
✔ every minimized Code view must flush before a native-only prepared proof can be issued (488.488ms)
✔ one failed or throwing view cannot produce a clean close and remains honestly fenced (525.6368ms)
✔ Docs or workspace routes are explicitly refused until their domain barriers are admitted (141.0869ms)
✔ retirement after view ACK but before final proof cannot become successful preparation (292.1326ms)
✔ resuming the owner or beginning another native allowance invalidates prepared authority (626.1979ms)
✔ overall deadline cancels outstanding preparation and delayed success cannot issue a proof (166.0777ms)
✔ shared shelf names only current owned native views and reports real minimized state without source reads (9.544ms)
✔ title metadata cannot cross a retired grant, navigate a view or execute getters in IPC payloads (1.1798ms)
✔ Diagram docking retains its renderer and captured grant while refusing borrowed IDs and stale peers (2.0296ms)
✔ two attached native views retain independent renderer draft/selection/history and only the selected one is visible (1.1511ms)
✔ a stale attached peer refuses a new attachment before changing native ownership or visibility (0.6035ms)
✔ release of a preparation roster and focusing an attached view catch up a host resize without reattachment (0.8694ms)
✔ returning to the main workspace hides attached pixels without navigating or discarding them (0.7357ms)
✔ retired grants and a frozen writer roster refuse movement or activation before native changes (0.8979ms)
✔ dock IPC derives actual caller identity and rejects borrowed IDs, getters, subframes and revoked grants (1.1351ms)
✔ prepared same-project entry rotation retires only the old primary capture and preserves minimized satellites (8.6419ms)
✔ matching target URL is insufficient while the genuine native document is still loading (1.1661ms)
✔ native barrier permits entry retirement only after real persisted preparation and holds writes until the fresh entry is complete (412.9668ms)
✔ a failed load cannot lift the paused owner or reuse its old proof; disposal retires navigation authority without resuming writes (357.6673ms)
✔ new native work, Lock or consumed roster after entry completion prevents the prepared transition from resuming the owner (1121.9129ms)
✔ forged/stale roster, copied tickets and reused tickets cannot rotate or activate the bound workspace (0.8096ms)
✔ Lock, changed selected project, policy change and satellite loss refuse navigation completion without a fresh primary grant (1.4233ms)
✔ only the expected finite target can complete rotation; unexpected navigation remains fenced even after returning to it (0.584ms)
✔ rotation validates native option descriptors before retiring any existing view (1.9513ms)
✔ actual setupPin waits for native load before mutation or successful ACK (4.0913ms)
✔ actual unlockPin waits for native load before mutation or successful ACK (1.2006ms)
✔ actual startup services refuse a new access transition while waiting and do not mutate on load failure (2.2027ms)
✔ PIN side effects and acknowledgement wait for the native main-frame load boundary (1.9276ms)
✔ a loaded live workspace runs once without adding a delayed acknowledgement (0.2247ms)
✔ load failure, crash, destruction or navigation refuses before PIN mutation (0.9973ms)
✔ readiness deadline refuses without changing the PIN and removes listeners (10.725ms)
✔ a main-frame recheck closes the event-subscription race and failed native identity refuses (1.0076ms)
✔ renderer loss or fresh navigation after finish but before continuation still refuses PIN mutation (0.4578ms)
✔ native did-finish-load can precede the end of main-frame loading; stop event completes the gate (0.2109ms)
✔ factory opts Code/Docs/Diagram into the same owned surface while presentation roles stay isolated (5.8995ms)
✔ a failed surface load rejects only after actual renderer and shell cleanup (1.05ms)
✔ a failed unregistered surface cleanup preserves the concrete owned handle on its refusal (21.3023ms)
✔ synchronous epoch retirement refuses confirmation while a surface renderer survives (6.7968ms)
✔ a factory error cannot dispose a previously admitted surface using a reused native handle (1.3209ms)
✔ async epoch retirement fences before awaiting and confirms only contents plus shell destruction (0.8401ms)
✔ async trusted discard retires one surface without renewing another primary grant (0.7422ms)
✔ timed out async retirement retains its fence and a later actual close can recover it (15.8121ms)
✔ self-close waits for contents destruction before issuing its one-use native proof (1.2996ms)
✔ an older async retirement cannot confirm a newer epoch as its own (0.5722ms)
✔ external shell closure retains its surviving renderer and fences retirement/admission through timeout (16.9183ms)
✔ external renderer closure cannot forget a native shell that refuses destruction (1.0325ms)
✔ surface initialization failure retains unadmitted native handles when cleanup cannot be confirmed (31.1684ms)
✔ attach/detach moves one native view with the same contents/frame and restores focus (4.3117ms)
✔ retired authority cannot attach, detach, resize or focus a surface (0.4433ms)
✔ focus restores an authorized minimized native parent before measuring its zero-sized content viewport (0.3212ms)
✔ replacement native frame makes transfer authority stale (0.2741ms)
✔ a destroyed host or contents cannot receive a view (0.3338ms)
✔ unsafe or undersized viewport refuses movement before native ownership changes (0.5321ms)
✔ dispose hides/removes sensitive view immediately but waits for actual contents destruction (0.9928ms)
✔ concurrent disposal requests share one contents close and one confirmation (0.3251ms)
✔ timeout retains actual handles, refuses success and permits a later confirmed disposal (16.616ms)
✔ native close exception keeps handles fenced and can never confirm cleanup (0.7933ms)
✔ a shell closed outside the controller also removes its view and closes the renderer (0.2894ms)
✔ failed native reparenting is hidden and fenced rather than reported as attached (0.4673ms)
✔ secure preferences cannot be relaxed by the surface options (0.373ms)
✔ external renderer destruction conceals its attached view and closes the empty shell (0.1836ms)
✔ host destruction disposes the attached view rather than stranding its hidden shell (0.2239ms)
✔ a failed view constructor cannot leave a native shell alive (0.3338ms)
ℹ tests 1716
ℹ suites 0
ℹ pass 1716
ℹ fail 0
ℹ cancelled 0
ℹ skipped 0
ℹ todo 0
ℹ duration_ms 187713.9999
